,swiss_bonds,swiss_bonds_1_5,swiss_equity,sli,spi_extra,world_equity,world_small,em_equity,real_estate,world_bonds,world_bonds_1_5,gold,commodities,infrastructure,convertibles,managed_futures,high_yield,em_debt,cash
2008-01-31,100.51999999999998,100.0,132.1579235227528,123.29976767899755,185.01219456076572,119.30014911106473,119.53107964932276,216.55161623943397,135.7089425365522,129.38111491457076,92.2301701987606,197.73429380020164,118.0203997677758,100.0,,96.4750476570487,101.39589542911638,,100.0
2008-02-29,100.42,100.06935499851382,131.19061650718007,122.07260819746236,189.6479683401592,110.53351971986778,112.26026019576231,216.50069412390084,139.60557633458006,129.68280467445746,92.44523170847124,200.66261003234467,126.50104974877054,95.45664511538476,,97.52724792625176,99.47933296903663,100.0,100.22916666666666
2008-03-31,99.87,99.6334092935698,126.37676428065684,117.13883545155424,183.3988311628549,103.59056665482592,105.15655965924763,194.06981966211825,139.67358041482487,129.57094663212175,92.36549297465731,179.99145714662265,119.60783587424464,89.67378260805387,,92.40955439660272,100.46194581505344,100.13487480715226,100.45885850694442
2008-04-30,99.61,99.60368572277817,133.44045857517776,125.15154477698236,191.88808614421797,115.47692122807356,115.83425121728874,222.12892368349603,141.06086365181912,128.7795187825406,91.80131847890416,179.53103606275295,131.99548280909357,97.367069317722,,96.58122581705976,103.93731334024486,101.36061486524136,100.68907672435617
2008-05-31,99.48,99.6135935797087,134.26467283696755,124.53545260546429,197.37425797248173,115.51741401984576,118.16605302771764,222.89044606023035,143.03298197891874,127.53085013102944,90.91119690028913,182.60655804300308,142.21739821291675,100.28047971011074,,99.32633966759371,103.4737273180794,101.52994101752786,100.91982252518281
2008-06-30,98.9,99.19746358862578,124.13073801942669,113.3563026270144,180.5273572316046,106.8753420484558,109.20953155106284,201.71862687332083,142.61815708942535,127.1141318617082,90.61413656864947,186.81105949078972,153.72542979963782,91.31436738897324,,96.41623202082432,99.7361575395208,99.58191372288825,101.15109711846968
2008-07-31,100.55,100.30714356484692,126.44057304938076,114.303531068992,174.8249045142883,112.44900686839804,115.66476204715744,209.5118715066118,141.50969058143488,128.0197956039492,91.25974486430289,188.8917762818153,142.28901393878937,89.77121689304009,,93.0290701467222,100.3871894290531,100.42868519891042,101.38290171603283
2008-08-31,101.51,100.98087783612404,128.50322859650387,116.71165915039894,180.22272329851364,119.40101494507908,124.45644113503748,207.70562032269004,140.40802448146889,129.29709753644798,92.1702778637082,179.63346917402853,139.42778566769567,90.05798641307679,,94.28188087851125,99.54871868693822,101.2099020013862,101.6152375324654
2008-09-30,101.0,100.3665907064302,117.94934304526818,105.41974413152944,163.2092402558557,110.88476880695656,113.7444353957783,180.65410808688125,141.95851751105064,128.0516984291326,91.28248700096192,190.88593986487464,127.72454438774842,82.54872696337301,,98.9580583400884,89.00310572519233,94.0416700352538,101.84810578514396
2008-10-31,99.43,99.2271871594174,106.94540428472703,93.7141085075741,131.7702820855,93.21250401980788,91.28542979555776,136.1955868712326,133.47840870452225,126.74160197757888,90.3485762151152,165.59013623496074,98.98499911703156,69.77418128158709,,112.81209489076365,78.92349099633097,75.92103731510605,102.06028933886302
2008-11-30,103.51000000000002,101.69424353512336,101.3370162934949,87.43167554952853,126.73968064055956,95.58584196951652,91.54750011692416,138.05030824766845,133.96803808228492,130.25061551646414,92.84999936435021,194.99579706162768,90.73837292444615,67.06041424113174,,118.7503228282122,73.32323260689647,83.1856113392433,102.14533957997871
2008-12-31,104.02,102.79401565441395,96.8275806513158,85.24145615860903,124.23450370438545,74.87536800372216,73.66684165233079,113.1679559954242,136.3549812988779,132.93382145316377,94.76274018733304,180.6299551161092,75.47531008719444,64.2011419151531,,99.6198987714571,85.6397096554914,97.93858133630545,102.18790013813705
2009-01-31,104.62,103.44793421182996,92.76056660490713,81.13843598557717,120.63871888086145,83.60029053867235,83.24500100731792,129.39545191755312,140.2856171370282,131.61391636902255,93.82183725387992,214.35612651719404,81.10417301399954,62.8267621081093,,112.09869905722864,84.79895013940234,91.14965959474873,102.23047842986128
2009-02-28,103.63,102.7444763697612,83.31008517728662,72.0780430372029,110.59960425199024,75.30784756860378,74.79757568646286,122.4357645525336,140.1428085685141,131.55268672317365,93.77818930215541,216.8615220383039,76.32945247885239,55.19351493814695,,112.2316633825292,76.58649234370039,86.06830079256828,102.2730744625404
2009-03-31,103.66,102.79401565441395,87.70737849835285,75.25309323325659,113.6348994523952,77.65267933036726,77.60653406201588,134.28432683745294,143.61101666099964,132.61449597003906,94.5351069374817,205.8295762920797,77.79414151465518,57.382661338710285,,104.74924573888968,78.06326971629363,90.48315779680802,102.30503479830992
2009-04-30,104.64,103.94332705835728,95.1306065860825,86.65208615850389,129.92131057015325,81.0996691004713,84.87462894123281,146.92801640414643,145.99795987759265,133.08134725036288,94.86790491244277,199.19417295437245,77.80506460022603,60.78055304341744,,102.6516319551692,88.8881478938032,97.4939959032598,102.33700512168437
2009-05-31,104.92,104.99355989299517,97.83643756280182,89.93421426093539,136.5008513183931,84.30230884874467,87.90101125623774,163.9509949018656,149.83339000340018,133.2453198456379,94.98479384465003,205.7306114809105,84.75663516702627,65.50092884483935,100.0,100.00524746796822,91.44483189816916,100.34142327640198,102.3689854357849
2009-06-30,105.93,105.59793916575843,98.84296259237432,89.48663365816225,138.02402098384795,83.98096911152521,88.94916472620108,161.880800238461,149.81298877932676,134.44108132743494,95.8372002028429,198.1892407930445,83.88295710363484,66.57800366103073,104.77649668150686,99.53205966055523,94.52882206440611,101.32500312480022,102.4009757437336
2009-07-31,108.33,106.78688199742396,108.31379498942172,98.66326069359909,145.55703833233628,89.0727294745907,94.6116631070568,176.1672284455169,150.77864671880312,136.1621495766931,97.06407491062058,199.5983041299112,84.04767202652411,69.5705847291846,109.82315875075156,97.90954635531048,101.08908848392734,104.49924919228322,102.43297604865349
2009-08-31,109.36,107.52006341028437,113.33306481359784,105.81498417904484,153.64410289448256,89.94452165771418,97.33085253639186,170.2749328329826,152.62835770146208,137.50107746342815,98.01853837276478,197.83549698065949,79.89998924969416,70.42857497140251,112.02071626229288,97.17335841328892,99.39468979982006,107.06638494407008,102.46498635366868
2009-09-30,109.96,107.8073912612702,115.77390920923764,107.67696868396985,160.7399567438222,91.1048523601916,100.38475763913644,180.9400034812274,156.14416865011898,138.61539757162035,98.81288871749885,204.7291936330896,77.9487660059501,72.77096853687199,114.3609833128666,96.4269816604058,105.17946761929686,112.66971996542664,102.4970066619042
2009-10-31,110.13,107.96591697215892,114.52889625669356,104.7659654987543,154.6178270673232,88.62503444871811,95.50969200149252,179.4578162327756,157.52465147908873,138.87587125922036,98.99856908171206,210.6883524121979,82.70240786115316,69.1219677342871,112.3154885763208,94.3413193376097,104.63023292810004,112.09331424322448,102.52903697648603
2009-11-30,110.71,108.19379768156148,114.22765951132234,105.88013918235622,155.39183654686855,88.73584953031765,94.02747112438996,180.04263159530996,157.14382862971777,140.22797639983554,99.96242603508504,232.2110884120636,84.48285951665814,72.04935611008163,114.50648955614211,94.38085924203084,106.41452364646268,113.00833504423728,102.56107730054119
2009-12-31,110.68,108.2433369662142,119.27363998287126,111.011721172748,161.06483824950533,95.94222270500384,104.43618813901668,199.08709656115985,163.09418565113907,138.86517093276134,98.99094128432333,222.16483856430636,86.96085742144315,75.24687709259462,121.83525416740356,94.59034059353549,110.35774841793224,113.299998844384,102.5931276371976
2010-01-31,111.66,108.85762409590804,118.0820483250728,109.18391203338696,165.19902443513874,96.80763910641204,107.26397646661796,197.81726943802207,166.50119007140427,140.28068541535598,100.0,224.8425045904044,82.1431931653919,74.4310094316991,121.20682043476847,92.79145122803656,108.35801870127612,112.71132671406708,102.62518798958422
2010-02-28,112.52,109.40255622708808,122.17513705105974,111.63131392769664,164.15811513506054,101.00672999574618,112.89814937495608,204.2193473168374,160.48282896973816,140.9266680867717,100.38467878229405,235.09732413352623,86.61150788857324,75.60994244532357,126.30968758575432,94.64260235845066,110.41061845258272,114.2327904834175,102.65725836083095
2010-03-31,112.68,109.44218765481024,127.35975850182946,117.80162309333836,176.81560903778015,105.30562808787856,119.40219319035384,216.6623948544375,165.69194151649097,141.1690106656495,100.50324007967636,229.80440906398508,84.63871819699314,76.95518164610388,129.34218353787833,92.48807708359963,112.78918206196042,117.23724357355378,102.68933875406871
2010-04-30,112.92,109.48181908253244,123.95796676856284,114.68916290853282,177.70742257604346,116.52163630780356,137.15622278808658,242.56493042519293,165.06630397823866,141.93031907779036,100.68634479690668,248.39147203988827,89.78075996140686,77.50131044805495,133.8116941180888,93.38649355659363,114.98323317439528,117.8593729709377,102.72142917242934
2010-05-31,114.27,110.1159219260874,117.91881659112782,109.34534884943284,168.90801159633705,105.45544993244572,124.02739995883904,221.51219448367797,166.9296157769466,143.0273997711319,101.07052709135571,275.1755983237823,86.72297207108225,74.47836310917779,134.51048404450265,99.76190896465704,109.63124580031068,115.73963841147452,102.75352961904571
2010-06-30,114.52,110.01684335678192,114.6399786314821,105.62739285376392,166.90442225392297,91.95786876639016,106.76764330845953,198.58254155500003,164.42026521591296,144.15172666610522,101.37358327193434,262.5354912074831,79.39983246508403,68.47338213021679,123.17538763286085,93.28334929514438,110.87224369811668,118.53493489888788,102.78564009705164
2010-07-31,114.82999999999998,110.3140790646983,116.37723065703952,108.37862016041714,170.90791956191617,94.6853751224663,109.57498806695612,205.00647887757103,167.52805168310095,145.23097348201503,101.86868095095294,240.74146150860904,81.40534203164371,73.39192519367099,124.9258338113938,86.0390120881094,116.60887087565544,123.3637245522846,102.81776060958198
2010-08-31,116.56,110.8788269097394,115.8574329795939,106.20132034017682,169.02949703188992,85.03924871014522,97.513334246869,187.5655459299345,169.00374022441346,147.52688704715575,102.30717901564331,250.52920102355216,77.72621924969891,70.87246513396977,122.45886934764732,83.68957796617049,115.47923362963992,126.58233946796273,102.84989115977245
2010-09-30,115.82,110.75993262657286,118.59993809913465,109.94320224541929,177.16073811605543,91.07612197565052,106.51684912680756,204.18191219790552,172.92077524651478,147.17932459143083,102.20470392443852,250.09000158547985,80.4247519365289,72.46642193560433,121.90689521147183,81.50103058774046,119.72744532045404,128.64700281546698,102.88203175075988
2010-10-31,115.84,110.86891905280886,121.99219031548245,113.5718775952148,182.81901431135245,94.90933336275256,111.2333417385242,211.134203318968,167.97007820469227,147.00158027969465,102.49534790889248,262.7715314260831,85.11883523427895,77.00552078901308,127.7753235984737,84.85482972495241,121.9519916638396,131.17457897387283,102.91418238568197
2010-11-30,115.45,110.88873476666996,119.8265079856356,112.7353643024588,185.14472412682343,95.8470218547986,115.369418170021,212.16905497806587,168.11288677320638,145.36145801855713,102.05506248796016,271.38814180380393,85.71622417466041,73.66794835499726,129.66081256181172,83.91276587569875,120.4228195745978,125.39713197235096,102.94634306767749
2010-12-31,114.72,110.67076191419795,122.75492769046174,115.46169857138352,193.37536238553216,89.75894018261405,110.08803538073283,198.60083784974051,172.40394423665418,144.6635589483957,101.8602406575882,259.506957882086,87.92900616628859,72.73288959535864,125.56641079154494,82.187855069773,123.81119799236696,125.89143887881214,102.97851379988614
2011-01-31,114.56,110.73020905578124,123.27069757187496,117.40258811904086,191.28065896645347,93.37176971586943,112.99321354695556,196.5343127470732,177.29343760625636,144.1569777522379,101.79222182282533,244.84888813396077,91.76810554075767,75.99809167442318,127.934559532996,83.11904342896437,125.88025863004712,124.6125415133868,103.0106945854486
2011-02-28,114.58,110.85901119587834,126.1823701247769,120.53408601133222,193.01458745570844,94.27339756408156,114.6541414603632,189.853362190494,180.17001020061204,144.3827744559429,101.83015349418214,255.73276082407307,94.19504323406682,77.21240198360078,128.42924868826464,82.94586309669249,127.71340697908175,124.56176647868666,103.04288542750655
2011-03-31,114.28,110.68066977112848,122.77464269209406,116.37346915176552,193.54746675256544,86.71380242808543,107.7674859551108,186.7092456609863,177.46344780686837,144.23911266552068,101.7863632662545,257.1879426433726,95.71939609046098,75.30873636383758,127.13745855220807,82.73243008611514,127.79424950515748,126.52139743383654,103.07508632920263
2011-04-30,114.14,110.85901119587834,127.46999291955854,120.46885742218296,198.439096221987,83.50332305086363,103.30524013081704,177.85138173340437,177.40904454267255,145.46974928540646,102.22198170144397,266.253041992726,95.10130125985708,75.16641552140013,122.93415073418204,79.62901321923172,129.86231894323802,128.7069943495683,103.10729729368052
2011-05-31,115.79000000000002,111.73090260576636,127.68198218442215,119.11900932437688,195.48387096774195,79.11784799764801,97.847377246115,167.4870579142356,179.57157429445766,146.83493260280486,102.73713748939996,254.8324724412257,87.88871282015486,72.32939032421143,119.81607316125304,75.39821179104142,130.06259186433874,130.597249353349,103.13951832408479
2011-06-30,116.33,112.18666402457148,120.50529761172896,112.4333364870121,184.33942294418117,74.06546816429717,91.04592594530256,156.9330386673434,179.4831689901394,146.52462313549287,102.72422880543036,243.48971863754704,82.39995113947928,70.21861730889847,114.45641445201164,72.47409221572144,129.34752500237724,131.4369144399835,103.17174942356107
2011-07-31,117.99,112.78113544040424,112.68183379193675,104.34732515479308,170.40449127973864,69.7043795382155,85.22231413429951,149.8554886551902,182.46174770486223,148.0567513610716,103.18874283319796,253.89381395934396,82.86195929600633,65.41745509187804,107.32379534904636,69.48466726566197,129.83345193109298,134.05752533710444,103.20399059525592
2011-08-31,118.79,112.88021400970968,107.04122343244538,97.56891313717452,159.05848787446507,72.64480285310295,87.65153231074092,153.03657049752047,184.71268276096563,149.81863937422906,103.71273610479469,291.4096115677109,84.37222769704485,62.9170750475037,103.40572574967612,70.33405431462477,126.2914015586618,134.7484599224346,103.21474101094293
2011-09-30,119.7,112.93966115129297,106.13157749691555,95.68882651613106,152.26634761400766,71.83986934612288,84.2264555918518,141.52147592890284,184.3590615436926,150.6684236338507,103.46707391909632,284.0206682908434,78.9415857374463,64.6322180499191,106.75486322111438,75.48483695538528,119.59610741320914,128.29418527107964,103.22549254646489
2011-10-31,119.63,113.14772614683444,110.48689694353877,102.26314295625846,160.89825594772446,76.59103577458035,90.99169768829444,154.783605745266,184.69908194491668,150.4479770933752,103.55554805307256,288.860898131679,81.63622293647246,66.93627166856116,109.940275898009,69.83683125200018,129.75189530275563,134.9063228629298,103.23624520193849
2011-11-30,119.03,112.56316258793224,108.77826346873796,99.69128638556876,156.27352629883578,83.60310022349134,99.34295961772722,161.73298236738313,181.3736824209452,149.52140808370032,103.14078210737246,313.7334079187754,86.95980130841771,71.0500416210016,114.15863307082432,75.14053443478592,126.60285187110776,133.17022351395602,103.24699897748033
2011-12-31,120.26,112.98920043594572,113.27688765840898,102.420437940858,156.39409139017994,88.01238061816899,103.77286299644246,168.5761416918654,184.1822509350561,151.70992207586335,103.8046856536858,286.06273925468906,86.18454499785852,72.31354253088001,116.62321502196744,76.78656448009849,132.36597025600528,135.71657866319654,103.25775387320715
2012-01-31,121.16,113.49450113940354,114.73918960743828,106.15667476110885,162.70857300630436,88.26653523403574,106.5644609004327,179.16858057910875,186.5691941516491,153.1123583816747,104.49708760230132,309.4792779453077,86.78862828319033,72.19724467245933,120.30864436082427,73.32805534451465,134.30487783649693,137.2623741485113,103.26850988923562
2012-02-29,121.81,114.02952541365303,118.3815891563251,109.75138499059152,169.18687589158344,89.0014459253419,107.07220545013026,182.44237195641827,188.90853451207076,153.5986287729797,104.77889410311457,294.0545058014517,89.53262492779992,73.20126709535211,122.0274336383381,70.27712982835975,137.1283573086429,140.65391499884652,103.2792670256824
2012-03-31,121.72,114.16823541068068,121.16861202148723,112.55534180621696,170.6042059730339,91.71372823195392,109.98148095946884,179.41972277668927,190.66303978238693,153.32567137117746,104.84721083058444,292.61430576832834,88.68540102100954,73.96396143648076,123.8442562428409,70.53064102656339,135.821426090654,140.48317674532177,103.29002528266422
2012-04-30,122.05,114.23759040919448,120.778763763403,110.81466881116825,172.46238093046802,97.80300228187888,117.7610158373062,191.2172830494825,191.8667120027201,154.23311850116167,105.0802622250202,293.9537554225592,88.0151965359724,74.64387705662827,122.03687829778367,69.7516530939225,137.3652265596755,142.99338557607894,103.30078466029782
2012-05-31,123.23,114.63390468641632,115.66261484518424,105.44927307704435,162.13611890847176,93.56142169886895,112.25000349017868,177.7584170360346,193.54641278476709,155.8848327826298,105.12286088211988,294.61761232739394,83.67433161498906,73.62345543441036,124.12897796030582,74.9710251213826,132.94087948050068,139.0314477730055,103.31154515869991
2012-06-30,123.03,114.98067967898542,119.4192766078326,108.69301039662768,163.4494500943353,99.56007772936694,117.7659984178704,186.95541567610036,193.2471948316899,155.55708574627346,105.19505021478064,294.3782241519954,83.33353655822108,76.08149309011654,123.66741015076715,69.63097637477463,139.13164512149777,144.68286805767394,103.32230677798727
2012-07-31,124.32,115.62469037947092,125.39864581257604,113.63874609732252,167.71156412498277,101.77687821870065,118.6837325025362,192.5366544846341,199.5851751105066,157.6078825738248,105.7687915684448,306.87818322574304,91.16886494547668,79.37120204058901,129.29569865893183,73.72243660294428,140.55404822421264,150.09810681895675,103.33306951827663
2012-08-31,124.78,116.03091251362328,125.15273826533422,114.08080776225466,167.80267820164744,100.34377121407528,117.84914677959677,184.56653779678575,195.53893233594016,157.863204252389,106.03073855545868,315.5276519288039,94.37429732118746,78.17538738731949,129.60560650272913,72.23233373670107,142.30340289920466,151.9497097028409,103.34383337968478
2012-09-30,124.83,116.05072822748438,127.42505119540746,116.48394251894835,171.39938336938013,100.60790230333389,119.03716160662128,190.98455325460748,193.45120707242435,158.40981259567133,106.25435668083972,323.7508011937015,92.15949238445026,78.41314604305637,130.51511734257303,69.49170122972619,143.04426311100514,154.66259242910667,103.35459836232847
2012-10-31,125.19,116.2885167938175,129.071995794133,120.0075162677263,172.76333348672406,99.26742674418088,117.55445672422888,188.61058561058616,187.94287657259437,158.77025507398582,106.35047672762876,311.34494653884894,87.75008284525795,78.9298767706753,129.6157120173105,67.20195918882101,144.25164873864293,155.62230853098737,103.36536446632454
2012-11-30,125.45,116.3975032200535,133.03068332619637,124.51595235842608,175.45349960885372,99.89332859931952,117.9114022661133,189.72749277821435,192.9819789187351,159.49401326642328,106.48909613394844,308.40675561898706,89.0414015193994,77.32387883626515,129.94142817248394,66.5639628814347,144.96828198144928,157.01715594232502,103.37613169178978
2012-12-31,125.32,116.4173189339146,133.3522710409945,125.0559988226266,178.11789609313882,99.00062465980596,118.36922581209409,193.8070755060633,195.73614416865007,159.58040849487028,106.6066644556408,295.99182830904954,86.58526539120759,78.77789396666083,130.9202525666944,66.09610793788778,146.99973458333596,158.13921701590814,103.386900038841
2013-01-31,124.11,116.09035965520658,143.9279914865111,135.38441241708455,186.5289218167595,103.37861426100518,124.45333576214568,195.176446730838,195.9265555933356,158.60935386871296,106.4094594836129,293.97746409858325,88.58028276956215,80.48959295949003,134.549854724552,66.32209248597836,147.50363803699193,153.63155682438355,103.39766950759504
2013-02-28,124.95,116.55602893094223,148.91249507124957,139.6443175964763,194.51106713911005,108.69942279175147,131.67500942456056,202.20212287360943,189.80618837130228,159.54474074000683,106.75144031123828,284.3862848297068,86.03351986662504,81.58777179850213,137.87856971526847,67.50181619286944,148.8793498449735,154.03733504010958,103.40844009816873
2013-03-31,125.01,116.69473892796988,153.55357604690897,142.310795042417,195.8584510606967,114.35832020138896,139.99796008286856,204.29358026238847,193.3015980958857,160.32378395248264,106.8505392850972,293.7258238458328,88.60874575679617,85.35915716114054,144.30025832535262,69.67990132261211,150.178230408663,152.5948789131511,103.41921181067892
2013-04-30,125.93,117.0018824928168,157.39948529006492,146.42757576713234,197.68349362661635,118.01882132541527,141.76341591149318,205.93922262084476,194.4304658279497,161.99372841976984,107.21585504143688,267.8264926197203,84.07701675673208,88.07372916743765,144.78820653884168,70.33217599958232,153.35911392804468,158.03773035521164,103.42998464524254
2013-05-31,125.09000000000002,116.87308035271968,158.88701396161298,149.13076203391256,202.484929363582,120.87163289617666,146.70019503291957,205.4162505326653,194.17885073104387,159.55762076259643,106.80367083253068,255.6747540098435,84.23092665675142,84.40061299687474,150.38122439681624,70.2115727867865,149.40052970273155,150.25398606296773,103.44075860197641
2013-06-30,123.14,116.25879322302586,153.64176358109225,143.2083530438256,195.7719387050757,114.62488669664116,139.4369144959202,187.05845606069727,185.76674600476028,157.32115345556144,106.26001664227256,225.34951155198365,81.11507041035146,82.38478251311484,145.643407702016,68.96583634253646,146.8776621621658,143.58149544129162,103.45153368099744
2013-07-31,123.66,116.66501535717823,156.8421655127384,148.07219821922274,203.78445538631448,118.69126560622628,145.95987525072377,186.03752071490024,189.2077524651479,157.895998771444,106.61838156878244,238.1279243803636,82.32642798071129,84.39749026371554,149.84868133564373,67.4239469800291,151.06960285301747,143.80526014753318,103.46230988242253
2013-08-31,123.46,116.7839096403448,155.8952094665926,146.0355209351709,205.5993741659381,113.65496338970767,140.03518693001902,178.94701085702934,191.28187691261476,157.25397918390195,106.4452066084518,250.6170074594659,84.67628361145366,81.54993932627646,148.7084098850974,66.46603996016356,149.147884169516,140.3093974476585,103.4730872063686
2013-09-30,124.02,117.07123749133062,161.3499052407986,151.41132380922346,211.81077723068427,115.53148154010182,144.91659794289987,184.5329855482578,188.4801088065284,158.46321515086964,106.8607669347039,232.2712283127136,79.63823959352791,84.69184108303979,148.7861354781869,63.95434893064801,150.31325388240185,144.73121598094693,103.4838656529526
2013-10-31,124.54,117.30902605766371,165.96724341879326,155.5081102105606,219.9254521190925,120.32729607083152,149.6980785168107,193.98944973324183,185.04590275416524,159.8488083502177,107.26282279157242,230.2081367624401,79.17200386734802,87.39537138740589,152.08557711553618,64.34171018379932,154.09847401792604,148.40011877083273,103.49464522229145
2013-11-30,124.87000000000002,117.51709105320518,166.77810235689662,156.12369779347608,223.08131241084163,123.75470086055005,153.99950524026536,193.1695476731432,188.43930635838151,159.59279313197564,107.43530266892006,218.89092032532648,78.92809319480166,87.00328599916307,154.575695224383,66.66307918991212,154.82767078180518,145.39903863082435,103.5054259145021
2013-12-31,123.68999999999998,117.22976320221936,166.15718580011108,155.77060140654072,227.3830012424647,121.56699750942175,151.6437845481791,183.44635284360655,190.32301938116285,158.6979287932905,107.17186621837124,206.23349238670545,77.75161880139973,86.71895653345348,153.36938230561287,66.85943408737754,155.45730945431723,145.815352894858,103.51620772970152
2014-01-31,125.73,117.87377390270484,165.99840584072822,155.3840550001577,229.35898025861675,121.51216482168712,154.45543844100007,177.96711845768252,193.84563073784423,160.97511678712792,107.65911938943913,216.9552823739351,76.68571086346903,87.05622138064949,157.8786776887465,65.17770421994726,156.07659728558724,144.62900882671605,103.52699066800668
2014-02-28,125.72,117.79451104726049,172.99256765637386,161.62408149105931,237.98076480603748,122.43520613570998,155.96638124615447,176.31996017406232,193.9204352261136,161.71522270054442,107.85453700522504,226.93894900192225,79.27392032283373,89.63596994955853,162.66741175047122,64.69979978424864,159.67965261606355,149.61104383267278,103.53777472953458
2014-03-31,126.1,117.86386604577427,173.87741084791466,161.76615471948028,240.64516129032265,122.75931424907726,155.43325811072387,181.90083692575192,197.34784087045225,161.83510598772435,107.80508681586456,219.43702936579905,79.10977252004055,92.71228744071576,159.24995789009265,63.198904108605646,159.54940453043403,151.39239391842773,103.54855991440223
2014-04-30,126.92000000000002,118.02239175666304,176.6654936594011,164.38800761087808,243.5295200404952,125.51243702978184,154.65604403077847,184.7272124769572,198.6331179870792,162.9140555723436,108.04131573250824,219.62471515487985,79.66338664291732,93.6882521175454,159.6061446792074,62.85195809327594,160.22023405064257,152.9949867511911,103.55934622272665
2014-05-31,127.71999999999998,118.33944317844048,181.42020088102737,167.9163013655429,247.2661175279555,129.6473111452378,158.36361641207966,193.5907103222504,198.4563073784427,164.46481029212882,108.43175377380412,215.94608407700963,79.63160344104905,97.58125769128203,165.20846776012706,64.41634428689714,162.1532536526015,158.29993385936407,103.57013365462481
2014-06-30,128.08,118.3889824630932,179.25091473367786,165.64124801581045,246.67341585753076,133.77966601919294,166.83026598508016,201.5045040060078,199.49676980618835,164.97109425699608,108.53293799661196,228.377839530062,80.88425258532862,100.55069178547237,168.10653554766543,65.8691501272441,163.14545929195435,158.36867081395346,103.58092221021383
2014-07-31,128.58,118.36916674923212,176.5804859641908,162.28452489829385,245.6702406700106,136.64062971669324,166.1639537971202,213.32373526471687,202.9037742264536,165.28596127076284,108.49024004194328,224.45594448006952,78.58062482311738,99.88785337122336,168.87353704474512,67.487655003626,159.1780493493503,157.97028467474868,103.59171188961072
2014-08-31,129.8,118.51778460319034,181.59530401380476,166.38978418324976,250.7790713726934,146.22431932917854,179.31211861296617,228.463371292208,202.41414484869088,167.2772127631116,108.81623396096016,227.79287976258183,78.53632848740138,103.56086010594665,176.25763970220493,70.51904083939303,162.96684477544844,159.97636324381068,103.60250269293255
2014-09-30,129.4,118.46824531853758,184.33759714408063,166.6813733219801,246.47094013160924,149.13946637171236,177.44869928249273,221.81812199280637,205.6579394763686,166.70831207303965,108.76171959558086,221.2121517406569,75.40990622764275,102.71110527587892,177.42682748554466,73.93066672944461,159.7356571677115,156.52261666598974,103.61329462029639
2014-10-31,129.86,118.54750817398195,184.25746520196216,167.0423013445184,245.3379964106576,151.60145074591804,182.2318869026781,226.71245676259903,208.56851411084665,167.8861406003081,109.05425023384576,215.6272777302148,72.88343164781844,105.34163767917777,179.35141811066148,73.35643740497922,161.42976985303108,159.61252336601953,103.62408767181932
2014-11-30,131.01,118.67631031407906,190.63982599921135,172.49571625300914,252.47802678201649,157.50924060536576,186.3977821479559,228.46413727111948,208.66371982318933,169.42847376686169,109.31927544549852,217.20039408872108,67.49515463939976,106.5568334489118,183.7262465716874,77.81989737853277,159.6844280041728,158.94903303440714,103.63488184761846
2014-12-31,132.12,118.97354602199545,187.75952785750928,169.83019542296088,253.22718696792603,163.17818997328882,197.3560526381769,229.68770191884937,218.8439306358381,170.25081367065783,109.18979141552656,224.7639948700151,62.29051493904451,107.68964144925508,184.0546506913012,82.22130804762209,158.35213489682656,154.57966586899633,103.61329124723355
2015-01-31,134.82,119.53829386703656,175.15888595401526,156.01833338589466,235.4995168192904,138.27059497167127,167.21737699692827,199.41438693457968,229.0105406324379,173.12117624329372,109.7360273425786,227.32773443358428,54.66523373218261,100.49512448485072,168.82364413504175,80.09936796048156,159.35004695661527,157.35543636257714,103.54853294020401
2015-02-28,134.22,119.72654314871691,189.13215834750127,169.86890157368572,260.1352905986839,157.5377721950783,191.029947670397,221.2072472457343,237.47024821489288,171.80315362399253,109.50297594814285,221.7359900216132,59.17457040246651,104.24886749525912,181.57755161139363,83.3286585314312,162.78927098954998,158.75093189143217,103.4838151071164
2015-03-31,134.74,119.72654314871691,193.699679048253,174.741987027868,265.29474023284706,156.49831778857885,193.1383478755634,220.02092778681535,236.7018021081265,172.5674343490387,109.6066426101756,220.1032355187669,56.39660055061376,104.6072734078042,184.07764044371103,87.0727879752991,161.12758945835918,158.67199667473972,103.41913772267446
2015-04-30,134.46,119.80580600416128,195.20374288246043,175.62026553975215,268.72118172196406,155.25972302490757,190.16520456132585,229.6751634829377,239.1907514450867,171.42269757211574,109.49374127422612,213.58862341028683,58.73696012327456,106.22562426991912,181.6168666056629,81.0009854516731,162.41414049941983,160.51307294542636,103.35450076159778
2015-05-31,134.81,120.11294956900822,198.793781082926,180.98156149147985,268.9383829552253,153.99785599557552,190.6105164711853,217.9093161731861,222.7337640258415,170.52109599084528,109.45789485181822,215.39120534256844,57.03763246599722,105.09268666925556,185.5814882785795,82.08008507220697,162.87314015425903,159.90055932118202,103.28990419862178
2015-06-30,133.49,120.13276528286931,189.0651697398044,172.9767784120176,256.24315493994754,156.48728406113867,196.49719341821591,220.92378858798412,225.1955117307038,168.25262678153004,109.0975439739284,208.27881305471135,56.92038740906092,98.42815567845145,176.5131284966917,77.20305221894954,159.68073463577136,156.8829061615999,103.22534800849765
2015-07-31,134.35,120.03368671356384,202.64499005770347,184.70148328024644,271.5135060512632,163.61088382756935,200.9132860111405,211.3415197103637,232.3903434206053,169.75899496192963,109.25026363504568,203.39497814403992,52.01994658698248,103.41697589652834,183.7289711154352,82.97838706244205,158.77840042681933,157.00071233617885,103.16083216599235
2015-08-31,134.67,119.90488457346676,190.46408689863944,171.44904180726817,260.99949381068524,154.90100340077245,192.8774297995676,194.96660924022157,222.7473648418905,169.1266849298782,109.09009665625366,209.36684870103423,51.501843396634285,97.21502083242328,177.6216003683225,78.14708426137466,156.24413553380535,155.1170296251864,103.0963566458886
2015-09-30,134.58,119.89497671653622,184.0028660948609,163.51182103924228,252.97133127789792,153.5008464503037,189.98324024215245,194.60508274791763,221.7681060863652,169.97141625756083,109.2523488839946,207.7136493447612,50.24156172893879,95.87852844025728,175.1736859252403,78.65033678771509,151.45869957263577,153.34671934645775,103.03192142298492
2015-10-31,135.8,120.32101456454969,193.61997108466423,175.60990044887362,269.31020201555384,168.01854783841682,203.7233803264141,211.4816154560068,225.1343080584835,170.352863080406,109.2620800457563,216.3292889989776,51.32622956602045,101.81800304241148,186.3056449290772,80.49363795891651,156.2413903090483,156.9552614916986,102.96752647209556
2015-11-30,136.69,120.7371445556326,195.72841631299792,178.27063819945968,279.0281165155768,181.74718624276187,223.90646500270532,220.9396466077741,223.46140768446108,170.2699355503485,109.15811549101656,210.18977309566603,49.92697056351542,101.69708914678716,192.82673960990303,86.89571031335376,152.22768039210084,157.32013230278622,102.90317176805048
2015-12-31,134.46,119.69681957792528,192.78240149918807,174.9204221724642,281.11177580415074,166.99058848836103,204.14408083266324,202.2475627458604,227.98367902074125,169.3642718081075,108.7469242578003,200.66998335811687,45.08111512668612,94.61081424146654,182.4889331963264,81.55364359905305,149.05223799656173,154.7863464781337,102.83885728569547
2016-01-31,136.77,120.12285742593876,182.53759629612355,164.13768961493582,270.92080438083843,166.802432153029,200.04318478342705,200.95041588571672,229.6021761305678,171.6651392280903,109.29723138518123,219.34279398391175,44.71715103100969,97.9695721150459,179.1744157147304,84.63916616473703,146.52636152067367,154.6997505108033,102.7745829998919
2016-02-29,138.44,120.50926384623004,174.87800017807095,157.37171360391898,270.6953200496986,157.41827868089678,191.4474620599718,190.69050691717027,234.04964297857867,173.0835269464934,109.47695998506563,236.71523818592271,43.40162091166003,95.57672752286236,175.70710922428364,83.04926369181605,148.5821631989591,157.2685711411532,102.71034888551698
2016-03-31,137.49,120.07331814128604,176.30320400574914,159.62340870625584,280.5071096590125,156.1163196576317,192.7574200555744,200.43721193375663,236.61339680380823,174.18060763983493,109.61816112817924,227.2429727604847,43.79868908069257,100.5023754371642,179.17661841080496,76.77700080177684,152.22741287073583,162.33194979333803,102.64615491746353
2016-04-30,137.16,120.04359457049438,181.60738740190197,164.91843535484142,282.9570659426625,164.27093737111215,204.31167800927176,208.75433152482384,243.86943216593,174.2484754511723,109.62233162607713,237.5511222315181,47.788249669792414,102.20502729958667,179.7563116711473,72.81981595238457,156.83799310177383,164.70363402016136,102.58200107064013
2016-05-31,137.64,120.07331814128604,188.403551244165,168.99789754748912,294.10427499884963,169.33451624322976,211.8676189673078,205.9619828764088,241.8701122067324,174.77913238186292,109.5751652808036,230.31291081423916,49.80225970881517,105.17491355846812,187.5283191811021,72.96859221341731,156.95788094632755,164.19382309166565,102.51788731997095
2016-06-30,139.7,120.57861884474389,183.58736713572824,160.01225729813828,284.23174267175926,163.49329749120162,202.96532608366695,209.23092933279017,242.67936076164568,177.77066624393774,110.07602221882402,247.9251537658908,51.33837795246182,107.24069953293578,186.25089172388272,73.2289033935343,159.62516804751522,170.89360133796663,102.45381364039599
2016-07-31,139.54,120.34083027841076,187.14836280690744,164.04635907786434,295.8860613869587,171.8383869673449,215.93901122323965,222.15047345995376,243.40020401224072,178.46579115538756,110.01952190206478,250.30752880628725,47.28031812577092,108.94559841265232,192.62837616302892,74.41873832751341,161.57139872390977,173.0727070039922,102.38978000687074
2016-08-31,139.18,120.2813831368275,189.005176777848,168.94730202781545,299.7910818646174,171.58819140461588,215.71968384478208,227.18670620106684,244.0530431825909,178.0504599654221,109.83145230638462,245.56636120450025,48.31537262608112,108.56374409618306,197.43892186677783,72.81740724433394,164.59910382490875,175.20090664031812,102.32578639436645
2016-09-30,139.49,120.4101852769246,188.3153637099817,168.49838636769795,303.1236482444434,174.7729550961349,221.83248902252893,233.2030121410021,244.81468888133287,177.6911073351729,109.84346731223329,242.98564892081248,49.52608718796131,108.6748378255503,196.3561611495808,70.97661867038045,166.2199865304173,175.7600786670705,102.26183277786998
2016-10-31,138.11,120.16248885366096,181.85923064856,166.17041428826727,298.183240531959,174.9545760342068,218.0821453086353,238.64589504590236,241.3872832369942,175.60355290469278,109.48768412251732,241.02691525198264,50.44889267785007,107.48853018810551,198.48476525650983,69.14476424785347,164.4301217493293,172.55623751194477,102.19791913238379
2016-11-30,136.35,120.10304171207768,182.8085185766193,170.44990381279763,298.6231650637339,187.3303062325668,239.7689425904157,240.3007438936628,239.2587555253315,172.34243026210848,108.70938977671946,226.31468158530103,52.55270788019976,105.63993047889694,204.3674741224681,69.83995964701954,164.30669420183392,164.95214011157708,102.13404543292606
2016-12-31,136.23,120.04359457049438,190.06321519878236,176.3547678366815,305.0149555933919,193.6184704049349,247.81509450755055,243.30550560233496,243.59061543692616,172.37859340245612,108.65715925542708,223.7668726466242,55.16980639187361,109.23487636056824,208.58067269584703,71.20682701095606,167.13975296837827,167.21597380058157,102.07021165453047
2017-01-31,135.96,120.13276528286931,192.13265440238104,179.69953851167386,311.3137913579679,188.6703354597106,241.19995816581823,244.19324935979049,247.8612716763006,171.3789054953112,108.53919374345875,230.0086911322884,53.48789400823441,108.36511391782052,209.21356231278705,67.94615185340368,168.47383768760216,169.9221165536735,102.00641777224642
2017-02-28,137.5,120.45972456157732,198.5720403118786,184.02835157210887,325.7549123372141,199.7570185288098,253.71113375539997,259.2208261986038,252.04352261135665,172.627177838435,108.73202962245075,240.9403815228536,54.197244724271286,113.03076068290233,216.7864775173054,71.65339265145553,170.86150723114858,172.5754768526109,101.94266376113876
2017-03-31,136.45,120.09313385514712,204.3114376687965,189.1409484163277,334.7890110901477,198.69162976167087,251.5286244238432,261.5382231046676,254.7228833730024,172.21650327202113,108.57881347348854,237.7637092008381,51.96986358914079,116.16445952118302,216.66245255711064,70.97510315121546,170.38521744622307,173.2279945242392,101.87894959628802
2017-04-30,136.54,120.10304171207768,211.48282250986813,195.59710702534508,354.63715429570664,197.12657900662424,250.81098391690108,261.2970837597504,258.72832369942194,173.08342786939656,108.73947694012556,240.35826567193368,50.25304568958931,117.12996680456088,218.95967367801643,70.7914196531415,171.54432381281686,175.95595590503638,101.81527525279034
2017-05-31,136.87,120.1922124244526,217.26504169828843,198.3529281907345,363.8267912199162,192.49765740528167,241.2753069308745,257.1746068579159,259.31995919755184,173.720790833387,108.79945267179968,235.62890470908675,48.62562092902577,119.57321768044883,216.864946360268,69.48480527922106,173.08133776017732,177.05784570150652,101.75164070575737
2017-06-30,135.78,119.86525314574456,214.70993508888708,196.6447380869785,360.277023606829,194.60935369545837,246.7928572493973,261.7898877998145,261.06766405984354,172.87932904990018,108.4409884477208,225.6971059809916,47.14535427463238,117.14996279624876,215.09192976806872,66.061442730153,173.04036895317054,175.5114527094954,101.68804593031626
2017-07-31,135.39,119.8751610026751,218.5721675054375,202.53709251842275,368.6567576273527,200.1136824722931,253.4244868933151,278.78478599569104,264.7058823529412,173.092642039403,108.5575637937232,234.2705607067338,49.78276742317689,122.36471613616348,224.81327172547245,68.68434962291109,174.53349788745237,177.30641325198786,101.6244909016098
2017-08-31,136.82,120.12285742593876,215.74613861554047,199.2312592639314,366.0604666145138,202.10874822393444,255.37980884696,287.4969407526645,258.24549472968374,174.3068318612128,108.72279494853407,242.72927788958563,49.699277427760336,123.7167609418062,224.1065582041668,69.48353059034915,174.37514420227225,180.5567766231832,101.5609755947963
2017-09-30,135.76,119.92470028732784,221.4721806487719,206.63093548624468,376.41341861856336,212.98581738610144,273.5998392667425,295.21064767288533,253.7164229853791,173.14762982815077,108.37306891052694,237.20975595929232,51.26155494425999,123.02693151806383,227.7722072752452,70.52618628523264,175.15019375649658,179.9356767281148,101.49749998504956
2017-10-31,136.3,120.05350242742496,224.8018960319849,211.03831719701031,390.2342276011228,223.5243252821886,285.87150385093804,314.7805567007177,251.567494049643,173.539776977455,108.34437191308682,240.287276538485,54.39054896455219,126.3396789148668,236.3927088913937,73.79892485658671,175.0251060494134,180.09200392923117,101.4340640475589
2017-11-30,136.18,119.92470028732784,226.2972683063329,209.73840234633695,389.8550457871244,223.71613614287276,286.1290071577527,308.98940533740426,246.1475688541312,173.45764206417223,108.07855232088208,238.65383634910668,54.33332146815819,127.14940093488838,233.73947627240003,73.33090294008558,174.10795549099265,179.32079989387296,101.37066775752919
2017-12-31,136.41,119.89497671653622,227.92047010739373,212.85427901647276,395.6937094473333,222.4003812125163,284.9058148473222,314.2606370413689,259.6667800068004,173.3363716976365,107.81134256271136,241.11725639862223,55.25918687765363,124.48865800234772,230.50873325337935,73.22190706824917,174.22744734119937,181.2359612518024,101.30731109018072
2018-01-31,134.93,119.746358862578,227.6224132009955,214.8076571320445,404.4388201187245,215.6674439073787,271.7088909898649,313.5952791230173,257.1370282216933,171.7805640459123,107.31545050314078,238.8210329879678,54.58187739243164,120.8920439417454,232.30448569389804,74.7796650412049,173.9988354381847,179.759806426435,101.24399402074937
2018-02-28,134.78,119.93460814425838,217.47194322079525,206.03356565433575,391.4766922829138,210.8150525085259,265.9338274906334,304.96065235684193,254.32165929955795,171.01905747957773,107.13234578591046,235.05674245101716,53.25636007510206,113.252695394124,227.9112402359096,70.86744038721207,172.18149731945948,175.51977934869402,101.18071652448639
2018-03-31,135.48,120.02377885663331,216.01472901412268,202.8668201457,384.5566241774424,219.49144787752851,283.18074294508904,318.52159526892945,254.84529071744305,171.9474098769958,107.13780715220528,240.20616272670716,55.31925366798364,115.51912262721484,231.4280052201011,72.03965962194196,171.44168653839046,176.14217938845545,101.11747857665858
2018-04-30,134.79,119.72654314871691,223.11700535484883,210.42887928768909,398.90479039160647,231.0710845949906,297.37813461326937,330.03922025342973,256.42298537912274,170.85072549204165,106.83475097162672,246.44448103412412,59.25992742800298,122.06233378494912,239.3297403123221,74.35223150339183,171.9243276134891,172.18137903703723,101.05428015254819
2018-05-31,135.8,120.0634102843555,215.48242397005015,203.09052109285483,399.1201509364503,232.3123865991588,304.9124999214249,318.0158676088391,252.65555933356,171.03659412571892,106.79254950480302,243.6130163738828,60.87497225379155,120.08089235486908,248.54116682047072,71.60674808380665,171.67081897309967,170.44561435242528,100.99112122745284
2018-06-30,135.63,119.88506885960564,218.92746151334896,205.9080492394378,400.3902259445032,234.00016372404315,306.2888907573061,307.41566797951543,252.90037402244133,170.87470214947763,106.68183271537146,235.12718763961544,59.774785041456255,122.1373884499633,248.01526750161156,72.24599083126294,171.46489825778906,167.52842332822476,100.92800177668568
2018-07-31,134.76,119.6571881502031,231.02823273029452,217.3636086494897,407.71984722286135,236.44562875307747,303.7452316482468,308.1452670413857,257.4838490309418,170.48077161243023,106.50736688664388,229.4263451540477,58.21199208797579,124.17987037041158,248.843261227564,72.14958313590814,173.96646970322493,171.4728693362877,100.86492177557527
2018-08-31,135.68,119.8751610026751,227.6836780985411,212.11223942729197,410.64470111821817,238.35493409383383,309.037865493762,298.6131239977749,251.4858891533492,170.55359327860975,106.53804983546394,220.0945112022961,57.49439076053109,118.58749628578968,249.68895268899965,72.77062601945904,174.81725713412538,167.12108349288508,100.80188119946554
2018-09-30,134.59,119.637372436342,229.1141816578408,214.6277397584282,400.9396714371175,247.45538538886117,314.5061478007411,306.75500148636803,248.3100986059163,169.45284673268503,106.24462551907804,221.6040828829283,60.25199491769444,118.7849517667544,251.53494825578952,73.22011145743936,175.31536900728233,170.1148471016077,100.73888002371586
2018-10-31,134.87,119.71663529178636,225.4618186135054,205.60585322779025,372.22401178040593,237.5007396354655,293.48793255456235,290.23930108633,249.45256715402925,168.6303086746952,106.12219161650484,231.6651114907219,58.21342710120717,117.09680780368387,240.4045475893346,72.12862491208354,171.42984686031454,165.4290734849614,100.67591822370103
2018-11-30,135.31,119.68691172099474,223.45682414642525,201.49222618184112,350.9566978049791,236.09966822911335,290.2656378295999,297.0117141872409,245.52193131587896,168.99362438881818,106.1908062366817,230.3449603769409,52.00611872268448,118.26796402879876,244.31540456891585,69.06316284355249,170.33486638857508,164.22463845729726,100.61299577481124
2018-12-31,136.5,119.92470028732784,208.3867192965348,187.58522816865877,327.5072477106438,212.50142881496276,256.60802957288365,281.8402365061099,245.85515130907848,170.7818669097358,106.59186911786026,238.7431408505957,49.30861852789838,113.1943223484398,228.1089753066838,67.97962691016777,166.33341143025785,166.92936583172565,100.550112652452
2019-01-31,137.27,120.07331814128604,222.892932701888,200.97115435155104,357.49850444066084,234.376011411615,289.5786988902717,313.6693025840366,257.4974498469908,172.098007064197,106.82422542931305,248.1070185466506,53.34522015951539,124.03077593809824,248.82161073666455,67.69347313215786,174.1246421502768,174.4788793573502,100.48726883204422
2019-02-28,137.32,120.15258099673038,232.43478150266463,209.6152617027763,366.2813492246101,244.55488632154496,304.2845417944476,318.4101172018087,260.4012240734444,171.84635123821604,106.76017849731004,248.33295504038503,55.24410264063652,128.2670419172724,259.41901846616656,68.75674876896471,175.7861487293305,174.7196278822744,100.42446428902419
2019-03-31,139.0,120.4795402754384,238.30116042923584,211.38622052624387,369.83571855874095,252.56902520729216,308.24578492379413,327.2867567960212,266.65759945596733,174.41720374709578,107.26808556272924,242.91652026449623,54.70966043191681,130.26664595395152,258.3683796616579,71.0296315040677,177.5974164538416,176.89598021645205,100.36169899884355
2019-04-30,138.61,120.46963241850789,248.77279414570444,225.31485277576292,392.6068749712392,264.8889727551225,321.89682784162113,338.4948550820597,269.5681740904454,174.01594150488202,107.21466347060893,247.3063415957864,56.74061013925972,135.50283362918535,271.77517833244104,75.18590140920904,178.88631924588586,176.74847280261338,100.29897293696928
2019-05-31,140.36,120.83622312493809,244.73185477887404,217.5207564624134,377.1248446919148,238.6912067742973,287.6020437549371,300.17742440368346,265.8551513090785,175.9684538523652,107.58186588075952,248.59116245169585,52.70613899367164,131.5592287352374,253.9380532861231,72.61902206802705,174.96165768008092,177.1593581749028,100.23628607888367
2019-06-30,140.89,120.94520955117407,253.90759811923124,226.9512441262733,393.0173484883346,251.99590946479157,301.4565989969568,316.1162066295614,277.72866371982315,177.84348791011726,107.96356573598364,260.3236812190784,53.13044780405789,134.09013389752832,257.97282872441707,71.4412501443175,180.0251095334378,182.9453911232725,100.17363840008437
2019-07-31,142.77,121.4009709699792,255.75338864839884,226.8706781460574,394.74483456812857,257.17464140316315,307.85730980481054,317.3741847485906,283.83543012580753,178.74092825332033,107.9335778701466,263.91924226707727,53.24390627925153,133.13678899014326,265.83867813394033,74.31719943935691,179.8758709984823,183.84945314232615,100.11102987608432
2019-08-31,145.66,121.8567323887843,255.678556437902,224.1061423150105,388.3650085131839,252.84488585595383,298.4124002794388,303.085188340346,280.170010200612,182.28887909126485,108.49242458846122,284.85315948144694,50.78782757428014,133.7789808534698,261.6218682701159,78.08206177427495,180.68559194182708,186.2625587566204,100.04846048241176
2019-09-30,143.15,121.00465669275737,259.3292235681185,229.76137164001807,396.9186875891584,260.3015664491239,307.01458441420925,311.42549292867704,280.5848350901054,180.9268662409654,108.1710976551872,275.4665479353149,51.56007882312841,136.89210203613823,261.11982760607054,76.18813403794167,181.0834896887621,183.81220278296144,99.98593019461025
2019-10-31,141.11,120.48944813236898,261.5322160085813,233.93524446266568,401.0906078873499,264.39513240611933,312.48929669045754,321.54145545278163,289.92179530771847,180.13088084492946,108.0683246712754,282.0178960065761,52.45932104890265,138.7032018043747,265.13418408494414,74.54340338434749,180.7042491265584,184.50619161507768,99.92343898823862
2019-11-30,142.11,120.7371445556326,268.7199240230475,240.7786537996573,419.16248677005206,278.9817832115554,331.1335967202182,329.6449598910526,293.376402584155,179.52651055418775,107.85821101527792,275.94245624639564,52.96155739019536,139.14392400652008,275.7554280565827,75.98041848322791,181.37294567823895,182.38880063185167,99.86098683887097
2019-12-31,140.66,120.40027741999404,272.14121876868154,243.9576040451186,427.1225438313929,269.6720329524663,321.54655849469054,332.5944899007217,296.66780006800406,178.6473994739006,107.75811906572903,277.08994072206104,54.3070781162771,140.25765570225852,274.9408022393832,71.8646459172524,184.48050710514755,187.40088971236372,99.79857372209668
2020-01-31,143.37,120.8857624095908,272.85117081670984,243.1748189262775,427.1731627628733,268.10107832106394,312.672672542891,317.2499695532233,307.46684801088065,181.47436627811933,108.2356410750352,289.79120017741275,49.68243168660635,142.09925465376125,283.7889049207335,73.43746510308823,183.25524503274204,189.352774834354,99.73619961352037
2020-02-29,144.43,121.0839195482017,252.21952760312217,224.1175376076193,393.3818047949933,245.93429589873543,284.48541750690504,301.167780135295,305.5491329479769,183.3391953948965,108.77790509932734,286.5488930074021,46.15180561501685,128.69674934464152,272.5576239063864,72.85460048573945,180.5293757856573,186.60402659045064,99.67386448876192
2020-03-31,137.03,117.53690676706628,239.9620963194424,205.50241256425625,348.03828631908334,215.4411747222368,227.58496018181816,257.2591621318912,286.4467868072084,180.07886536908697,108.31835595000965,284.5183429670194,37.96309568841805,99.08421899340314,235.69751824298035,72.46208054785632,162.29427729592655,158.5306394998828,99.61156832345644
2020-04-30,139.55,118.52769246012087,252.3912389076617,215.94189872486257,369.4979522341356,236.6178284116087,255.5305851715976,278.0090520456658,294.43046582794966,182.67468530637117,108.96220138738563,309.5961190527344,37.314592674550674,108.40732766273928,266.60732047544724,74.00591508309427,170.10177547762785,165.37897064796186,99.54931109325429
2020-05-31,139.73,118.8348360249678,259.6031136983223,225.03240930545485,393.4038930560029,244.720036667508,269.8798065462883,276.4027061470167,291.0642638558313,183.0321554717804,109.16417264272536,313.59767727735726,39.81782524839373,113.49009830224588,281.42756943201755,72.62041240125163,174.98980991878602,175.63000592367902,99.487092773821
2020-06-30,139.98,119.23115030218965,263.63048575220154,232.0848444710755,398.5246882333993,236.81473123303223,260.9843385770317,279.83145478456123,291.80550833049983,183.782268171978,109.30934568859884,318.6482755539077,41.15278778636108,111.30825641506968,296.836950486492,71.3034831131663,173.84126260374964,180.7296230126908,99.42491334083736
2020-07-31,141.19,119.61755672248093,263.02334849763207,234.5738118515248,400.87248630988,238.46729995616568,260.56986617740165,293.16452493642,296.9874192451547,185.53583370900063,109.50138718703889,337.2372560784528,41.32349246407597,108.68869219340355,304.6607076726018,69.49763474073549,182.51168047547816,187.56872774751807,99.36277276999934
2020-08-31,140.07,119.62746457941148,268.3540305518929,239.0725346116245,423.2837881367631,256.42343900824403,277.6136329373223,302.12731604208625,293.1995919755185,184.04323724506224,109.42602033217024,334.3330466798976,43.006361302716506,109.75966590458168,331.0304378229312,67.92250693605041,182.33779531152769,188.79267102277683,99.30067103701809
2020-09-30,141.19,119.89497671653622,269.7489199146955,239.91100318521555,424.045833141595,252.7352115028346,277.25458526683656,303.49914719787193,303.4886093165589,184.56071692187277,109.3873935778304,326.0030013815626,42.20893636888392,108.4237347703948,328.1354612551846,68.4665825464746,180.5061249212303,184.72568693079555,99.23860811761996
2020-10-31,141.37,120.02377885663331,254.26903981582373,228.19718902099305,403.997054898532,244.3116274003916,276.40681413619706,308.96661210579686,298.1230873852431,184.41408281854527,109.37855609418968,323.67054236587825,40.80326992822983,106.9198059955333,328.0983070643369,66.43156850310442,181.10271238357075,183.74855257855916,99.17658398754645
2020-11-30,141.44,120.16248885366096,275.658332662034,255.4315914514281,447.70788274814777,268.7288680538745,311.04070502090593,329.2308610633362,309.9693981638898,185.29289666754184,109.42770839084316,301.6942050836593,44.30773319932681,118.84639516398444,367.52571207579433,66.62742955013825,187.0397069658672,191.36858362860303,99.11459862255423
2020-12-31,141.93,120.33092242148022,282.5367483390641,260.2444626656996,461.5986378905711,267.45916135121684,318.85086500634105,337.9538305691092,328.73852431145866,185.58467871774425,109.48619465898236,314.7674519534653,45.552994090310285,119.35936697309346,383.8319831337884,66.78516786046693,190.5655282524962,195.3540315857209,99.05265199841514
2021-01-31,141.48,120.42009313385516,279.67595320972947,259.57610352476166,462.7729971009158,269.6754221937745,331.3793277188146,354.46761830872487,317.38184291057456,184.40447234015147,109.40586292566384,307.7702033702877,47.55821787416919,117.61406424616088,396.23270991176327,67.2137281986639,189.70629843174711,191.7395914362453,98.99074409091614
2021-02-28,139.53,120.18230456752204,278.4347560639529,262.9813512462287,472.5949104965257,288.6953077081069,363.1016981943919,372.8596109347536,322.3189391363481,181.33536111124872,108.98960751642876,294.15249542582313,53.40357274284773,120.92551249870948,415.60735179160463,69.9781573948371,189.1037645027043,185.75744633294417,98.92887487585932
2021-03-31,140.22,120.40027741999404,297.1031666956385,279.18750722718056,502.6561133864065,309.855094560127,385.13340913207065,381.4886439911019,330.1394083645019,180.40611701995908,108.81772342449511,301.5435280429666,54.98135831326733,131.46480761319302,413.5713151796558,73.08078127067694,191.26457004189905,184.2687787049005,98.8670443290619
2021-04-30,140.0,120.35073813534132,300.58191053205064,282.83882599051793,506.7617689015692,311.8232933118044,384.6575160921527,376.0309530382078,333.3015980958857,180.71920064598268,108.87074832633948,301.4478333599419,57.22651925424464,131.3216523837605,409.15950492796514,71.80492432671083,192.34452608911,188.5624865806533,98.80525242635625
2021-05-31,139.65,120.34083027841076,310.96684063919,294.4699506974886,529.1693893516175,319.32889440792087,391.5490028026623,388.4240248092978,331.86671200272013,180.9749186329342,108.87134411175344,321.4196233671381,58.84998806017898,130.9853311919826,400.3358011660378,72.38924520087544,192.27939520219024,190.2425147455153,98.74349914358977
2021-06-30,140.16,120.3705538492024,325.3409847325331,306.37276483017445,544.6090837973403,328.6585859286661,397.8996809696507,394.7743128741217,350.8738524311459,181.73810950991515,108.72031250930914,305.33888004056473,62.31333597990773,131.30604967462256,422.1652807690166,72.97723159709564,194.6862998957212,191.73840790195797,98.68178445662504
2021-07-31,141.7,120.6083424155355,330.24238852544505,311.03105322358533,557.1570567392205,332.63318079416723,392.9113972178809,366.4064429830275,354.1584495069704,183.8097125278035,109.014729801385,307.69188407258656,62.03959952749363,130.47511135245537,410.47792567991934,71.30659753257389,194.74832229185796,192.6675532946954,98.62010834133964
2021-08-31,141.36,120.55880313088278,338.07411992656694,319.3205714465925,571.0146794901293,351.6177570626554,415.0917357354659,387.89625952602427,350.88745324719486,183.2939171616393,108.88802610334494,311.5598308484781,61.83594337655418,134.03204029964485,424.2738315166577,72.1426160779608,195.79196987588568,194.25856665786225,98.55847077362631
2021-09-30,139.54,120.1723967105915,318.9295814059976,300.1097690455917,542.45731903732,337.4209604447164,402.6331464890562,373.0485370713153,349.9217953077184,181.3853950451544,108.56640127736392,307.12826254289587,66.27078755520832,134.73597449402155,422.7784178418264,72.46412212935265,194.924631016872,188.99245746748085,98.4968717293928
2021-10-31,138.45,119.48875458238382,330.98435095246776,311.7447832897074,553.9662233675394,350.59707463152364,410.1867894342975,370.5944821218584,337.10302618157084,180.78756384280427,107.985014010887,305.2619523547265,68.67085804503154,137.34085648726858,427.2923578641561,71.62752859601005,194.1766615167061,189.156117104542,98.43531118456194
2021-11-30,140.41,120.13276528286931,329.2827131234074,311.2719627445415,535.663338088445,347.90269035058515,395.9496450838804,360.6953830351737,339.6667800068004,181.95261142458003,108.07378603757024,305.75188558820247,63.19276214039267,131.49991826066,411.4221842414941,71.03827090733786,191.76505454265788,185.45721572417216,98.37378911507159
2021-12-31,139.34,119.82562171802238,348.60617058352165,328.2889400485667,564.045833141595,356.4056120480125,403.45570690476416,361.3944102523863,352.811968718123,180.9565893700183,107.83090418380375,312.70064026406817,66.740128221675,138.02797321481887,406.480526024797,71.02382145819351,196.00539580270043,189.3331976424246,98.31230549687466
2022-01-31,137.38,119.15188744674528,328.85470679764774,309.7789060939586,521.7228843587502,351.7042140507113,388.5843483693853,369.4469972257777,352.1523291397484,177.8973858507998,107.07951947920412,313.3161707282225,73.38101638252864,139.62654482360975,383.5762831348149,74.68823003169096,190.6588471054177,182.80648802930187,98.25086030593911
2022-02-28,134.58,117.83414247498266,321.6205731341764,301.63455170456336,500.81818600156464,337.75187138942573,383.6198515138994,353.08905031913474,340.0204012240734,175.43958030941778,106.39297608715944,330.8778442530093,77.74655987172319,141.65283985366617,377.3537361339788,74.55836817931831,188.88199249497185,172.56382343804304,98.1894535182479
2022-03-31,130.9,116.61547607252552,329.4010031332013,308.17947585858906,506.7544061478993,367.1917365714404,409.7127018566735,365.2460699421124,338.10948656919413,171.38554366079967,104.7251741182872,333.7768114312247,84.54731422118819,149.00876910409698,381.7453978935618,80.08677383089638,186.2737159329728,170.50952436566013,98.128085109799
2022-04-30,128.29,116.03091251362328,330.7685458808366,304.35090983632404,488.95034742993874,349.7440116396608,392.35067552989625,358.33398471474646,334.3012580754845,166.34103327504295,103.76854133857094,345.17105705044355,94.31817284044573,151.1345308315307,372.0838941778167,89.28369522190599,178.31224839060752,158.97335849766486,98.06675505660537
2022-05-31,127.53000000000002,115.7931239472902,316.26636027151585,295.0791783615588,470.37227923243296,344.4387393622549,385.241029371209,354.1335739695557,319.5103706222373,165.8753709198813,103.9085509108566,328.2856692377197,97.00633965954653,155.4921446272913,354.71684498726734,88.46380585297521,180.9771847125172,160.04714936545386,98.005463334695
2022-06-30,125.12999999999998,114.76270682651342,293.2731566473473,268.3470938850169,433.6395011734389,313.0022445048496,345.0697928977984,329.1709467777856,300.3196191771506,163.07604662568178,103.05796793482902,321.7790392794144,89.35160618204378,143.57974482905297,332.4158331523146,85.24182369490745,167.93571453250905,149.94755577328937,97.9850455298336
2022-07-31,129.33,115.80303180422074,306.2479596033257,282.65826736888584,464.9100363535962,345.80091353304806,385.3230543781021,336.41330301249985,310.14620877252634,166.894775169298,103.95502217314714,312.67302331193474,87.35663101915434,148.24773195708693,349.5925228748281,81.22893036055898,178.81819698000953,155.02204994505243,97.96463197868155
2022-08-31,125.66,113.98989398593082,296.8634068370778,270.7477792845354,439.68156090377806,340.4368053934812,382.9671744378673,347.1422185294325,307.133628017681,161.99481826783511,102.43130097688947,310.5187986823232,88.05054805360577,148.368272791362,358.2340022606549,87.86511712447987,170.7219514569305,150.48531384929592,97.94422268035265
2022-09-30,123.12,112.9693847220846,279.1131217115165,251.163581317607,399.36772352859975,319.1180886751722,355.19090793337847,316.8662982006373,293.6688201292077,156.34445143488406,100.85127805901055,301.86317550316875,81.93903293543876,131.26307162374383,334.4294176447252,91.07118948380013,163.9629069385011,140.261734469169,97.98503277313614
2022-10-31,123.95,113.66293470722282,292.6104782053837,266.4481587772136,415.6044360590861,348.6497758713669,391.1509418109673,313.1181380175449,290.4182250935056,155.36210201968663,100.69567876839238,303.00868991988835,87.98235161519585,141.33914448519317,351.98019289256985,93.28716059904116,169.12282313244913,139.72589599303438,98.02585987012495
2022-11-30,125.78,114.31685326463884,301.0145806216373,277.6780829838006,435.0899636464038,340.19454219652283,378.81039132196094,328.00397417456486,294.9540972458348,158.65899149423123,101.32731060478176,314.8499686123783,85.50611118978235,147.1624291887202,345.4544500359204,84.77201014346124,174.4502836541479,153.41263620536714,98.06670397840416
2022-12-31,122.48000000000002,113.39542257009808,291.16428744048403,267.8721078137647,428.583130090654,306.4632327966411,344.1666089854563,304.404484086855,299.30635838150283,156.15511510281726,100.77372665762395,313.9198748459764,80.58032029650293,137.89098066040142,325.67527861729474,82.44845461305994,170.89466661397356,150.8969804004618,98.1484262317195
2023-01-31,125.29,114.45556326166648,307.17880446534184,288.17970712836524,461.11085545994206,327.51213136206246,375.2829851403516,327.84979399487986,298.22509350561035,159.1798397923344,101.51667106885888,332.3153826639804,81.37690738866765,145.3087529010922,345.5930417337294,82.28276976056117,176.68068521113963,156.3950447969691,98.23021658691259
2023-02-28,123.51999999999998,113.66293470722282,303.2184210191596,288.3136123287815,467.88090745938985,330.87761148304844,380.52490895215374,317.4066402679045,303.66541992519547,156.0963623843894,100.45230042678092,317.9855301265768,78.61198916540249,141.63194158871227,343.8273925465114,85.99853920219067,172.8162815101139,151.71266867327608,98.312075100735
2023-03-31,124.2,113.54404042405626,308.38247951123753,289.668075309849,471.4214716303897,318.6379406177456,346.3895818842204,305.519762782294,298.0346820809248,158.93581290281034,101.44438243862916,335.00787718286574,76.68040800942646,141.77551264426535,336.5348162824251,80.58181440201564,175.75949180758604,153.8228291711859,98.43496519461092
2023-04-30,125.24,114.3267611215694,319.5309949504157,297.8387418924175,476.95826239013394,321.4098945121672,343.00823368103835,299.48780577813346,303.01258075484526,159.23690820011592,101.59432176781446,330.79802510416914,74.50025455492792,142.49241204934404,324.8887146511753,80.97319350173842,175.6203915605363,153.80554751042618,98.55800890110419
2023-05-31,126.9,114.88160110967998,313.50053633284006,294.36769791962325,469.4049974690534,324.44788031666127,339.9716870805613,300.20566628009493,304.08024481468885,157.97248629020672,101.2038837265186,330.5957494462213,70.6306322889327,136.47232365819676,333.4859693787521,82.9406819858271,172.92721619215118,151.51249933822845,98.68120641223057
2023-06-30,126.86,114.46547111859704,315.053569687231,297.3866094799584,471.3579678799872,326.3974782215857,342.83160956695224,295.8776197779943,298.0958857531452,157.32204514943302,100.55000923467392,320.875250177687,72.17808473133577,139.37106030585792,347.05970333267777,83.04265300307587,175.51920019498567,154.87835993346368,98.82511650491507
2023-07-31,127.1,114.90141682354108,316.43785958679047,300.7758995868681,478.1675946804105,331.6405780925349,353.5197484906626,309.14036252200856,298.73512410744644,156.9276192269014,100.78603955617956,317.5161336183575,75.91484945746042,137.29599681702018,345.53166982368697,81.67363615035936,176.94712370444242,157.08065651388003,98.96923646648473
2023-08-31,127.89,115.32745467155452,310.8763212230932,294.7101453845912,465.6131793290691,343.3088365690494,360.6127500512818,307.7335281092923,290.91465487929275,156.1586818783036,100.82218387129444,316.44651206369645,76.35889000130331,131.73370611904804,338.9166517701647,81.56380111583167,176.7376161516336,153.70662727223012,99.11356660299836
2023-09-30,126.93,115.3869018131378,304.5991071012164,288.85057870005363,444.3339008789287,336.0977508041478,349.6579241194027,306.7536315517262,299.38796327779664,152.8699167257001,100.29411939936884,314.1117030781824,80.78165387758438,130.80168128209436,343.99786622338775,87.26293999580209,173.35197730680477,148.12661263691936,99.25810722096107
2023-10-31,127.65,116.07054394134548,288.6494587914068,274.1995753045928,420.9783258938844,325.2540525367604,327.1081636076235,293.925124139472,286.42638558313496,151.30727275429376,100.26780554358469,332.4269521433747,78.18634385080708,125.46905234381074,324.73587459847687,85.01825312136249,171.0199429332737,145.91791962965092,99.40285862732496
2023-11-30,129.87,116.66501535717823,301.79533708413004,289.17738391834075,445.4788090745939,331.9869178321688,333.6612210569278,296.25995169600304,298.6263175790547,155.79903201676387,101.29603187054774,329.9825580363719,73.84229286041574,132.80273868142717,332.2560344000701,80.81160693536496,178.86218023513368,154.57930785738296,99.54782112948982
2023-12-31,131.5,117.29911820073318,308.8944335858832,299.30016714497464,456.5652754130045,322.2620918834354,338.44633031295217,284.95583679283976,314.34886093165585,160.08530538038175,102.45374222748278,321.71420786247,68.7412237459079,133.09879386866297,339.1073687444257,77.71754537660715,184.0321892110912,161.14322333371695,99.69299503530367
2024-01-31,130.76,117.477459625483,313.2035393727661,304.95370399571107,456.9950761584833,343.16603886621886,346.25323726749986,286.01101586255425,322.0877252635158,159.27019810465515,102.4597000816226,325.1348145166368,71.40213906514056,131.5830975477535,342.79266863150315,81.93544565960346,183.6902831471936,158.70229673086652,99.83838065306347
2024-02-29,131.15,117.5666303378579,314.9675020456964,314.48519347819234,460.3837835350421,375.70843895885326,375.7899885554432,314.7391337977107,323.1553893233594,157.60312687317636,101.7583613517974,333.0042156985227,71.68966584112783,134.95401271022095,352.59347737835,87.59521102564561,183.6928499803284,159.4672917083495,99.98397829151585
2024-03-31,132.12,118.02239175666304,327.3720538791915,326.9195496546722,477.6218305646312,411.0765584253541,413.9309004000271,342.0330971598533,332.9751785107106,158.548124222864,102.04672149216442,371.4074437236488,76.85819931279138,144.51981262755882,369.4019322010657,90.664712638013,185.10174277645444,162.13756502272912,100.10895826438025
2024-04-30,131.89,118.04220747052412,319.39765370281646,316.1984294679744,470.27288205788966,400.2677446942962,396.948069648712,347.32534942351265,324.7398843930636,155.40817286971856,101.287790172321,386.2646398009387,78.86267658730424,144.9881192328976,359.32118164406023,89.77518037600404,182.00278553285955,157.70329775869908,100.23409446221072
2024-05-31,130.66,117.51709105320518,339.0189560800641,337.9710912779758,485.876397772767,412.3780153494423,409.2566235724653,344.51987040079183,322.7473648418905,156.21257981898614,101.6069325590771,389.3242728924452,77.98641989251243,153.26190422857508,363.98507215979714,89.28539292019218,184.38889620507027,161.30245972045697,100.35938708028849
2024-06-30,133.79,118.82492816803725,337.4716464358245,336.1037665436732,477.2362063411716,409.6612350990785,390.7888322275449,348.8598830092721,329.8401904114246,157.06672347086885,101.97562443276264,388.66470438963006,77.82529899546313,148.08253519237553,366.5135740851376,87.69060562667416,184.6388458879608,160.37153283560897,100.46392810849711
2024-07-31,135.42,119.528386010106,346.73684924595415,345.9669494465294,493.14895771018365,394.3083262833678,394.8868627291139,331.2424094523047,336.7290037402244,159.41009496539732,102.81826360327044,400.01664303354056,73.89125756111615,151.1339987646149,365.7971535843309,84.44045447496434,188.3473454870586,164.09987833215592,100.56857803361015
2024-08-31,135.81,119.8751610026751,349.87026256990345,348.4880738381322,495.940361695274,387.7100897444227,380.1550141711158,322.5346807493702,336.4365861951717,160.5650366832951,103.29479263688664,393.3618729566229,69.6914170990405,152.1446688424127,356.4033170539616,78.5800854319327,190.61436102649523,167.2547704737425,100.6733369690618
2024-09-30,136.75,120.45972456157732,344.3102081310602,345.2991789922945,498.8394459527864,404.74560744865175,397.0776489268275,352.8122838535066,345.24991499489965,161.87225989904044,103.85532741387424,408.9609417181049,69.44543535832499,156.55870798871797,364.1521623420367,76.76980857406076,193.23374661647125,170.08410906766522,100.757231416536
2024-10-31,136.79,120.6975131279104,333.06799343681234,333.8995658435565,479.0999033638581,407.2767513600948,396.6608105763714,346.63414842713263,353.2947976878612,159.00080747833923,102.94764833567343,439.6367820395697,72.60562912696085,159.28919824843902,376.61024695448646,76.7798517908912,190.7477461058795,165.38293799469807,100.8411957760498
2024-11-30,138.82,121.51986525314572,332.2397513789901,336.1950760562196,478.05071096590126,441.8400266534261,438.0079020682486,346.71902789019714,359.04794287657256,160.41325057093175,103.28595515324592,433.0217731059488,72.34887762289969,167.89000528045275,408.80480433197545,78.92380687923075,193.30850039230668,167.90235146712982,100.92523010586316
2024-12-31,138.53,121.84682453185376,327.99678624274463,332.1341785192427,474.0693019189177,455.5845494815681,436.12988197522793,366.740934014772,369.6361781706902,158.47342009184447,103.00782266248558,437.8067081370124,75.47177047214714,164.18930794143657,401.0090076467667,83.96016845122213,191.17591552429263,163.6190111587324,100.96728228507395
2025-01-31,137.64,121.54958882393738,354.89652803982005,360.8272519894457,505.7374257972482,475.86848755617785,455.23609977656463,376.7597071529927,364.5018701122067,158.56734517965154,103.09997080651472,470.6868909714955,78.08072883127194,168.21291229665863,416.0663786213519,84.36014092893652,193.1594973198187,165.86540632076665,101.00935198602608
2025-02-28,137.49,121.63875953631228,363.5605292947965,366.43350468321296,502.0045096866228,465.3534758256665,433.5584896923106,372.9994847615165,376.9330159809588,159.96938517707554,103.45267577159176,474.2811665255946,77.37492792177662,167.3413462722026,406.4278987145139,79.95610690793082,194.40983399064348,168.86581315979788,101.05143921602024
2025-03-31,136.62,121.71802239175663,356.14874862736946,355.34047115960766,488.7800837513231,399.99573432375234,375.4133614345679,337.6751867925082,376.7222033321999,158.78898064528914,103.43887340950116,508.0847591302007,77.45655582346484,167.4712376333773,385.9086718839023,77.8096385299171,191.63066364684477,166.34318923889202,101.07249159919024
2025-04-30,138.69,122.40166451996431,349.3402894077444,347.3860102809928,490.9852284754499,375.4958035724717,351.72577014976406,318.41442386165835,367.7592655559333,159.65996740363514,103.9663420960128,500.7222583178236,66.19563502213519,161.47775635382018,365.4952817618599,73.23607541296526,191.1964939836113,165.34720532647162,101.09354836827342
2025-05-31,139.21,122.9168730803527,357.20805898389307,354.8277565780483,521.474391422392,387.0023987662556,362.0848444372865,323.0989591179864,380.5984359061543,158.57408242223684,103.67847844349076,499.6769136152504,67.09049870373318,168.69338574217318,376.1546420402592,73.20083300076769,193.89136680431776,166.70260797561568,101.11460952418348
2025-06-30,137.75,122.56019023085304,350.5172538062672,348.8442923670462,523.841516727256,398.0594165290804,373.97192077534055,338.1358482980368,381.4008840530432,159.4980754273938,103.9347654690718,487.1102311596818,68.04062471169297,167.10697596403546,379.20689490504606,71.92866086329603,196.7492111313844,170.5768689746911,101.11460952418348
2025-07-31,138.25,122.72862379867236,350.32052776847377,350.71833443712086,536.2127835810593,413.42721049322176,388.0576074719402,353.7357184394018,382.4141448486909,158.67177243972398,103.63012052738924,493.1949518476246,71.3497987577352,169.89364145614414,397.298745892596,73.12488921531912,196.29902089728188,171.119997188508,101.11460952418348
2025-08-31,138.69,122.8277023679778,358.4274212353887,357.37545596938827,536.1290322580646,409.7696278022486,394.1754806976248,346.727500341712,392.3767426045563,158.97831697735597,103.97488168694652,518.0672951113086,70.62444472671451,173.63769712187897,404.461224333263,74.53047768131762,197.75312066478847,173.57023982013192,101.11460952418348
2025-09-30,139.34,122.89705736649164,355.05276412802453,352.919318384896,522.7978463945516,423.693119011106,402.7564779983139,372.2635571415955,389.09894593675614,159.55722445420903,103.91609752610036,567.2844583604438,70.19435244725022,172.29971792754296,416.38049862390574,75.55409279113816,198.82538967796836,175.69981881294382,101.11460952418348
2025-10-31,140.08,123.13484593282472,360.00101754847134,358.66538417063504,536.7484239105426,438.1066732181143,408.9827877169528,393.23840456651794,401.7001020061204,160.18715663593625,104.02165084194408,590.707301057149,71.67736019520903,172.9083809495216,431.3652366633748,77.09231884614094,198.16119223810955,178.60391663579335,101.11460952418348
2025-11-30,139.75,123.16456950361636,374.2221053925829,370.7121427144765,540.2346877732273,440.2094650935704,416.7621843798949,384.6852526828261,402.97857871472286,159.99663137870735,104.05491552755804,623.1615428735114,72.32785785471717,178.96188062548302,420.4395880391674,77.67158747751748,199.00030236096012,178.91414799697645,101.11460952418348
2025-12-31,138.4,122.77816308332508,386.2336291290209,382.2345916511611,554.2837421195527,433.4236988819711,410.9145710719959,387.1324209432484,408.9085345120707,158.98951268929918,103.85800844823716,628.0963981384737,71.51253561579956,174.57520803982257,409.8585580098049,77.6663196766221,199.37938098316744,178.93970992127342,101.11460952418348
2026-01-31,139.51,123.29337164371346,386.25313214138833,378.045423486497,566.3512953844738,421.4225049667636,412.9163122940317,400.8173885262949,412.0299217953077,158.89568667858893,103.8988197490949,688.0269892243049,76.23191248043658,178.7942265972802,418.7155254351145,79.44517003273603,199.98875311185247,178.95673732353683,101.11460952418348
2026-02-28,140.34,123.5806994946993,408.2001687434548,395.019668443239,586.9762091022042,424.0798456313178,428.62544437428926,422.4634079035571,413.2607956477389,160.64786513625577,104.25857484157072,748.7904717041991,78.40290432133311,192.76001703334472,423.9330424896952,81.82176477672239,199.3821479094888,181.3284871420068,101.11460952418348
2026-03-31,138.72,122.6989002278807,378.0968451757603,366.1010964289844,548.8491095669781,424.0101838150664,422.5734927424333,392.32073003279766,391.540292417545,157.11824356122716,103.07196889205758,688.9960648379357,93.54555383051851,192.59108883624995,425.91388196553686,83.8899808143209,196.87848543570675,174.45183227136724,101.11460952418348
2026-04-30,138.38,122.65926880015851,393.2631931518988,382.9292314484847,568.143205558879,449.24518279722986,445.6542118634962,435.1039329301402,406.46718803128186,157.0211480063211,103.0739548434375,670.4755307964726,99.32188488967202,194.69379207156493,465.2575497584435,84.51600985797168,199.27763101720296,178.26398722246302,101.11460952418348
2026-05-31,138.34,122.88714950956108,406.1252178189697,395.8334857611404,584.2630343748563,486.0863617805393,478.6628162029342,493.895971428042,410.1870112206732,157.52327073312097,103.20870164456632,652.0559138715217,92.99731142254684,186.89770729387035,492.29082015290527,82.6715982677815,199.54541345954905,179.66900465802834,101.11460952418348
2026-06-30,139.42,123.21410878826909,424.3062651307337,416.7012940595204,603.8065436473241,499.3288979004844,503.4015431016048,504.0225605440417,412.3631417885073,157.5999564060774,103.13988842925149,595.556539488851,86.97735216303897,196.0092281610023,508.5359515598482,84.3001117650085,199.1149461256405,179.90651531015865,101.11460952418348
