,BIZD
2016-07-01,6.070013046264648
2016-07-05,6.01844596862793
2016-07-06,6.040547847747803
2016-07-07,6.055278778076172
2016-07-08,6.058962345123291
2016-07-11,6.103161334991455
2016-07-12,6.139995098114014
2016-07-13,6.117894649505615
2016-07-14,6.117894649505615
2016-07-15,6.169459342956543
2016-07-18,6.213662147521973
2016-07-19,6.235759735107422
2016-07-20,6.257857799530029
2016-07-21,6.250490665435791
2016-07-22,6.276274681091309
2016-07-25,6.324156761169434
2016-07-26,6.327841281890869
2016-07-27,6.31679105758667
2016-07-28,6.313107013702393
2016-07-29,6.31679105758667
2016-08-01,6.324156761169434
2016-08-02,6.291009902954102
2016-08-03,6.353623867034912
2016-08-04,6.372039318084717
2016-08-05,6.368356227874756
2016-08-08,6.368356227874756
2016-08-09,6.405190467834473
2016-08-10,6.408873558044434
2016-08-11,6.416237831115723
2016-08-12,6.434654235839844
2016-08-15,6.445704460144043
2016-08-16,6.445704460144043
2016-08-17,6.453071594238281
2016-08-18,6.504637241363525
2016-08-19,6.50095272064209
2016-08-22,6.523054122924805
2016-08-23,6.537785530090332
2016-08-24,6.545152187347412
2016-08-25,6.523054122924805
2016-08-26,6.556201934814453
2016-08-29,6.618817329406738
2016-08-30,6.666701316833496
2016-08-31,6.637231349945068
2016-09-01,6.622500896453857
2016-09-02,6.6556501388549805
2016-09-06,6.6556501388549805
2016-09-07,6.6556501388549805
2016-09-08,6.644600868225098
2016-09-09,6.523054122924805
2016-09-12,6.486220359802246
2016-09-13,6.405190467834473
2016-09-14,6.397823333740234
2016-09-15,6.4604363441467285
2016-09-16,6.442018508911133
2016-09-19,6.471487045288086
2016-09-20,6.504637241363525
2016-09-21,6.515686988830566
2016-09-22,6.537785530090332
2016-09-23,6.541469573974609
2016-09-26,6.515686988830566
2016-09-27,6.530420303344727
2016-09-28,6.548835277557373
2016-09-29,6.548835277557373
2016-09-30,6.556201934814453
2016-10-03,6.556955814361572
2016-10-04,6.549438953399658
2016-10-05,6.575739860534668
2016-10-06,6.541923999786377
2016-10-07,6.526893138885498
2016-10-10,6.538166046142578
2016-10-11,6.519379138946533
2016-10-12,6.52313756942749
2016-10-13,6.534409046173096
2016-10-14,6.474287986755371
2016-10-17,6.4404683113098145
2016-10-18,6.459258079528809
2016-10-19,6.496833324432373
2016-10-20,6.463014602661133
2016-10-21,6.489316940307617
2016-10-24,6.545681476593018
2016-10-25,6.5682268142700195
2016-10-26,6.526893138885498
2016-10-27,6.511863708496094
2016-10-28,6.515620231628418
2016-10-31,6.474287986755371
2016-11-01,6.395378589630127
2016-11-02,6.331501007080078
2016-11-03,6.256348609924316
2016-11-04,6.248833656311035
2016-11-07,6.316470146179199
2016-11-08,6.346529483795166
2016-11-09,6.444228649139404
2016-11-10,6.52313756942749
2016-11-11,6.560711860656738
2016-11-14,6.541923999786377
2016-11-15,6.556955814361572
2016-11-16,6.553197860717773
2016-11-17,6.598287105560303
2016-11-18,6.647138595581055
2016-11-21,6.658409595489502
2016-11-22,6.65089225769043
2016-11-23,6.662167072296143
2016-11-25,6.763619899749756
2016-11-28,6.718529224395752
2016-11-29,6.733559608459473
2016-11-30,6.714772701263428
2016-12-01,6.718529224395752
2016-12-02,6.684712886810303
2016-12-05,6.726042747497559
2016-12-06,6.741073131561279
2016-12-07,6.763619899749756
2016-12-08,6.812468528747559
2016-12-09,6.846286773681641
2016-12-12,6.842527389526367
2016-12-13,6.831257343292236
2016-12-14,6.782408237457275
2016-12-15,6.7448320388793945
2016-12-16,6.789923667907715
2016-12-19,6.823741912841797
2016-12-20,6.8538031578063965
2016-12-21,6.880104064941406
2016-12-22,6.872589588165283
2016-12-23,6.865074634552002
2016-12-27,6.8913774490356445
2016-12-28,6.85112190246582
2016-12-29,6.920131683349609
2016-12-30,6.904797077178955
2017-01-03,6.958467960357666
2017-01-04,7.0811543464660645
2017-01-05,7.06581974029541
2017-01-06,7.061982154846191
2017-01-09,7.019813060760498
2017-01-10,7.0274810791015625
2017-01-11,7.0581512451171875
2017-01-12,7.023643970489502
2017-01-13,7.054317474365234
2017-01-17,7.054317474365234
2017-01-18,7.0581512451171875
2017-01-19,7.012145519256592
2017-01-20,7.0274810791015625
2017-01-23,7.0389814376831055
2017-01-24,7.054317474365234
2017-01-25,7.069652557373047
2017-01-26,7.0581512451171875
2017-01-27,7.061982154846191
2017-01-30,7.031311511993408
2017-01-31,6.973807334899902
2017-02-01,7.050483226776123
2017-02-02,7.035144805908203
2017-02-03,7.12716007232666
2017-02-06,7.180834770202637
2017-02-07,7.177000045776367
2017-02-08,7.180834770202637
2017-02-09,7.161666393280029
2017-02-10,7.215338706970215
2017-02-13,7.24600887298584
2017-02-14,7.288182735443115
2017-02-15,7.32268762588501
2017-02-16,7.292016983032227
2017-02-17,7.334187030792236
2017-02-21,7.341855525970459
2017-02-22,7.357192039489746
2017-02-23,7.368693828582764
2017-02-24,7.361026763916016
2017-02-27,7.345692157745361
2017-02-28,7.31502103805542
2017-03-01,7.341855525970459
2017-03-02,7.292016983032227
2017-03-03,7.272847652435303
2017-03-06,7.249842643737793
2017-03-07,7.253679275512695
2017-03-08,7.215338706970215
2017-03-09,7.138665199279785
2017-03-10,7.20767068862915
2017-03-13,7.230677127838135
2017-03-14,7.203836917877197
2017-03-15,7.249842643737793
2017-03-16,7.249842643737793
2017-03-17,7.318851947784424
2017-03-20,7.345692157745361
2017-03-21,7.226842880249023
2017-03-22,7.203836917877197
2017-03-23,7.230677127838135
2017-03-24,7.249842643737793
2017-03-27,7.253679275512695
2017-03-28,7.292016983032227
2017-03-29,7.334187030792236
2017-03-30,7.368693828582764
2017-03-31,7.387863636016846
2017-04-03,7.390594482421875
2017-04-04,7.386692047119141
2017-04-05,7.335939407348633
2017-04-06,7.386692047119141
2017-04-07,7.3710761070251465
2017-04-10,7.3710761070251465
2017-04-11,7.382787227630615
2017-04-12,7.390594482421875
2017-04-13,7.343746185302734
2017-04-17,7.390594482421875
2017-04-18,7.398404598236084
2017-04-19,7.382787227630615
2017-04-20,7.382787227630615
2017-04-21,7.429636478424072
2017-04-24,7.449158668518066
2017-04-25,7.464776992797852
2017-04-26,7.4882001876831055
2017-04-27,7.484297752380371
2017-04-28,7.480392932891846
2017-05-01,7.484297752380371
2017-05-02,7.503818035125732
2017-05-03,7.3710761070251465
2017-05-04,7.246143341064453
2017-05-05,7.281279563903809
2017-05-08,7.2383341789245605
2017-05-09,7.183674335479736
2017-05-10,7.08216667175293
2017-05-11,7.086070537567139
2017-05-12,7.039222717285156
2017-05-15,7.105593681335449
2017-05-16,7.121209621429443
2017-05-17,7.066548824310303
2017-05-18,7.062645435333252
2017-05-19,7.035317420959473
2017-05-22,7.089974403381348
2017-05-23,7.144633769989014
2017-05-24,7.152440071105957
2017-05-25,7.132920742034912
2017-05-26,7.140728950500488
2017-05-30,7.070454120635986
2017-05-31,7.027507781982422
2017-06-01,7.121209621429443
2017-06-02,7.105593681335449
2017-06-05,7.097784042358398
2017-06-06,7.062645435333252
2017-06-07,7.058740615844727
2017-06-08,7.062645435333252
2017-06-09,7.089974403381348
2017-06-12,7.117305278778076
2017-06-13,7.117305278778076
2017-06-14,7.086070537567139
2017-06-15,7.089974403381348
2017-06-16,7.097784042358398
2017-06-19,7.117305278778076
2017-06-20,7.062645435333252
2017-06-21,7.062645435333252
2017-06-22,7.050933837890625
2017-06-23,7.109495639801025
2017-06-26,7.144633769989014
2017-06-27,7.105593681335449
2017-06-28,7.105593681335449
2017-06-29,7.152440071105957
2017-06-30,7.168059825897217
2017-07-03,7.191964626312256
2017-07-05,7.183998107910156
2017-07-06,7.172042369842529
2017-07-07,7.152120590209961
2017-07-10,7.1800127029418945
2017-07-11,7.156105041503906
2017-07-12,7.176029205322266
2017-07-13,7.176029205322266
2017-07-14,7.1999335289001465
2017-07-17,7.219855308532715
2017-07-18,7.22782564163208
2017-07-19,7.211886405944824
2017-07-20,7.215872287750244
2017-07-21,7.22782564163208
2017-07-24,7.195950508117676
2017-07-25,7.223841190338135
2017-07-26,7.22782564163208
2017-07-27,7.235793590545654
2017-07-28,7.22782564163208
2017-07-31,7.211886405944824
2017-08-01,7.211886405944824
2017-08-02,7.215872287750244
2017-08-03,7.172042369842529
2017-08-04,7.16008996963501
2017-08-07,7.1800127029418945
2017-08-08,7.152120590209961
2017-08-09,7.148136138916016
2017-08-10,7.072432041168213
2017-08-11,7.028600692749023
2017-08-14,7.104306697845459
2017-08-15,7.104306697845459
2017-08-16,7.052509307861328
2017-08-17,6.968836784362793
2017-08-18,6.917038440704346
2017-08-21,6.8732099533081055
2017-08-22,6.92500638961792
2017-08-23,6.9528961181640625
2017-08-24,6.94492769241333
2017-08-25,6.932973861694336
2017-08-28,6.917038440704346
2017-08-29,6.905082702636719
2017-08-30,6.893130302429199
2017-08-31,6.833363056182861
2017-09-01,6.917038440704346
2017-09-05,6.853287696838379
2017-09-06,6.833363056182861
2017-09-07,6.837347984313965
2017-09-08,6.841332912445068
2017-09-11,6.861252784729004
2017-09-12,6.829379558563232
2017-09-13,6.865238189697266
2017-09-14,6.881176948547363
2017-09-15,6.881176948547363
2017-09-18,6.86922550201416
2017-09-19,6.897115230560303
2017-09-20,6.932973861694336
2017-09-21,6.905082702636719
2017-09-22,6.94492769241333
2017-09-25,6.9369587898254395
2017-09-26,6.960865497589111
2017-09-27,6.972819805145264
2017-09-28,7.056493759155273
2017-09-29,7.116259574890137
2017-10-02,7.154516220092773
2017-10-03,7.121956825256348
2017-10-04,7.174863815307617
2017-10-05,7.174863815307617
2017-10-06,7.138237476348877
2017-10-09,7.121956825256348
2017-10-10,7.121956825256348
2017-10-11,7.0894012451171875
2017-10-12,7.0771918296813965
2017-10-13,7.064984321594238
2017-10-16,7.064984321594238
2017-10-17,7.016146183013916
2017-10-18,7.020216941833496
2017-10-19,7.040565013885498
2017-10-20,7.064984321594238
2017-10-23,7.052772045135498
2017-10-24,7.060913562774658
2017-10-25,6.959169864654541
2017-10-26,6.926612854003906
2017-10-27,6.951030254364014
2017-10-30,6.926612854003906
2017-10-31,6.9184746742248535
2017-11-01,6.869636535644531
2017-11-02,6.739408493041992
2017-11-03,6.84929084777832
2017-11-06,6.857429027557373
2017-11-07,6.91033411026001
2017-11-08,6.971380710601807
2017-11-09,6.877777576446533
2017-11-10,6.926612854003906
2017-11-13,6.930683135986328
2017-11-14,6.95510196685791
2017-11-15,6.9428911209106445
2017-11-16,6.971380710601807
2017-11-17,7.040565013885498
2017-11-20,7.060913562774658
2017-11-21,7.024288177490234
2017-11-22,7.032423496246338
2017-11-24,7.044633388519287
2017-11-27,6.999866008758545
2017-11-28,7.003937244415283
2017-11-29,7.0120768547058105
2017-11-30,6.971380710601807
2017-12-01,6.963239669799805
2017-12-04,6.9428911209106445
2017-12-05,6.922544002532959
2017-12-06,6.9428911209106445
2017-12-07,6.9428911209106445
2017-12-08,6.9754486083984375
2017-12-11,6.983588218688965
2017-12-12,6.959169864654541
2017-12-13,6.934752941131592
2017-12-14,6.922544002532959
2017-12-15,6.930683135986328
2017-12-18,6.946962833404541
2017-12-19,6.902195453643799
2017-12-20,6.9062628746032715
2017-12-21,6.959169864654541
2017-12-22,6.963239669799805
2017-12-26,6.9428911209106445
2017-12-27,6.9533257484436035
2017-12-28,6.94915246963501
2017-12-29,6.928282737731934
2018-01-02,6.978367328643799
2018-01-03,6.961672782897949
2018-01-04,6.932458877563477
2018-01-05,6.936631202697754
2018-01-08,6.982541084289551
2018-01-09,6.903243541717529
2018-01-10,6.878200054168701
2018-01-11,6.915762901306152
2018-01-12,6.974193096160889
2018-01-16,6.94915246963501
2018-01-17,6.94915246963501
2018-01-18,6.936631202697754
2018-01-19,6.961672782897949
2018-01-22,6.986713886260986
2018-01-23,7.011756420135498
2018-01-24,7.011756420135498
2018-01-25,6.982541084289551
2018-01-26,6.990889072418213
2018-01-29,6.94915246963501
2018-01-30,6.890720367431641
2018-01-31,6.823942184448242
2018-02-01,6.865678787231445
2018-02-02,6.773858070373535
2018-02-05,6.569349765777588
2018-02-06,6.640300750732422
2018-02-07,6.682037353515625
2018-02-08,6.64447546005249
2018-02-09,6.623604774475098
2018-02-12,6.669517517089844
2018-02-13,6.75299072265625
2018-02-14,6.748815536499023
2018-02-15,6.702905654907227
2018-02-16,6.769683361053467
2018-02-20,6.707081317901611
2018-02-21,6.677865028381348
2018-02-22,6.648646354675293
2018-02-23,6.656996726989746
2018-02-26,6.686212062835693
2018-02-27,6.640300750732422
2018-02-28,6.5860443115234375
2018-03-01,6.581869125366211
2018-03-02,6.606911659240723
2018-03-05,6.707081317901611
2018-03-06,6.748815536499023
2018-03-07,6.719601154327393
2018-03-08,6.748815536499023
2018-03-09,6.748815536499023
2018-03-12,6.773858070373535
2018-03-13,6.790554046630859
2018-03-14,6.765511512756348
2018-03-15,6.690385341644287
2018-03-16,6.732120513916016
2018-03-19,6.723774433135986
2018-03-20,6.698731422424316
2018-03-21,6.698731422424316
2018-03-22,6.836462497711182
2018-03-23,6.719601154327393
2018-03-26,6.75299072265625
2018-03-27,6.715427398681641
2018-03-28,6.732120513916016
2018-03-29,6.786379337310791
2018-04-02,6.770564079284668
2018-04-03,6.791935920715332
2018-04-04,6.847501754760742
2018-04-05,6.903068542480469
2018-04-06,6.856054306030273
2018-04-09,6.851776599884033
2018-04-10,6.83467960357666
2018-04-11,6.851776599884033
2018-04-12,6.847501754760742
2018-04-13,6.8261308670043945
2018-04-16,6.8261308670043945
2018-04-17,6.86460018157959
2018-04-18,6.873149394989014
2018-04-19,6.868874549865723
2018-04-20,6.843228340148926
2018-04-23,6.8261308670043945
2018-04-24,6.8261308670043945
2018-04-25,6.809033393859863
2018-04-26,6.8261308670043945
2018-04-27,6.86460018157959
2018-04-30,6.8774237632751465
2018-05-01,6.851776599884033
2018-05-02,6.860324859619141
2018-05-03,6.8774237632751465
2018-05-04,6.920165538787842
2018-05-07,6.984281539916992
2018-05-08,7.005651950836182
2018-05-09,7.0099287033081055
2018-05-10,7.052670001983643
2018-05-11,7.065495491027832
2018-05-14,7.082592010498047
2018-05-15,7.05694580078125
2018-05-16,7.078316688537598
2018-05-17,7.078316688537598
2018-05-18,7.125335693359375
2018-05-21,7.133884429931641
2018-05-22,7.1467061042785645
2018-05-23,7.15525484085083
2018-05-24,7.1467061042785645
2018-05-25,7.159529685974121
2018-05-29,7.138157844543457
2018-05-30,7.16380500793457
2018-05-31,7.159529685974121
2018-06-01,7.176627159118652
2018-06-04,7.202274322509766
2018-06-05,7.172354221343994
2018-06-06,7.215096473693848
2018-06-07,7.2321929931640625
2018-06-08,7.245017051696777
2018-06-11,7.2236433029174805
2018-06-12,7.172354221343994
2018-06-13,7.18517541885376
2018-06-14,7.2321929931640625
2018-06-15,7.215096473693848
2018-06-18,7.215096473693848
2018-06-19,7.215096473693848
2018-06-20,7.219371795654297
2018-06-21,7.189452171325684
2018-06-22,7.150979518890381
2018-06-25,7.125335693359375
2018-06-26,7.15525484085083
2018-06-27,7.129610538482666
2018-06-28,7.108236312866211
2018-06-29,7.112510681152344
2018-07-02,7.164905548095703
2018-07-03,7.212935447692871
2018-07-05,7.22166633605957
2018-07-06,7.239131450653076
2018-07-09,7.256596565246582
2018-07-10,7.265327453613281
2018-07-11,7.265327453613281
2018-07-12,7.24786376953125
2018-07-13,7.252228736877441
2018-07-16,7.269693851470947
2018-07-17,7.343920707702637
2018-07-18,7.448709487915039
2018-07-19,7.422508716583252
2018-07-20,7.3919477462768555
2018-07-23,7.383213996887207
2018-07-24,7.405045986175537
2018-07-25,7.435611248016357
2018-07-26,7.413777828216553
2018-07-27,7.422508716583252
2018-07-30,7.431243419647217
2018-07-31,7.439975738525391
2018-08-01,7.483637809753418
2018-08-02,7.474905014038086
2018-08-03,7.522934436798096
2018-08-06,7.527299880981445
2018-08-07,7.557859897613525
2018-08-08,7.549130916595459
2018-08-09,7.549130916595459
2018-08-10,7.474905014038086
2018-08-13,7.47053861618042
2018-08-14,7.488003730773926
2018-08-15,7.47053861618042
2018-08-16,7.509835720062256
2018-08-17,7.488003730773926
2018-08-20,7.4967360496521
2018-08-21,7.540397644042969
2018-08-22,7.522934436798096
2018-08-23,7.522934436798096
2018-08-24,7.522934436798096
2018-08-27,7.553495407104492
2018-08-28,7.509835720062256
2018-08-29,7.575328350067139
2018-08-30,7.597156524658203
2018-08-31,7.570962429046631
2018-09-04,7.566595077514648
2018-09-05,7.544767379760742
2018-09-06,7.557859897613525
2018-09-07,7.488003730773926
2018-09-10,7.4967360496521
2018-09-11,7.4967360496521
2018-09-12,7.488003730773926
2018-09-13,7.527299880981445
2018-09-14,7.505469799041748
2018-09-17,7.509835720062256
2018-09-18,7.518564701080322
2018-09-19,7.488003730773926
2018-09-20,7.527299880981445
2018-09-21,7.536030292510986
2018-09-24,7.509835720062256
2018-09-25,7.492368221282959
2018-09-26,7.4967360496521
2018-09-27,7.483637809753418
2018-09-28,7.457442283630371
2018-10-01,7.465480327606201
2018-10-02,7.434206485748291
2018-10-03,7.456547737121582
2018-10-04,7.35825777053833
2018-10-05,7.344857215881348
2018-10-08,7.259968280792236
2018-10-09,7.326984882354736
2018-10-10,7.233164310455322
2018-10-11,7.152744770050049
2018-10-12,7.152744770050049
2018-10-15,7.179549694061279
2018-10-16,7.219759941101074
2018-10-17,7.210824012756348
2018-10-18,7.148277282714844
2018-10-19,7.139342308044434
2018-10-22,7.085731506347656
2018-10-23,7.0321173667907715
2018-10-24,6.951700210571289
2018-10-25,6.9651031494140625
2018-10-26,6.933828830718994
2018-10-29,6.960635662078857
2018-10-30,7.005312919616699
2018-10-31,7.143807888031006
2018-11-01,7.228696823120117
2018-11-02,7.17061710357666
2018-11-05,7.264437675476074
2018-11-06,7.344857215881348
2018-11-07,7.35825777053833
2018-11-08,7.344857215881348
2018-11-09,7.35825777053833
2018-11-12,7.228696823120117
2018-11-13,7.251035213470459
2018-11-14,7.215292930603027
2018-11-15,7.206357955932617
2018-11-16,7.201890468597412
2018-11-19,7.219759941101074
2018-11-20,7.0678582191467285
2018-11-21,7.11700439453125
2018-11-23,7.1348748207092285
2018-11-26,7.1348748207092285
2018-11-27,7.152744770050049
2018-11-28,7.210824012756348
2018-11-29,7.215292930603027
2018-11-30,7.175082683563232
2018-12-03,7.255499839782715
2018-12-04,7.148277282714844
2018-12-06,7.081262588500977
2018-12-07,7.045519828796387
2018-12-10,6.978507041931152
2018-12-11,6.982973098754883
2018-12-12,6.982973098754883
2018-12-13,6.951700210571289
2018-12-14,6.86234712600708
2018-12-17,6.554075717926025
2018-12-18,6.594285011291504
2018-12-19,6.5719475746154785
2018-12-20,6.326225757598877
2018-12-21,6.3664350509643555
2018-12-24,6.3664350509643555
2018-12-26,6.54514217376709
2018-12-27,6.5621418952941895
2018-12-28,6.621882915496826
2018-12-31,6.45185661315918
2019-01-02,6.644859790802002
2019-01-03,6.6264801025390625
2019-01-04,6.810291290283203
2019-01-07,6.97113037109375
2019-01-08,7.0584397315979
2019-01-09,7.030869007110596
2019-01-10,7.0584397315979
2019-01-11,7.086013317108154
2019-01-14,7.0768208503723145
2019-01-15,7.095203399658203
2019-01-16,7.145752906799316
2019-01-17,7.131965160369873
2019-01-18,7.164132595062256
2019-01-22,7.113586902618408
2019-01-23,7.122775554656982
2019-01-24,7.173324108123779
2019-01-25,7.24225378036499
2019-01-28,7.228469371795654
2019-01-29,7.214682102203369
2019-01-30,7.297397613525391
2019-01-31,7.329563617706299
2019-02-01,7.32496976852417
2019-02-04,7.389305114746094
2019-02-05,7.435259819030762
2019-02-06,7.416876316070557
2019-02-07,7.32496976852417
2019-02-08,7.311184883117676
2019-02-11,7.338756561279297
2019-02-12,7.384707927703857
2019-02-13,7.412282466888428
2019-02-14,7.421472549438477
2019-02-15,7.435259819030762
2019-02-19,7.481210708618164
2019-02-20,7.545546054840088
2019-02-21,7.577714920043945
2019-02-22,7.68800163269043
2019-02-25,7.669621467590332
2019-02-26,7.637452602386475
2019-02-27,7.591500759124756
2019-02-28,7.559332370758057
2019-03-01,7.508785247802734
2019-03-04,7.53176212310791
2019-03-05,7.476614952087402
2019-03-06,7.453638553619385
2019-03-07,7.4444499015808105
2019-03-08,7.453638553619385
2019-03-11,7.52256965637207
2019-03-12,7.4858078956604
2019-03-13,7.508785247802734
2019-03-14,7.536356449127197
2019-03-15,7.53176212310791
2019-03-18,7.577714920043945
2019-03-19,7.52256965637207
2019-03-20,7.508785247802734
2019-03-21,7.52256965637207
2019-03-22,7.46282958984375
2019-03-25,7.449045181274414
2019-03-26,7.494997978210449
2019-03-27,7.508785247802734
2019-03-28,7.545546054840088
2019-03-29,7.517975330352783
2019-04-01,7.602817058563232
2019-04-02,7.612245559692383
2019-04-03,7.6075310707092285
2019-04-04,7.621670722961426
2019-04-05,7.654663562774658
2019-04-08,7.654663562774658
2019-04-09,7.602817058563232
2019-04-10,7.626383304595947
2019-04-11,7.6405253410339355
2019-04-12,7.654663562774658
2019-04-15,7.621670722961426
2019-04-16,7.682945251464844
2019-04-17,7.654663562774658
2019-04-18,7.645237922668457
2019-04-22,7.645237922668457
2019-04-23,7.682945251464844
2019-04-24,7.697085857391357
2019-04-25,7.687658786773682
2019-04-26,7.753647804260254
2019-04-29,7.777214050292969
2019-04-30,7.81020975112915
2019-05-01,7.753647804260254
2019-05-02,7.772501468658447
2019-05-03,7.833776950836182
2019-05-06,7.843203067779541
2019-05-07,7.796069622039795
2019-05-08,7.8054962158203125
2019-05-09,7.763075351715088
2019-05-10,7.772501468658447
2019-05-13,7.673518657684326
2019-05-14,7.730079650878906
2019-05-15,7.692373275756836
2019-05-16,7.748936176300049
2019-05-17,7.753647804260254
2019-05-20,7.781928062438965
2019-05-21,7.791356086730957
2019-05-22,7.781928062438965
2019-05-23,7.739506721496582
2019-05-24,7.753647804260254
2019-05-28,7.725367546081543
2019-05-29,7.697085857391357
2019-05-30,7.668806076049805
2019-05-31,7.546255111694336
2019-06-03,7.5745368003845215
2019-06-04,7.6593780517578125
2019-06-05,7.645237922668457
2019-06-06,7.673518657684326
2019-06-07,7.711227893829346
2019-06-10,7.763075351715088
2019-06-11,7.758360862731934
2019-06-12,7.767787933349609
2019-06-13,7.800782203674316
2019-06-14,7.819637298583984
2019-06-17,7.81492280960083
2019-06-18,7.852631092071533
2019-06-19,7.895049571990967
2019-06-20,7.824350833892822
2019-06-21,7.838491439819336
2019-06-24,7.824350833892822
2019-06-25,7.763075351715088
2019-06-26,7.744220733642578
2019-06-27,7.763075351715088
2019-06-28,7.833776950836182
2019-07-01,7.831847190856934
2019-07-02,7.875276565551758
2019-07-03,7.91387939453125
2019-07-05,7.91387939453125
2019-07-08,7.899404048919678
2019-07-09,7.889750957489014
2019-07-10,7.923530578613281
2019-07-11,7.909055233001709
2019-07-12,7.923530578613281
2019-07-15,7.933184623718262
2019-07-16,7.918704986572266
2019-07-17,7.875276565551758
2019-07-18,7.884926795959473
2019-07-19,7.870450019836426
2019-07-22,7.855973720550537
2019-07-23,7.870450019836426
2019-07-24,7.923530578613281
2019-07-25,7.904228687286377
2019-07-26,7.9380083084106445
2019-07-29,7.909055233001709
2019-07-30,7.986263275146484
2019-07-31,7.923530578613281
2019-08-01,7.884926795959473
2019-08-02,7.8945794105529785
2019-08-05,7.6919050216674805
2019-08-06,7.773940086364746
2019-08-07,7.740160942077637
2019-08-08,7.899404048919678
2019-08-09,7.827020645141602
2019-08-12,7.798068523406982
2019-08-13,7.84149694442749
2019-08-14,7.735337257385254
2019-08-15,7.764289855957031
2019-08-16,7.918704986572266
2019-08-19,7.966960906982422
2019-08-20,7.9766130447387695
2019-08-21,7.981438636779785
2019-08-22,7.981438636779785
2019-08-23,7.91387939453125
2019-08-26,7.928357124328613
2019-08-27,7.899404048919678
2019-08-28,7.889750957489014
2019-08-29,7.9380083084106445
2019-08-30,7.942833423614502
2019-09-03,7.909055233001709
2019-09-04,7.952484607696533
2019-09-05,8.000740051269531
2019-09-06,7.995914936065674
2019-09-09,8.03451919555664
2019-09-10,8.073123931884766
2019-09-11,8.087599754333496
2019-09-12,8.10207748413086
2019-09-13,8.135855674743652
2019-09-16,8.150331497192383
2019-09-17,8.150331497192383
2019-09-18,8.150331497192383
2019-09-19,8.150331497192383
2019-09-20,8.198586463928223
2019-09-23,8.19376277923584
2019-09-24,8.145505905151367
2019-09-25,8.140681266784668
2019-09-26,8.188935279846191
2019-09-27,8.159982681274414
2019-09-30,8.135855674743652
2019-10-01,8.020918846130371
2019-10-02,7.863067626953125
2019-10-03,7.853200435638428
2019-10-04,7.922259330749512
2019-10-07,7.971589088439941
2019-10-08,7.907462120056152
2019-10-09,7.932125568389893
2019-10-10,7.961723804473877
2019-10-11,7.976520538330078
2019-10-14,7.951857089996338
2019-10-15,8.015985488891602
2019-10-16,8.011052131652832
2019-10-17,8.030782699584961
2019-10-18,8.060380935668945
2019-10-21,8.085046768188477
2019-10-22,8.085046768188477
2019-10-23,8.075180053710938
2019-10-24,8.070247650146484
2019-10-25,8.050518035888672
2019-10-28,8.0949125289917
2019-10-29,8.0949125289917
2019-10-30,8.0949125289917
2019-10-31,8.070247650146484
2019-11-01,8.129441261291504
2019-11-04,8.13930892944336
2019-11-05,8.12450885772705
2019-11-06,8.163970947265625
2019-11-07,8.114644050598145
2019-11-08,8.114644050598145
2019-11-11,8.114644050598145
2019-11-12,8.168905258178711
2019-11-13,8.159039497375488
2019-11-14,8.163970947265625
2019-11-15,8.163970947265625
2019-11-18,8.154109001159668
2019-11-19,8.193572044372559
2019-11-20,8.178771018981934
2019-11-21,8.163970947265625
2019-11-22,8.144241333007812
2019-11-25,8.208370208740234
2019-11-26,8.213302612304688
2019-11-27,8.292229652404785
2019-11-29,8.321826934814453
2019-12-02,8.282363891601562
2019-12-03,8.257699966430664
2019-12-04,8.292229652404785
2019-12-05,8.297160148620605
2019-12-06,8.331692695617676
2019-12-09,8.346490859985352
2019-12-10,8.371152877807617
2019-12-11,8.385953903198242
2019-12-12,8.415552139282227
2019-12-13,8.430350303649902
2019-12-16,8.479679107666016
2019-12-17,8.51421070098877
2019-12-18,8.484613418579102
2019-12-19,8.489543914794922
2019-12-20,8.51421070098877
2019-12-23,8.450082778930664
2019-12-24,8.464879035949707
2019-12-26,8.469813346862793
2019-12-27,8.445148468017578
2019-12-30,8.428009986877441
2019-12-31,8.443132400512695
2020-01-02,8.453214645385742
2020-01-03,8.443132400512695
2020-01-06,8.463296890258789
2020-01-07,8.45825481414795
2020-01-08,8.463296890258789
2020-01-09,8.473376274108887
2020-01-10,8.46833610534668
2020-01-13,8.48849868774414
2020-01-14,8.503623008728027
2020-01-15,8.53386402130127
2020-01-16,8.579231262207031
2020-01-17,8.589313507080078
2020-01-21,8.569148063659668
2020-01-22,8.6044340133667
2020-01-23,8.584272384643555
2020-01-24,8.523783683776855
2020-01-27,8.48849868774414
2020-01-28,8.523783683776855
2020-01-29,8.508662223815918
2020-01-30,8.513701438903809
2020-01-31,8.47841739654541
2020-02-03,8.47841739654541
2020-02-04,8.538905143737793
2020-02-05,8.579231262207031
2020-02-06,8.599392890930176
2020-02-07,8.609477043151855
2020-02-10,8.579231262207031
2020-02-11,8.599392890930176
2020-02-12,8.589313507080078
2020-02-13,8.629636764526367
2020-02-14,8.619556427001953
2020-02-18,8.624594688415527
2020-02-19,8.584272384643555
2020-02-20,8.664922714233398
2020-02-21,8.609477043151855
2020-02-24,8.473376274108887
2020-02-25,8.090287208557129
2020-02-26,8.150774002075195
2020-02-27,7.88865852355957
2020-02-28,7.606382369995117
2020-03-02,7.898739337921143
2020-03-03,7.853374481201172
2020-03-04,8.019716262817383
2020-03-05,7.913862705230713
2020-03-06,7.727356910705566
2020-03-09,7.082149982452393
2020-03-10,7.122475624084473
2020-03-11,6.80491304397583
2020-03-12,5.9984049797058105
2020-03-13,6.240358352661133
2020-03-16,5.6707611083984375
2020-03-17,5.005392551422119
2020-03-18,4.093029499053955
2020-03-19,4.758398532867432
2020-03-20,4.455957412719727
2020-03-23,3.861158609390259
2020-03-24,4.340022087097168
2020-03-25,4.667665958404541
2020-03-26,5.217100143432617
2020-03-27,5.101164817810059
2020-03-30,4.834008693695068
2020-03-31,4.702950954437256
2020-04-01,4.334010124206543
2020-04-02,4.202993392944336
2020-04-03,4.003849506378174
2020-04-06,4.271121978759766
2020-04-07,4.664169788360596
2020-04-08,5.025773525238037
2020-04-09,5.5183939933776855
2020-04-13,5.4869513511657715
2020-04-14,5.659893035888672
2020-04-15,5.324491024017334
2020-04-16,5.209198474884033
2020-04-17,5.314010143280029
2020-04-20,5.109625339508057
2020-04-21,4.962886810302734
2020-04-22,4.947165012359619
2020-04-23,5.010051250457764
2020-04-24,5.245882034301758
2020-04-27,5.5183939933776855
2020-04-28,5.434544086456299
2020-04-29,5.748983860015869
2020-04-30,5.649410724639893
2020-05-01,5.387378692626953
2020-05-04,5.261603832244873
2020-05-05,5.397859573364258
2020-05-06,5.47646951675415
2020-05-07,5.61796760559082
2020-05-08,5.707057476043701
2020-05-11,5.686094760894775
2020-05-12,5.665133953094482
2020-05-13,5.460747718811035
2020-05-14,5.544597625732422
2020-05-15,5.633687973022461
2020-05-18,5.806628704071045
2020-05-19,5.906201362609863
2020-05-20,5.984811782836914
2020-05-21,6.105347156524658
2020-05-22,6.152513027191162
2020-05-26,6.409302711486816
2020-05-27,6.49839448928833
2020-05-28,6.3464155197143555
2020-05-29,6.304490566253662
2020-06-01,6.435506820678711
2020-06-02,6.487913131713867
2020-06-03,6.650372505187988
2020-06-04,6.671335220336914
2020-06-05,6.681817531585693
2020-06-08,7.043421268463135
2020-06-09,6.9386091232299805
2020-06-10,6.681817531585693
2020-06-11,6.278287887573242
2020-06-12,6.561281681060791
2020-06-15,6.608448028564453
2020-06-16,6.634650707244873
2020-06-17,6.49839448928833
2020-06-18,6.466951370239258
2020-06-19,6.451230049133301
2020-06-22,6.388340473175049
2020-06-23,6.351655006408691
2020-06-24,6.189197063446045
2020-06-25,6.27304744720459
2020-06-26,6.20491886138916
2020-06-29,6.288769245147705
2020-06-30,6.367378234863281
2020-07-01,6.278077602386475
2020-07-02,6.28348970413208
2020-07-06,6.261841297149658
2020-07-07,6.18607234954834
2020-07-08,6.153597831726074
2020-07-09,5.96958589553833
2020-07-10,6.072417259216309
2020-07-13,6.072417259216309
2020-07-14,6.169833660125732
2020-07-15,6.28348970413208
2020-07-16,6.267254829406738
2020-07-17,6.28348970413208
2020-07-20,6.2564287185668945
2020-07-21,6.321374416351318
2020-07-22,6.397145748138428
2020-07-23,6.4079694747924805
2020-07-24,6.28348970413208
2020-07-27,6.213132381439209
2020-07-28,6.278077602386475
2020-07-29,6.321374416351318
2020-07-30,6.310551166534424
2020-07-31,6.321374416351318
2020-08-03,6.418795108795166
2020-08-04,6.467504024505615
2020-08-05,6.575746536254883
2020-08-06,6.5649213790893555
2020-08-07,6.678577899932861
2020-08-10,6.819292068481445
2020-08-11,6.7597575187683105
2020-08-12,6.7326979637146
2020-08-13,6.716461658477783
2020-08-14,6.678577899932861
2020-08-17,6.651515960693359
2020-08-18,6.559508800506592
2020-08-19,6.52703857421875
2020-08-20,6.52162504196167
2020-08-21,6.510801792144775
2020-08-24,6.646103382110596
2020-08-25,6.597393989562988
2020-08-26,6.499977111816406
2020-08-27,6.554096698760986
2020-08-28,6.678577899932861
2020-08-31,6.608218669891357
2020-09-01,6.613630294799805
2020-09-02,6.629867076873779
2020-09-03,6.505389213562012
2020-09-04,6.494564533233643
2020-09-08,6.559508800506592
2020-09-09,6.570333480834961
2020-09-10,6.586570739746094
2020-09-11,6.61904239654541
2020-09-14,6.673163414001465
2020-09-15,6.662341594696045
2020-09-16,6.6894001960754395
2020-09-17,6.635279655456543
2020-09-18,6.602807998657227
2020-09-21,6.537861347198486
2020-09-22,6.554096698760986
2020-09-23,6.397145748138428
2020-09-24,6.359259128570557
2020-09-25,6.532448768615723
2020-09-28,6.678577899932861
2020-09-29,6.5649213790893555
2020-09-30,6.575746536254883
2020-10-01,6.709604740142822
2020-10-02,6.7542219161987305
2020-10-05,6.743069171905518
2020-10-06,6.692871570587158
2020-10-07,6.737490653991699
2020-10-08,6.793263912200928
2020-10-09,6.770954608917236
2020-10-12,6.687293529510498
2020-10-13,6.637097358703613
2020-10-14,6.659406661987305
2020-10-15,6.642673969268799
2020-10-16,6.609210014343262
2020-10-19,6.5143938064575195
2020-10-20,6.531126499176025
2020-10-21,6.5143938064575195
2020-10-22,6.531126499176025
2020-10-23,6.581323146820068
2020-10-26,6.469775199890137
2020-10-27,6.492084503173828
2020-10-28,6.2912983894348145
2020-10-29,6.308032035827637
2020-10-30,6.268989562988281
2020-11-02,6.425157070159912
2020-11-03,6.51997184753418
2020-11-04,6.5478596687316895
2020-11-05,6.787687301635742
2020-11-06,6.759799480438232
2020-11-09,6.921544551849365
2020-11-10,7.133484840393066
2020-11-11,7.178103923797607
2020-11-12,7.066555976867676
2020-11-13,7.178103923797607
2020-11-16,7.339850425720215
2020-11-17,7.35658073425293
2020-11-18,7.3286943435668945
2020-11-19,7.468130111694336
2020-11-20,7.440241813659668
2020-11-23,7.607562065124512
2020-11-24,7.713533878326416
2020-11-25,7.786036968231201
2020-11-27,7.780462741851807
2020-11-30,7.657760143280029
2020-12-01,7.780462741851807
2020-12-02,7.791617393493652
2020-12-03,7.897588729858398
2020-12-04,7.970094203948975
2020-12-07,7.858546257019043
2020-12-08,7.858546257019043
2020-12-09,7.83065938949585
2020-12-10,7.774886131286621
2020-12-11,7.808349132537842
2020-12-14,7.780462741851807
2020-12-15,7.836236000061035
2020-12-16,7.852969169616699
2020-12-17,7.852969169616699
2020-12-18,7.813926696777344
2020-12-21,7.752575397491455
2020-12-22,7.668915271759033
2020-12-23,7.746997833251953
2020-12-24,7.741420269012451
2020-12-28,7.719110488891602
2020-12-29,7.76194953918457
2020-12-30,7.7676591873168945
2020-12-31,7.841909885406494
2021-01-04,7.7676591873168945
2021-01-05,7.824774742126465
2021-01-06,7.916158199310303
2021-01-07,7.978985786437988
2021-01-08,8.024677276611328
2021-01-11,7.944716930389404
2021-01-12,7.961851596832275
2021-01-13,7.984697341918945
2021-01-14,8.093214988708496
2021-01-15,8.133195877075195
2021-01-19,8.150331497192383
2021-01-20,8.190309524536133
2021-01-21,8.24742603302002
2021-01-22,8.236004829406738
2021-01-25,8.178888320922852
2021-01-26,8.224581718444824
2021-01-27,8.167465209960938
2021-01-28,8.121773719787598
2021-01-29,8.001832008361816
2021-02-01,8.138908386230469
2021-02-02,8.321676254272461
2021-02-03,8.3673677444458
2021-02-04,8.424483299255371
2021-02-05,8.538714408874512
2021-02-08,8.567273139953613
2021-02-09,8.453042030334473
2021-02-10,8.635809898376465
2021-02-11,8.612963676452637
2021-02-12,8.635809898376465
2021-02-16,8.675788879394531
2021-02-17,8.675788879394531
2021-02-18,8.692924499511719
2021-02-19,8.692924499511719
2021-02-22,8.772884368896484
2021-02-23,8.704347610473633
2021-02-24,8.858559608459473
2021-02-25,8.76146411895752
2021-02-26,8.847136497497559
2021-03-01,8.944232940673828
2021-03-02,9.087018966674805
2021-03-03,9.092731475830078
2021-03-04,8.989923477172852
2021-03-05,8.91567325592041
2021-03-08,9.058463096618652
2021-03-09,9.092731475830078
2021-03-10,9.155557632446289
2021-03-11,9.224096298217773
2021-03-12,9.281209945678711
2021-03-15,9.435420989990234
2021-03-16,9.366883277893066
2021-03-17,9.395440101623535
2021-03-18,9.155557632446289
2021-03-19,9.252653121948242
2021-03-22,9.229808807373047
2021-03-23,9.138422012329102
2021-03-24,9.06988525390625
2021-03-25,9.166979789733887
2021-03-26,9.286922454833984
2021-03-29,9.246942520141602
2021-03-30,9.281209945678711
2021-03-31,9.252653121948242
2021-04-01,9.387680053710938
2021-04-05,9.481208801269531
2021-04-06,9.57473373413086
2021-04-07,9.644877433776855
2021-04-08,9.685795783996582
2021-04-09,9.720867156982422
2021-04-12,9.715025901794434
2021-04-13,9.668259620666504
2021-04-14,9.627341270446777
2021-04-15,9.697488784790039
2021-04-16,9.715025901794434
2021-04-19,9.726714134216309
2021-04-20,9.65656852722168
2021-04-21,9.755940437316895
2021-04-22,9.674105644226074
2021-04-23,9.744251251220703
2021-04-26,9.767630577087402
2021-04-27,9.826086044311523
2021-04-28,9.849467277526855
2021-04-29,9.90792179107666
2021-04-30,9.814395904541016
2021-05-03,9.814395904541016
2021-05-04,9.75009536743164
2021-05-05,9.808549880981445
2021-05-06,9.796856880187988
2021-05-07,9.831929206848145
2021-05-10,9.738404273986816
2021-05-11,9.615652084350586
2021-05-12,9.294156074523926
2021-05-13,9.557197570800781
2021-05-14,9.679949760437012
2021-05-17,9.761788368225098
2021-05-18,9.779321670532227
2021-05-19,9.802704811096191
2021-05-20,9.814395904541016
2021-05-21,9.826086044311523
2021-05-24,9.872847557067871
2021-05-25,9.761788368225098
2021-05-26,9.86700439453125
2021-05-27,9.937146186828613
2021-05-28,9.989755630493164
2021-06-01,10.094971656799316
2021-06-02,10.135889053344727
2021-06-03,10.176806449890137
2021-06-04,10.194343566894531
2021-06-07,10.235262870788574
2021-06-08,10.276180267333984
2021-06-09,10.29956340789795
2021-06-10,10.229415893554688
2021-06-11,10.322941780090332
2021-06-14,10.328786849975586
2021-06-15,10.188499450683594
2021-06-16,10.246952056884766
2021-06-17,10.124198913574219
2021-06-18,9.925456047058105
2021-06-21,10.089125633239746
2021-06-22,10.094971656799316
2021-06-23,10.083282470703125
2021-06-24,10.147581100463867
2021-06-25,10.083282470703125
2021-06-28,10.10081958770752
2021-06-29,10.01313591003418
2021-06-30,10.030673027038574
2021-07-01,10.094995498657227
2021-07-02,10.214112281799316
2021-07-06,10.208155632019043
2021-07-07,10.118818283081055
2021-07-08,10.053305625915527
2021-07-09,10.184331893920898
2021-07-12,10.279622077941895
2021-07-13,10.208155632019043
2021-07-14,10.154550552368164
2021-07-15,10.10690689086914
2021-07-16,10.047348976135254
2021-07-19,9.910367965698242
2021-07-20,10.083084106445312
2021-07-21,10.130732536315918
2021-07-22,10.100950241088867
2021-07-23,10.094995498657227
2021-07-26,10.154550552368164
2021-07-27,10.1426420211792
2021-07-28,10.202197074890137
2021-07-29,10.124773979187012
2021-07-30,10.100950241088867
2021-08-02,10.112863540649414
2021-08-03,10.03543758392334
2021-08-04,9.999704360961914
2021-08-05,10.124773979187012
2021-08-06,10.178376197814941
2021-08-09,10.172419548034668
2021-08-10,10.26175594329834
2021-08-11,10.273667335510254
2021-08-12,10.327268600463867
2021-08-13,10.380871772766113
2021-08-16,10.333226203918457
2021-08-17,10.279622077941895
2021-08-18,10.202197074890137
2021-08-19,9.9163236618042
2021-08-20,10.118818283081055
2021-08-23,10.154550552368164
2021-08-24,10.190286636352539
2021-08-25,10.273667335510254
2021-08-26,10.208155632019043
2021-08-27,10.291535377502441
2021-08-30,10.22006607055664
2021-08-31,10.226021766662598
2021-09-01,10.237932205200195
2021-09-02,10.309403419494629
2021-09-03,10.327268600463867
2021-09-07,10.208155632019043
2021-09-08,10.231978416442871
2021-09-09,10.24984359741211
2021-09-10,10.22006607055664
2021-09-13,10.22006607055664
2021-09-14,10.208155632019043
2021-09-15,10.327268600463867
2021-09-16,10.243890762329102
2021-09-17,10.184331893920898
2021-09-20,10.023527145385742
2021-09-21,10.130732536315918
2021-09-22,10.243890762329102
2021-09-23,10.267711639404297
2021-09-24,10.285577774047852
2021-09-27,10.285577774047852
2021-09-28,10.243890762329102
2021-09-29,10.291535377502441
2021-09-30,10.214112281799316
2021-10-01,10.30592155456543
2021-10-04,10.31808090209961
2021-10-05,10.384963035583496
2021-10-06,10.433605194091797
2021-10-07,10.391043663024902
2021-10-08,10.476165771484375
2021-10-11,10.457927703857422
2021-10-12,10.494403839111328
2021-10-13,10.56128978729248
2021-10-14,10.56128978729248
2021-10-15,10.573450088500977
2021-10-18,10.597770690917969
2021-10-19,10.640329360961914
2021-10-20,10.664651870727539
2021-10-21,10.682891845703125
2021-10-22,10.701133728027344
2021-10-25,10.688972473144531
2021-10-26,10.676811218261719
2021-10-27,10.64641284942627
2021-10-28,10.719371795654297
2021-10-29,10.682891845703125
2021-11-01,10.664651870727539
2021-11-02,10.609931945800781
2021-11-03,10.597770690917969
2021-11-04,10.609931945800781
2021-11-05,10.695054054260254
2021-11-08,10.774096488952637
2021-11-09,10.688972473144531
2021-11-10,10.676811218261719
2021-11-11,10.725454330444336
2021-11-12,10.713296890258789
2021-11-15,10.652493476867676
2021-11-16,10.658571243286133
2021-11-17,10.628170013427734
2021-11-18,10.634251594543457
2021-11-19,10.549128532409668
2021-11-22,10.573450088500977
2021-11-23,10.597770690917969
2021-11-24,10.609931945800781
2021-11-26,10.482247352600098
2021-11-29,10.500486373901367
2021-11-30,10.427525520324707
2021-12-01,10.336320877075195
2021-12-02,10.488326072692871
2021-12-03,10.439685821533203
2021-12-06,10.524808883666992
2021-12-07,10.579527854919434
2021-12-08,10.56736946105957
2021-12-09,10.530887603759766
2021-12-10,10.56128978729248
2021-12-13,10.464005470275879
2021-12-14,10.36064338684082
2021-12-15,10.409283638000488
2021-12-16,10.330241203308105
2021-12-17,10.257279396057129
2021-12-20,10.196476936340332
2021-12-21,10.34240436553955
2021-12-22,10.451845169067383
2021-12-23,10.573450088500977
2021-12-27,10.628170013427734
2021-12-28,10.658571243286133
2021-12-29,10.652984619140625
2021-12-30,10.652984619140625
2021-12-31,10.6840238571167
2022-01-03,10.746106147766113
2022-01-04,10.839225769042969
2022-01-05,10.727482795715332
2022-01-06,10.764729499816895
2022-01-07,10.864057540893555
2022-01-10,10.839225769042969
2022-01-11,11.050298690795898
2022-01-12,11.124794960021973
2022-01-13,10.96959400177002
2022-01-14,10.926138877868652
2022-01-18,10.963385581970215
2022-01-19,10.91372299194336
2022-01-20,10.795770645141602
2022-01-21,10.603321075439453
2022-01-24,10.466745376586914
2022-01-25,10.65919303894043
2022-01-26,10.71506404876709
2022-01-27,10.752313613891602
2022-01-28,10.752313613891602
2022-01-31,10.91993236541748
2022-02-01,11.031675338745117
2022-02-02,11.037883758544922
2022-02-03,10.994424819946289
2022-02-04,11.037883758544922
2022-02-07,11.124794960021973
2022-02-08,11.143418312072754
2022-02-09,11.068923950195312
2022-02-10,11.01305103302002
2022-02-11,10.950969696044922
2022-02-14,10.864057540893555
2022-02-15,10.895099639892578
2022-02-16,11.01305103302002
2022-02-17,10.91372299194336
2022-02-18,10.91372299194336
2022-02-22,10.808185577392578
2022-02-23,10.702651023864746
2022-02-24,10.690232276916504
2022-02-25,10.88888931274414
2022-02-28,10.91372299194336
2022-03-01,10.857850074768066
2022-03-02,11.056507110595703
2022-03-03,11.068923950195312
2022-03-04,11.006842613220215
2022-03-07,10.677818298339844
2022-03-08,10.677818298339844
2022-03-09,10.75852108001709
2022-03-10,10.702651023864746
2022-03-11,10.671607971191406
2022-03-14,10.628152847290039
2022-03-15,10.65919303894043
2022-03-16,10.708857536315918
2022-03-17,10.882682800292969
2022-03-18,10.84543514251709
2022-03-21,10.9447603225708
2022-03-22,11.01305103302002
2022-03-23,10.9447603225708
2022-03-24,10.950969696044922
2022-03-25,11.068923950195312
2022-03-28,11.068923950195312
2022-03-29,11.124794960021973
2022-03-30,11.106170654296875
2022-03-31,11.1185884475708
2022-04-01,11.2496337890625
2022-04-04,11.154675483703613
2022-04-05,11.142012596130371
2022-04-06,11.059714317321777
2022-04-07,11.0660400390625
2022-04-08,11.154675483703613
2022-04-11,11.0913667678833
2022-04-12,11.05338191986084
2022-04-13,11.211647033691406
2022-04-14,11.211647033691406
2022-04-18,11.262292861938477
2022-04-19,11.312941551208496
2022-04-20,11.401568412780762
2022-04-21,11.312941551208496
2022-04-22,11.078703880310059
2022-04-25,11.078703880310059
2022-04-26,10.629226684570312
2022-04-27,10.793822288513184
2022-04-28,10.850798606872559
2022-04-29,10.616564750671387
2022-05-02,10.42031192779541
2022-05-03,10.654548645019531
2022-05-04,10.863460540771484
2022-05-05,10.572250366210938
2022-05-06,10.6355562210083
2022-05-09,10.236722946166992
2022-05-10,10.388659477233887
2022-05-11,10.268376350402832
2022-05-12,10.01514720916748
2022-05-13,10.217729568481445
2022-05-16,10.3380126953125
2022-05-17,10.432973861694336
2022-05-18,10.148094177246094
2022-05-19,9.996155738830566
2022-05-20,9.768253326416016
2022-05-23,9.88853645324707
2022-05-24,9.812567710876465
2022-05-25,10.01514720916748
2022-05-26,10.173417091369629
2022-05-27,10.369668006896973
2022-05-31,10.255715370178223
2022-06-01,10.300029754638672
2022-06-02,10.350675582885742
2022-06-03,10.262044906616211
2022-06-06,10.3380126953125
2022-06-07,10.357006072998047
2022-06-08,10.262044906616211
2022-06-09,10.097448348999023
2022-06-10,10.040472030639648
2022-06-13,9.527685165405273
2022-06-14,9.489700317382812
2022-06-15,9.553009986877441
2022-06-16,9.14151382446289
2022-06-17,9.274456977844238
2022-06-21,9.401071548461914
2022-06-22,9.369418144226074
2022-06-23,9.35042667388916
2022-06-24,9.584661483764648
2022-06-27,9.704944610595703
2022-06-28,9.609984397888184
2022-06-29,9.50869369506836
2022-06-30,9.559337615966797
2022-07-01,9.84365463256836
2022-07-05,9.869677543640137
2022-07-06,9.7850980758667
2022-07-07,9.895702362060547
2022-07-08,9.999798774719238
2022-07-11,9.850159645080566
2022-07-12,9.921727180480957
2022-07-13,9.869677543640137
2022-07-14,9.759075164794922
2022-07-15,9.856664657592773
2022-07-18,9.915221214294434
2022-07-19,10.064859390258789
2022-07-20,10.11690902709961
2022-07-21,10.103896141052246
2022-07-22,10.077872276306152
2022-07-25,9.993290901184082
2022-07-26,10.064859390258789
2022-07-27,10.221004486083984
2022-07-28,10.383655548095703
2022-07-29,10.36413860321045
2022-08-01,10.448716163635254
2022-08-02,10.357629776000977
2022-08-03,10.435704231262207
2022-08-04,10.42269229888916
2022-08-05,10.552813529968262
2022-08-08,10.663414001464844
2022-08-09,10.572330474853516
2022-08-10,10.669920921325684
2022-08-11,10.728475570678711
2022-08-12,10.813056945800781
2022-08-15,10.774018287658691
2022-08-16,10.845585823059082
2022-08-17,10.643898010253906
2022-08-18,10.728475570678711
2022-08-19,10.565824508666992
2022-08-22,10.429198265075684
2022-08-23,10.539801597595215
2022-08-24,10.663414001464844
2022-08-25,10.669920921325684
2022-08-26,10.526787757873535
2022-08-29,10.474740028381348
2022-08-30,10.292570114135742
2022-08-31,10.344618797302246
2022-09-01,10.149436950683594
2022-09-02,10.155942916870117
2022-09-06,10.064859390258789
2022-09-07,10.168956756591797
2022-09-08,10.247028350830078
2022-09-09,10.37064266204834
2022-09-12,10.42269229888916
2022-09-13,10.201486587524414
2022-09-14,10.162450790405273
2022-09-15,10.194979667663574
2022-09-16,10.08437728881836
2022-09-19,10.103896141052246
2022-09-20,9.915221214294434
2022-09-21,9.882689476013184
2022-09-22,9.550881385803223
2022-09-23,9.349193572998047
2022-09-26,8.991361618041992
2022-09-27,9.056422233581543
2022-09-28,9.238590240478516
2022-09-29,8.789674758911133
2022-09-30,8.82870864868164
2022-10-03,8.989718437194824
2022-10-04,9.519710540771484
2022-10-05,9.351991653442383
2022-10-06,9.23123550415039
2022-10-07,9.137313842773438
2022-10-10,8.976302146911621
2022-10-11,8.962882995605469
2022-10-12,9.043387413024902
2022-10-13,9.244651794433594
2022-10-14,9.190982818603516
2022-10-17,9.318449020385742
2022-10-18,9.43249797821045
2022-10-19,9.318449020385742
2022-10-20,9.284905433654785
2022-10-21,9.284905433654785
2022-10-24,9.419079780578613
2022-10-25,9.727683067321777
2022-10-26,9.747806549072266
2022-10-27,9.781352043151855
2022-10-28,9.902109146118164
2022-10-31,9.86856460571289
2022-11-01,9.94906997680664
2022-11-02,9.841728210449219
2022-11-03,9.92894458770752
2022-11-04,10.069828987121582
2022-11-07,10.244256019592285
2022-11-08,10.063118934631348
2022-11-09,9.97590446472168
2022-11-10,10.170458793640137
2022-11-11,10.277799606323242
2022-11-14,10.143622398376465
2022-11-15,10.250962257385254
2022-11-16,10.244256019592285
2022-11-17,10.20400333404541
2022-11-18,10.20400333404541
2022-11-21,10.197294235229492
2022-11-22,10.34488582611084
2022-11-23,10.371723175048828
2022-11-25,10.425392150878906
2022-11-28,10.20400333404541
2022-11-29,10.224129676818848
2022-11-30,10.358304023742676
2022-12-01,10.284507751464844
2022-12-02,10.277799606323242
2022-12-05,10.096662521362305
2022-12-06,9.875274658203125
2022-12-07,9.881983757019043
2022-12-08,9.935653686523438
2022-12-09,9.97590446472168
2022-12-12,9.99603271484375
2022-12-13,10.022867202758789
2022-12-14,9.942362785339355
2022-12-15,9.902109146118164
2022-12-16,9.767934799194336
2022-12-19,9.606924057006836
2022-12-20,9.694136619567871
2022-12-21,9.767934799194336
2022-12-22,9.700847625732422
2022-12-23,9.855148315429688
2022-12-27,9.835021018981934
2022-12-28,9.72656536102295
2022-12-29,9.857819557189941
2022-12-30,9.774920463562012
2023-01-03,9.871633529663086
2023-01-04,10.044336318969727
2023-01-05,9.940715789794922
2023-01-06,9.982163429260254
2023-01-09,10.044336318969727
2023-01-10,10.113417625427246
2023-01-11,10.334474563598633
2023-01-12,10.493359565734863
2023-01-13,10.389739036560059
2023-01-17,10.445002555847168
2023-01-18,10.389739036560059
2023-01-19,10.27921199798584
2023-01-20,10.4104642868042
2023-01-23,10.527901649475098
2023-01-24,10.50026798248291
2023-01-25,10.486452102661133
2023-01-26,10.59007453918457
2023-01-27,10.679879188537598
2023-01-30,10.514084815979004
2023-01-31,10.583166122436523
2023-02-01,10.728235244750977
2023-02-02,10.79040813446045
2023-02-03,10.762774467468262
2023-02-06,10.65915584564209
2023-02-07,10.755867004394531
2023-02-08,10.64533805847168
2023-02-09,10.50026798248291
2023-02-10,10.610798835754395
2023-02-13,10.65915584564209
2023-02-14,10.65915584564209
2023-02-15,10.672969818115234
2023-02-16,10.679879188537598
2023-02-17,10.776591300964355
2023-02-21,10.555532455444336
2023-02-22,10.610798835754395
2023-02-23,10.748960494995117
2023-02-24,10.728235244750977
2023-02-27,10.818041801452637
2023-02-28,10.742050170898438
2023-03-01,10.693693161010742
2023-03-02,10.742050170898438
2023-03-03,10.797316551208496
2023-03-06,10.811131477355957
2023-03-07,10.624613761901855
2023-03-08,10.652246475219727
2023-03-09,10.196313858032227
2023-03-10,9.72656536102295
2023-03-13,9.664392471313477
2023-03-14,9.926899909973145
2023-03-15,9.72656536102295
2023-03-16,9.89235782623291
2023-03-17,9.712747573852539
2023-03-20,9.781828880310059
2023-03-21,10.037425994873047
2023-03-22,9.850910186767578
2023-03-23,9.795646667480469
2023-03-24,9.947622299194336
2023-03-27,10.078874588012695
2023-03-28,10.078874588012695
2023-03-29,10.127232551574707
2023-03-30,10.175589561462402
2023-03-31,10.244669914245605
2023-04-03,10.226879119873047
2023-04-04,10.134360313415527
2023-04-05,10.020490646362305
2023-04-06,10.120126724243164
2023-04-10,10.020490646362305
2023-04-11,10.105891227722168
2023-04-12,10.205528259277344
2023-04-13,10.347865104675293
2023-04-14,10.269579887390137
2023-04-17,10.376331329345703
2023-04-18,10.212646484375
2023-04-19,10.326513290405273
2023-04-20,10.191293716430664
2023-04-21,10.255345344543457
2023-04-24,10.312280654907227
2023-04-25,10.162826538085938
2023-04-26,10.091659545898438
2023-04-27,10.255345344543457
2023-04-28,10.362098693847656
2023-05-01,10.269579887390137
2023-05-02,10.063192367553711
2023-05-03,10.084542274475098
2023-05-04,9.842568397521973
2023-05-05,10.148592948913574
2023-05-08,10.248228073120117
2023-05-09,10.162826538085938
2023-05-10,10.205528259277344
2023-05-11,10.184178352355957
2023-05-12,10.141475677490234
2023-05-15,10.23399543762207
2023-05-16,10.120126724243164
2023-05-17,10.269579887390137
2023-05-18,10.326513290405273
2023-05-19,10.41903305053711
2023-05-22,10.426149368286133
2023-05-23,10.426149368286133
2023-05-24,10.376331329345703
2023-05-25,10.35498046875
2023-05-26,10.44038200378418
2023-05-30,10.511552810668945
2023-05-31,10.4617338180542
2023-06-01,10.589838027954102
2023-06-02,10.646770477294922
2023-06-05,10.675238609313965
2023-06-06,10.717939376831055
2023-06-07,10.803340911865234
2023-06-08,10.810457229614258
2023-06-09,10.781988143920898
2023-06-12,10.796225547790527
2023-06-13,10.831808090209961
2023-06-14,10.760638236999512
2023-06-15,10.8389253616333
2023-06-16,10.824692726135254
2023-06-20,10.781988143920898
2023-06-21,10.760638236999512
2023-06-22,10.632537841796875
2023-06-23,10.518668174743652
2023-06-26,10.639652252197266
2023-06-27,10.725056648254395
2023-06-28,10.803340911865234
2023-06-29,10.931445121765137
2023-06-30,10.931445121765137
2023-07-03,10.974611282348633
2023-07-05,10.959978103637695
2023-07-06,10.959978103637695
2023-07-07,11.018510818481445
2023-07-10,11.05509090423584
2023-07-11,11.13557243347168
2023-07-12,11.21605396270752
2023-07-13,11.238001823425293
2023-07-14,11.230685234069824
2023-07-17,11.311165809631348
2023-07-18,11.43554401397705
2023-07-19,11.428228378295898
2023-07-20,11.355066299438477
2023-07-21,11.391647338867188
2023-07-24,11.4940767288208
2023-07-25,11.406278610229492
2023-07-26,11.567239761352539
2023-07-27,11.516026496887207
2023-07-28,11.545292854309082
2023-07-31,11.545292854309082
2023-08-01,11.530657768249512
2023-08-02,11.4940767288208
2023-08-03,11.479442596435547
2023-08-04,11.574557304382324
2023-08-07,11.633088111877441
2023-08-08,11.59650707244873
2023-08-09,11.603822708129883
2023-08-10,11.545292854309082
2023-08-11,11.516026496887207
2023-08-14,11.530657768249512
2023-08-15,11.420910835266113
2023-08-16,11.406278610229492
2023-08-17,11.274584770202637
2023-08-18,11.362380027770996
2023-08-21,11.384330749511719
2023-08-22,11.223368644714355
2023-08-23,11.3184814453125
2023-08-24,11.325798034667969
2023-08-25,11.333115577697754
2023-08-28,11.420910835266113
2023-08-29,11.4940767288208
2023-08-30,11.537976264953613
2023-08-31,11.537976264953613
2023-09-01,11.55992317199707
2023-09-05,11.43554401397705
2023-09-06,11.340431213378906
2023-09-07,11.398963928222656
2023-09-08,11.486761093139648
2023-09-11,11.545292854309082
2023-09-12,11.523340225219727
2023-09-13,11.574557304382324
2023-09-14,11.633088111877441
2023-09-15,11.684304237365723
2023-09-18,11.72088623046875
2023-09-19,11.735517501831055
2023-09-20,11.72088623046875
2023-09-21,11.55992317199707
2023-09-22,11.64040470123291
2023-09-25,11.72088623046875
2023-09-26,11.574557304382324
2023-09-27,11.64040470123291
2023-09-28,11.772099494934082
2023-09-29,11.728202819824219
2023-10-02,11.50782299041748
2023-10-03,11.289700508117676
2023-10-04,11.267135620117188
2023-10-05,11.319786071777344
2023-10-06,11.379958152770996
2023-10-09,11.470215797424316
2023-10-10,11.492779731750488
2023-10-11,11.537908554077148
2023-10-12,11.470215797424316
2023-10-13,11.455171585083008
2023-10-16,11.673295974731445
2023-10-17,11.643208503723145
2023-10-18,11.500301361083984
2023-10-19,11.342348098754883
2023-10-20,11.259615898132324
2023-10-23,11.184399604797363
2023-10-24,11.259615898132324
2023-10-25,11.169357299804688
2023-10-26,11.176878929138184
2023-10-27,11.033970832824707
2023-10-30,11.146793365478516
2023-10-31,11.184399604797363
2023-11-01,11.379958152770996
2023-11-02,11.620645523071289
2023-11-03,11.74850845336914
2023-11-06,11.680814743041992
2023-11-07,11.643208503723145
2023-11-08,11.628166198730469
2023-11-09,11.695857048034668
2023-11-10,11.733466148376465
2023-11-13,11.740985870361328
2023-11-14,11.876372337341309
2023-11-15,11.891417503356934
2023-11-16,11.823722839355469
2023-11-17,11.853808403015137
2023-11-20,11.913980484008789
2023-11-21,11.89893913269043
2023-11-22,11.936545372009277
2023-11-24,11.996716499328613
2023-11-27,11.966630935668945
2023-11-28,11.921503067016602
2023-11-29,11.89893913269043
2023-11-30,11.921503067016602
2023-12-01,11.981675148010254
2023-12-04,11.989194869995117
2023-12-05,11.929023742675781
2023-12-06,11.89893913269043
2023-12-07,12.011760711669922
2023-12-08,12.117061614990234
2023-12-11,12.079451560974121
2023-12-12,12.162188529968262
2023-12-13,12.229881286621094
2023-12-14,12.297575950622559
2023-12-15,12.259966850280762
2023-12-18,12.31261920928955
2023-12-19,12.380311965942383
2023-12-20,12.290054321289062
2023-12-21,12.320137977600098
2023-12-22,12.37278938293457
2023-12-26,12.432962417602539
2023-12-27,12.493335723876953
2023-12-28,12.516559600830078
2023-12-29,12.415931701660156
2024-01-02,12.446893692016602
2024-01-03,12.40819263458252
2024-01-04,12.710074424743652
2024-01-05,12.69459342956543
2024-01-08,12.75651741027832
2024-01-09,12.702333450317383
2024-01-10,12.702333450317383
2024-01-11,12.67137336730957
2024-01-12,12.686851501464844
2024-01-16,12.563002586364746
2024-01-17,12.555262565612793
2024-01-18,12.624927520751953
2024-01-19,12.655889511108398
2024-01-22,12.741037368774414
2024-01-23,12.75651741027832
2024-01-24,12.702333450317383
2024-01-25,12.764260292053223
2024-01-26,12.826183319091797
2024-01-29,12.764260292053223
2024-01-30,12.826183319091797
2024-01-31,12.601706504821777
2024-02-01,12.485596656799316
2024-02-02,12.508819580078125
2024-02-05,12.40819263458252
2024-02-06,12.369487762451172
2024-02-07,12.40819263458252
2024-02-08,12.392709732055664
2024-02-09,12.392709732055664
2024-02-12,12.501077651977539
2024-02-13,12.392709732055664
2024-02-14,12.454634666442871
2024-02-15,12.601706504821777
2024-02-16,12.648149490356445
2024-02-20,12.609448432922363
2024-02-21,12.601706504821777
2024-02-22,12.679110527038574
2024-02-23,12.69459342956543
2024-02-26,12.67137336730957
2024-02-27,12.655889511108398
2024-02-28,12.539782524108887
2024-02-29,12.601706504821777
2024-03-01,12.578485488891602
2024-03-04,12.601706504821777
2024-03-05,12.524299621582031
2024-03-06,12.632668495178223
2024-03-07,12.6636323928833
2024-03-08,12.69459342956543
2024-03-11,12.741037368774414
2024-03-12,12.779740333557129
2024-03-13,12.810702323913574
2024-03-14,12.609448432922363
2024-03-15,12.702333450317383
2024-03-18,12.655889511108398
2024-03-19,12.655889511108398
2024-03-20,12.717814445495605
2024-03-21,12.77199935913086
2024-03-22,12.741037368774414
2024-03-25,12.802962303161621
2024-03-26,12.880367279052734
2024-03-27,12.980996131896973
2024-03-28,13.081623077392578
2024-04-01,12.936819076538086
2024-04-02,12.976601600646973
2024-04-03,12.992513656616211
2024-04-04,12.873169898986816
2024-04-05,13.02433967590332
2024-04-08,13.040250778198242
2024-04-09,13.064119338989258
2024-04-10,13.02433967590332
2024-04-11,13.064119338989258
2024-04-12,12.904995918273926
2024-04-15,12.841343879699707
2024-04-16,12.865213394165039
2024-04-17,12.928864479064941
2024-04-18,13.016383171081543
2024-04-19,13.09594440460205
2024-04-22,13.207330703735352
2024-04-23,13.270980834960938
2024-04-24,13.286894798278809
2024-04-25,13.199376106262207
2024-04-26,13.318717956542969
2024-04-29,13.358500480651855
2024-04-30,13.247113227844238
2024-05-01,13.366456031799316
2024-05-02,13.247113227844238
2024-05-03,13.286894798278809
2024-05-06,13.461932182312012
2024-05-07,13.430106163024902
2024-05-08,13.39828109741211
2024-05-09,13.50966739654541
2024-05-10,13.565361022949219
2024-05-13,13.525580406188965
2024-05-14,13.605141639709473
2024-05-15,13.525580406188965
2024-05-16,13.50966739654541
2024-05-17,13.541492462158203
2024-05-20,13.58923053741455
2024-05-21,13.636966705322266
2024-05-22,13.541492462158203
2024-05-23,13.430106163024902
2024-05-24,13.55740737915039
2024-05-28,13.57331657409668
2024-05-29,13.55740737915039
2024-05-30,13.644923210144043
2024-05-31,13.78017807006836
2024-06-03,13.827917098999023
2024-06-04,13.740399360656738
2024-06-05,13.716527938842773
2024-06-06,13.692659378051758
2024-06-07,13.740399360656738
2024-06-10,13.700616836547852
2024-06-11,13.62105655670166
2024-06-12,13.652880668640137
2024-06-13,13.533536911010742
2024-06-14,13.525580406188965
2024-06-17,13.549449920654297
2024-06-18,13.493755340576172
2024-06-20,13.55740737915039
2024-06-21,13.525580406188965
2024-06-24,13.58923053741455
2024-06-25,13.541492462158203
2024-06-26,13.549449920654297
2024-06-27,13.636966705322266
2024-06-28,13.6131010055542
2024-07-01,13.58286190032959
2024-07-02,13.713622093200684
2024-07-03,13.819866180419922
2024-07-05,13.868900299072266
2024-07-08,13.877073287963867
2024-07-09,13.762657165527344
2024-07-10,13.852556228637695
2024-07-11,13.885246276855469
2024-07-12,13.877073287963867
2024-07-15,13.844383239746094
2024-07-16,13.819866180419922
2024-07-17,13.787175178527832
2024-07-18,13.680930137634277
2024-07-19,13.615549087524414
2024-07-22,13.738137245178223
2024-07-23,13.656413078308105
2024-07-24,13.525650978088379
2024-07-25,13.550168991088867
2024-07-26,13.680930137634277
2024-07-29,13.640069961547852
2024-07-30,13.754486083984375
2024-07-31,13.615549087524414
2024-08-01,13.525650978088379
2024-08-02,13.092504501342773
2024-08-05,12.667529106140137
2024-08-06,12.961743354797363
2024-08-07,12.855498313903809
2024-08-08,12.94539737701416
2024-08-09,12.920879364013672
2024-08-12,12.896363258361816
2024-08-13,12.91270637512207
2024-08-14,12.953570365905762
2024-08-15,13.100678443908691
2024-08-16,13.141539573669434
2024-08-19,13.198747634887695
2024-08-20,13.12519359588623
2024-08-21,13.206921577453613
2024-08-22,13.215092658996582
2024-08-23,13.280474662780762
2024-08-26,13.280474662780762
2024-08-27,13.345854759216309
2024-08-28,13.264128684997559
2024-08-29,13.345854759216309
2024-08-30,13.43575382232666
2024-09-03,13.362199783325195
2024-09-04,13.345854759216309
2024-09-05,13.354026794433594
2024-09-06,13.182401657104492
2024-09-09,13.215092658996582
2024-09-10,13.166058540344238
2024-09-11,13.190573692321777
2024-09-12,13.296819686889648
2024-09-13,13.43575382232666
2024-09-16,13.443926811218262
2024-09-17,13.337681770324707
2024-09-18,13.394889831542969
2024-09-19,13.525650978088379
2024-09-20,13.468442916870117
2024-09-23,13.501133918762207
2024-09-24,13.492961883544922
2024-09-25,13.329509735107422
2024-09-26,13.419407844543457
2024-09-27,13.533824920654297
2024-09-30,13.533824920654297
2024-10-01,13.435455322265625
2024-10-02,13.477494239807129
2024-10-03,13.55316162109375
2024-10-04,13.645646095275879
2024-10-07,13.578384399414062
2024-10-08,13.569976806640625
2024-10-09,13.55316162109375
2024-10-10,13.612016677856445
2024-10-11,13.628829956054688
2024-10-14,13.679277420043945
2024-10-15,13.704499244689941
2024-10-16,13.847429275512695
2024-10-17,13.839022636413574
2024-10-18,13.889467239379883
2024-10-21,13.96513843536377
2024-10-22,13.85583782196045
2024-10-23,13.796984672546387
2024-10-24,13.889467239379883
2024-10-25,13.85583782196045
2024-10-28,13.92309856414795
2024-10-29,13.771760940551758
2024-10-30,13.721315383911133
2024-10-31,13.662461280822754
2024-11-01,13.519530296325684
2024-11-04,13.368192672729492
2024-11-05,13.4522705078125
2024-11-06,13.738130569458008
2024-11-07,13.746539115905762
2024-11-08,13.721315383911133
2024-11-11,13.746539115905762
2024-11-12,13.654054641723633
2024-11-13,13.712908744812012
2024-11-14,13.712908744812012
2024-11-15,13.704499244689941
2024-11-18,13.805392265319824
2024-11-19,13.906286239624023
2024-11-20,13.85583782196045
2024-11-21,13.85583782196045
2024-11-22,14.015585899353027
2024-11-25,14.074438095092773
2024-11-26,14.057621955871582
2024-11-27,14.124882698059082
2024-11-29,14.242591857910156
2024-12-02,14.166923522949219
2024-12-03,14.166923522949219
2024-12-04,14.17533016204834
2024-12-05,14.141698837280273
2024-12-06,14.192144393920898
2024-12-09,14.158514022827148
2024-12-10,14.17533016204834
2024-12-11,14.158514022827148
2024-12-12,14.150106430053711
2024-12-13,14.158514022827148
2024-12-16,14.049214363098145
2024-12-17,13.998767852783203
2024-12-18,13.805392265319824
2024-12-19,13.93991470336914
2024-12-20,14.057621955871582
2024-12-23,14.066027641296387
2024-12-24,14.242591857910156
2024-12-26,14.335073471069336
2024-12-27,14.33939266204834
2024-12-30,14.322125434875488
2024-12-31,14.356656074523926
2025-01-02,14.486152648925781
2025-01-03,14.460254669189453
2025-01-06,14.348026275634766
2025-01-07,14.287591934204102
2025-01-08,14.244428634643555
2025-01-10,14.17536449432373
2025-01-13,14.235795974731445
2025-01-14,14.391189575195312
2025-01-15,14.46888542175293
2025-01-16,14.701977729797363
2025-01-17,14.727874755859375
2025-01-21,14.848738670349121
2025-01-22,14.848738670349121
2025-01-23,14.848738670349121
2025-01-24,14.900535583496094
2025-01-27,14.900535583496094
2025-01-28,14.986865997314453
2025-01-29,14.857369422912598
2025-01-30,15.004130363464355
2025-01-31,15.11635971069336
2025-02-03,15.107726097106934
2025-02-04,15.09909439086914
2025-02-05,14.978232383728027
2025-02-06,14.891901969909668
2025-02-07,14.891901969909668
2025-02-10,14.874635696411133
2025-02-11,14.891901969909668
2025-02-12,15.004130363464355
2025-02-13,15.073193550109863
2025-02-14,15.194058418273926
2025-02-18,15.332186698913574
2025-02-19,15.38398265838623
2025-02-20,15.297653198242188
2025-02-21,15.26312255859375
2025-02-24,15.176791191101074
2025-02-25,15.107726097106934
2025-02-26,14.935067176818848
2025-02-27,14.935067176818848
2025-02-28,15.150890350341797
2025-03-03,15.081829071044922
2025-03-04,14.77967643737793
2025-03-05,14.676077842712402
2025-03-06,14.442986488342285
2025-03-07,14.77967643737793
2025-03-10,14.607013702392578
2025-03-11,14.235795974731445
2025-03-12,14.218528747558594
2025-03-13,14.011338233947754
2025-03-14,14.235795974731445
2025-03-17,14.348026275634766
2025-03-18,14.451620101928711
2025-03-19,14.451620101928711
2025-03-20,14.486152648925781
2025-03-21,14.42572021484375
2025-03-24,14.641544342041016
2025-03-25,14.762406349182129
2025-03-26,14.66744613647461
2025-03-27,14.762406349182129
2025-03-28,14.555216789245605
2025-03-31,14.46888542175293
2025-04-01,14.628373146057129
2025-04-02,14.557490348815918
2025-04-03,14.2473783493042
2025-04-04,13.193002700805664
2025-04-07,12.599360466003418
2025-04-08,12.368992805480957
2025-04-09,13.272744178771973
2025-04-10,12.84744930267334
2025-04-11,12.820869445800781
2025-04-14,13.077818870544434
2025-04-15,13.237303733825684
2025-04-16,13.104397773742676
2025-04-17,13.343626976013184
2025-04-21,13.060097694396973
2025-04-22,13.299325942993164
2025-04-23,13.51197338104248
2025-04-24,13.680318832397461
2025-04-25,13.742341041564941
2025-04-28,13.822083473205566
2025-04-29,13.689179420471191
2025-04-30,13.49425220489502
2025-05-01,13.387928009033203
2025-05-02,13.618297576904297
2025-05-05,13.379068374633789
2025-05-06,13.476531982421875
2025-05-07,13.432229995727539
2025-05-08,13.573994636535645
2025-05-09,13.591715812683105
2025-05-12,13.990429878234863
2025-05-13,14.114474296569824
2025-05-14,14.10561466217041
2025-05-15,14.132194519042969
2025-05-16,14.238518714904785
2025-05-19,14.30940055847168
2025-05-20,14.30940055847168
2025-05-21,13.954988479614258
2025-05-22,13.954988479614258
2025-05-23,14.017010688781738
2025-05-27,14.265098571777344
2025-05-28,14.265098571777344
2025-05-29,14.282821655273438
2025-05-30,14.30053997039795
2025-06-02,14.176495552062988
2025-06-03,14.265098571777344
2025-06-04,14.21193790435791
2025-06-05,14.167635917663574
2025-06-06,14.327120780944824
2025-06-09,14.371421813964844
2025-06-10,14.424585342407227
2025-06-11,14.371421813964844
2025-06-12,14.398004531860352
2025-06-13,14.282821655273438
2025-06-16,14.220797538757324
2025-06-17,14.14991569519043
2025-06-18,14.282821655273438
2025-06-20,14.238518714904785
2025-06-23,14.09675407409668
2025-06-24,14.21193790435791
2025-06-25,14.21193790435791
2025-06-26,14.398004531860352
2025-06-27,14.353703498840332
2025-06-30,14.424585342407227
2025-07-01,14.496521949768066
2025-07-02,14.605792045593262
2025-07-03,14.769696235656738
2025-07-07,14.687744140625
2025-07-08,14.705955505371094
2025-07-09,14.724167823791504
2025-07-10,14.888072967529297
2025-07-11,15.042872428894043
2025-07-14,15.024662017822266
2025-07-15,15.006448745727539
2025-07-16,15.152142524719238
2025-07-17,15.316048622131348
2025-07-18,15.252307891845703
2025-07-21,15.042872428894043
2025-07-22,15.124826431274414
2025-07-23,15.243202209472656
2025-07-24,15.143035888671875
2025-07-25,15.188567161560059
2025-07-28,14.979131698608398
2025-07-29,14.860755920410156
2025-07-30,14.751485824584961
2025-07-31,14.733274459838867
2025-08-01,14.542051315307617
2025-08-04,14.514732360839844
2025-08-05,14.596687316894531
2025-08-06,14.532944679260254
2025-08-07,14.432781219482422
2025-08-08,14.532944679260254
2025-08-11,14.514732360839844
2025-08-12,14.569368362426758
2025-08-13,14.705955505371094
2025-08-14,14.651321411132812
2025-08-15,14.47830867767334
2025-08-18,14.505627632141113
2025-08-19,14.514732360839844
2025-08-20,14.514732360839844
2025-08-21,14.432781219482422
2025-08-22,14.514732360839844
2025-08-25,14.405463218688965
2025-08-26,14.496521949768066
2025-08-27,14.551156044006348
2025-08-28,14.596687316894531
2025-08-29,14.66042709350586
2025-09-02,14.596687316894531
2025-09-03,14.532944679260254
2025-09-04,14.614897727966309
2025-09-05,14.587579727172852
2025-09-08,14.605792045593262
2025-09-09,14.505627632141113
2025-09-10,14.460098266601562
2025-09-11,14.532944679260254
2025-09-12,14.432781219482422
2025-09-15,14.141393661499023
2025-09-16,14.032122611999512
2025-09-17,14.041228294372559
2025-09-18,14.205134391784668
2025-09-19,14.27798080444336
2025-09-22,13.922852516174316
2025-09-23,13.840900421142578
2025-09-24,13.658782005310059
2025-09-25,13.713418960571289
2025-09-26,13.695206642150879
2025-09-29,13.622359275817871
2025-09-30,13.604146957397461
2025-10-01,13.399229049682617
2025-10-02,13.605083465576172
2025-10-03,13.464729309082031
2025-10-06,13.399229049682617
2025-10-07,13.24015998840332
2025-10-08,13.146590232849121
2025-10-09,12.78166675567627
2025-10-10,12.622597694396973
2025-10-13,13.015591621398926
2025-10-14,13.29630184173584
2025-10-15,13.29630184173584
2025-10-16,13.006235122680664
2025-10-17,13.071734428405762
2025-10-20,13.146590232849121
2025-10-21,13.324372291564941
2025-10-22,13.268231391906738
2025-10-23,13.343088150024414
2025-10-24,13.408585548400879
2025-10-27,13.61444091796875
2025-10-28,13.651867866516113
2025-10-29,13.483442306518555
2025-10-30,13.29630184173584
2025-10-31,13.408585548400879
2025-11-03,13.446013450622559
2025-11-04,13.33372974395752
2025-11-05,13.324372291564941
2025-11-06,13.109162330627441
2025-11-07,13.277587890625
2025-11-10,13.277587890625
2025-11-11,13.343088150024414
2025-11-12,13.380515098571777
2025-11-13,13.286944389343262
2025-11-14,13.221446990966797
2025-11-17,12.968806266784668
2025-11-18,12.950093269348145
2025-11-19,12.996878623962402
2025-11-20,12.922021865844727
2025-11-21,13.137232780456543
2025-11-24,13.31501579284668
2025-11-25,13.474084854125977
2025-11-26,13.61444091796875
2025-11-28,13.698654174804688
2025-12-01,13.623797416687012
2025-12-02,13.605083465576172
2025-12-03,13.829651832580566
2025-12-04,13.913864135742188
2025-12-05,13.951292991638184
2025-12-08,13.988719940185547
2025-12-09,14.044861793518066
2025-12-10,14.082290649414062
2025-12-11,13.90450668334961
2025-12-12,13.885793685913086
2025-12-15,13.79222297668457
2025-12-16,13.745437622070312
2025-12-17,13.670581817626953
2025-12-18,13.633153915405273
2025-12-19,13.502156257629395
2025-12-22,13.502156257629395
2025-12-23,13.427300453186035
2025-12-24,13.455370903015137
2025-12-26,13.586370468139648
2025-12-29,13.549799919128418
2025-12-30,13.626787185668945
2025-12-31,13.646034240722656
2026-01-02,13.7230224609375
2026-01-05,13.905866622924805
2026-01-06,13.800009727478027
2026-01-07,13.443942070007324
2026-01-08,13.848127365112305
2026-01-09,13.800009727478027
2026-01-12,13.780762672424316
2026-01-13,13.694150924682617
2026-01-14,13.925114631652832
2026-01-15,14.050219535827637
2026-01-16,13.982854843139648
2026-01-20,13.790386199951172
2026-01-21,13.953984260559082
2026-01-22,13.953984260559082
2026-01-23,13.857749938964844
2026-01-26,13.674904823303223
2026-01-27,13.694150924682617
2026-01-28,13.58829402923584
2026-01-29,13.60754108428955
2026-01-30,13.47281265258789
2026-02-02,13.241849899291992
2026-02-03,12.943523406982422
2026-02-04,13.097497940063477
2026-02-05,12.712560653686523
2026-02-06,12.914652824401855
2026-02-09,13.068628311157227
2026-02-10,13.280344009399414
2026-02-11,13.241849899291992
2026-02-12,13.097497940063477
2026-02-13,12.914652824401855
2026-02-17,12.828042030334473
2026-02-18,12.933899879455566
2026-02-19,12.702937126159668
2026-02-20,12.664443969726562
2026-02-23,12.529716491699219
2026-02-24,12.664443969726562
2026-02-25,12.895405769348145
2026-02-26,12.664443969726562
2026-02-27,12.202519416809082
2026-03-02,12.414234161376953
2026-03-03,12.471975326538086
2026-03-04,12.577832221984863
2026-03-05,12.510468482971191
2026-03-06,12.346870422363281
2026-03-09,12.394988059997559
2026-03-10,12.298752784729004
2026-03-11,12.221765518188477
2026-03-12,12.038920402526855
2026-03-13,12.010049819946289
2026-03-16,12.067790985107422
2026-03-17,12.46235179901123
2026-03-18,12.414234161376953
2026-03-19,12.452727317810059
2026-03-20,12.221765518188477
2026-03-23,12.433481216430664
2026-03-24,12.212141990661621
2026-03-25,12.327624320983887
2026-03-26,12.16402530670166
2026-03-27,11.91381549835205
2026-03-30,12.038920402526855
2026-03-31,12.317999839782715
2026-04-01,12.109999656677246
2026-04-02,12.369999885559082
2026-04-06,12.529999732971191
2026-04-07,12.399999618530273
2026-04-08,12.390000343322754
2026-04-09,12.300000190734863
2026-04-10,12.359999656677246
2026-04-13,12.510000228881836
2026-04-14,12.850000381469727
2026-04-15,13.170000076293945
2026-04-16,12.960000038146973
2026-04-17,13.199999809265137
2026-04-20,13.180000305175781
2026-04-21,12.880000114440918
2026-04-22,12.989999771118164
2026-04-23,12.710000038146973
2026-04-24,12.699999809265137
2026-04-27,12.729999542236328
2026-04-28,12.90999984741211
2026-04-29,12.760000228881836
2026-04-30,13.149999618530273
2026-05-01,13.289999961853027
2026-05-04,13.300000190734863
2026-05-05,13.359999656677246
2026-05-06,13.270000457763672
2026-05-07,13.029999732971191
2026-05-08,12.899999618530273
2026-05-11,12.619999885559082
2026-05-12,12.670000076293945
2026-05-13,12.569999694824219
2026-05-14,12.630000114440918
2026-05-15,12.609999656677246
2026-05-18,12.520000457763672
2026-05-19,12.40999984741211
2026-05-20,12.510000228881836
2026-05-21,12.520000457763672
2026-05-22,12.380000114440918
2026-05-26,12.569999694824219
2026-05-27,12.569999694824219
2026-05-28,12.59000015258789
2026-05-29,12.630000114440918
2026-06-01,12.800000190734863
2026-06-02,12.710000038146973
2026-06-03,12.420000076293945
2026-06-04,12.699999809265137
2026-06-05,12.489999771118164
2026-06-08,12.449999809265137
2026-06-09,12.59000015258789
2026-06-10,12.609999656677246
2026-06-11,12.619999885559082
2026-06-12,12.710000038146973
2026-06-15,12.539999961853027
2026-06-16,12.619999885559082
2026-06-17,12.34000015258789
2026-06-18,12.359999656677246
2026-06-22,12.220000267028809
2026-06-23,12.300000190734863
2026-06-24,12.210000038146973
2026-06-25,12.25
2026-06-26,12.4399995803833
2026-06-29,12.670000076293945
2026-06-30,12.65999984741211
