,CHSPI.SW
2016-07-01,66.3719711303711
2016-07-04,66.0213851928711
2016-07-05,65.05549621582031
2016-07-06,64.77767181396484
2016-07-07,65.41272735595703
2016-07-08,65.88905334472656
2016-07-11,66.74903869628906
2016-07-12,66.86151885986328
2016-07-13,66.80855560302734
2016-07-14,67.27826690673828
2016-07-15,67.00704193115234
2016-07-18,67.35104370117188
2016-07-19,66.7709732055664
2016-07-20,67.52442932128906
2016-07-21,67.30439758300781
2016-07-22,67.45775604248047
2016-07-25,67.34439086914062
2016-07-26,67.67778015136719
2016-07-27,67.75109100341797
2016-07-28,66.78429412841797
2016-07-29,67.22433471679688
2016-08-02,66.28421020507812
2016-08-03,66.11083984375
2016-08-04,66.66424560546875
2016-08-05,67.69776153564453
2016-08-08,67.48439025878906
2016-08-09,68.05116271972656
2016-08-10,67.91112518310547
2016-08-11,68.61127471923828
2016-08-12,68.57789611816406
2016-08-15,68.68456268310547
2016-08-16,67.97782897949219
2016-08-17,67.37104034423828
2016-08-18,67.73110961914062
2016-08-19,67.23766326904297
2016-08-22,67.42436218261719
2016-08-23,67.84446716308594
2016-08-24,67.73774719238281
2016-08-25,67.29771423339844
2016-08-26,67.4310302734375
2016-08-29,67.66444396972656
2016-08-30,68.09115600585938
2016-08-31,67.67778015136719
2016-09-01,67.3110580444336
2016-09-02,68.31118774414062
2016-09-05,68.65126037597656
2016-09-06,68.54457092285156
2016-09-07,68.71794128417969
2016-09-08,68.63125610351562
2016-09-09,68.04452514648438
2016-09-12,67.76444244384766
2016-09-13,67.6511001586914
2016-09-14,67.4710693359375
2016-09-15,67.27103424072266
2016-09-16,67.28437042236328
2016-09-19,67.8578109741211
2016-09-20,68.2112045288086
2016-09-21,68.09781646728516
2016-09-22,68.73794555664062
2016-09-23,68.3311996459961
2016-09-26,67.6444320678711
2016-09-27,67.6511001586914
2016-09-28,68.00450897216797
2016-09-29,67.58442687988281
2016-09-30,67.21102905273438
2016-10-03,67.79114532470703
2016-10-04,67.9644775390625
2016-10-05,68.05116271972656
2016-10-06,67.7577896118164
2016-10-07,67.17102813720703
2016-10-10,67.77777099609375
2016-10-11,67.51106262207031
2016-10-12,66.9576644897461
2016-10-13,66.35752868652344
2016-10-14,67.30439758300781
2016-10-17,66.53755950927734
2016-10-18,66.97101593017578
2016-10-19,67.15100860595703
2016-10-20,67.01766204833984
2016-10-21,66.71095275878906
2016-10-24,66.32418823242188
2016-10-25,66.01081848144531
2016-10-26,65.57740020751953
2016-10-27,65.65076446533203
2016-10-28,65.67744445800781
2016-10-31,65.35738372802734
2016-11-01,64.67729187011719
2016-11-02,64.18386840820312
2016-11-03,63.82379150390625
2016-11-04,63.82379150390625
2016-11-07,64.41055297851562
2016-11-08,64.3238754272461
2016-11-09,65.7374496459961
2016-11-10,65.71076965332031
2016-11-11,65.27738952636719
2016-11-14,65.2640380859375
2016-11-15,65.58405303955078
2016-11-16,65.62409973144531
2016-11-17,65.62409973144531
2016-11-18,65.82415008544922
2016-11-21,65.25736999511719
2016-11-22,64.67729187011719
2016-11-23,64.62391662597656
2016-11-24,64.9306411743164
2016-11-25,65.65076446533203
2016-11-28,65.07733154296875
2016-11-29,65.31072235107422
2016-11-30,65.67744445800781
2016-12-01,64.77729034423828
2016-12-02,64.91062927246094
2016-12-05,65.27071380615234
2016-12-06,65.80413818359375
2016-12-07,65.71076965332031
2016-12-08,65.89747619628906
2016-12-09,67.13102722167969
2016-12-12,66.54427337646484
2016-12-13,67.56442260742188
2016-12-14,67.27769470214844
2016-12-15,67.6444320678711
2016-12-16,68.02449035644531
2016-12-19,68.0178451538086
2016-12-20,68.19782257080078
2016-12-21,68.12449645996094
2016-12-22,68.09115600585938
2016-12-23,68.0178451538086
2016-12-27,68.3045425415039
2016-12-28,68.31118774414062
2016-12-29,68.31118774414062
2016-12-30,68.48455810546875
2017-01-03,68.75794219970703
2017-01-04,69.0379638671875
2017-01-05,69.40473937988281
2017-01-06,69.6180648803711
2017-01-09,69.73809814453125
2017-01-10,69.91812133789062
2017-01-11,69.8714599609375
2017-01-12,69.3046875
2017-01-13,69.99149322509766
2017-01-16,69.37135314941406
2017-01-17,68.94465637207031
2017-01-18,68.97798919677734
2017-01-19,68.78459167480469
2017-01-20,68.67125701904297
2017-01-23,68.2978515625
2017-01-24,68.4378890991211
2017-01-25,69.43136596679688
2017-01-26,69.73143768310547
2017-01-27,69.47137451171875
2017-01-30,69.19132995605469
2017-01-31,68.91131591796875
2017-02-01,69.33135223388672
2017-02-02,68.92462921142578
2017-02-03,69.47802734375
2017-02-06,69.2513656616211
2017-02-07,69.65142059326172
2017-02-08,69.6447525024414
2017-02-09,70.06478881835938
2017-02-10,70.06478881835938
2017-02-13,70.49156951904297
2017-02-14,70.06478881835938
2017-02-15,70.5782241821289
2017-02-16,70.43819427490234
2017-02-17,70.67826843261719
2017-02-20,70.86493682861328
2017-02-21,71.41169738769531
2017-02-22,71.41838836669922
2017-02-23,71.31168365478516
2017-02-24,70.90499114990234
2017-02-27,70.9383316040039
2017-02-28,71.00496673583984
2017-03-01,72.00514221191406
2017-03-02,72.46150207519531
2017-03-03,72.3608169555664
2017-03-06,72.35411834716797
2017-03-07,72.17962646484375
2017-03-08,72.30044555664062
2017-03-09,72.347412109375
2017-03-10,72.52857971191406
2017-03-13,72.70983123779297
2017-03-14,72.61582946777344
2017-03-15,72.72323608398438
2017-03-16,72.87828826904297
2017-03-17,73.25577545166016
2017-03-20,73.26930236816406
2017-03-21,72.66259002685547
2017-03-22,72.0963134765625
2017-03-23,72.79066467285156
2017-03-24,72.68280029296875
2017-03-27,72.40641021728516
2017-03-28,72.57495880126953
2017-03-29,72.99290466308594
2017-03-30,73.21534729003906
2017-03-31,73.22208404541016
2017-04-03,73.07379913330078
2017-04-04,73.24234008789062
2017-04-05,73.45801544189453
2017-04-06,73.2086181640625
2017-04-07,73.26930236816406
2017-04-10,73.31010437011719
2017-04-11,73.5004653930664
2017-04-12,73.98328399658203
2017-04-13,73.74529266357422
2017-04-18,73.02447509765625
2017-04-19,73.07888793945312
2017-04-20,73.36449432373047
2017-04-21,73.2624740600586
2017-04-24,74.31648254394531
2017-04-25,75.08486938476562
2017-04-26,75.66283416748047
2017-04-27,76.08444213867188
2017-04-28,75.61524963378906
2017-05-02,76.36326599121094
2017-05-03,76.54685974121094
2017-05-04,77.00923919677734
2017-05-05,77.4376449584961
2017-05-08,77.78443145751953
2017-05-09,78.50519561767578
2017-05-10,78.28081512451172
2017-05-11,78.04963684082031
2017-05-12,78.58004760742188
2017-05-15,78.44357299804688
2017-05-16,78.80520629882812
2017-05-17,77.39955139160156
2017-05-18,76.93553161621094
2017-05-19,77.7475814819336
2017-05-22,78.19107055664062
2017-05-23,78.03412628173828
2017-05-24,78.0818862915039
2017-05-26,78.16380310058594
2017-05-29,78.11599731445312
2017-05-30,77.97953796386719
2017-05-31,78.08871459960938
2017-06-01,78.04777526855469
2017-06-02,78.11599731445312
2017-06-06,77.12662506103516
2017-06-07,77.09930419921875
2017-06-08,76.43743133544922
2017-06-09,76.65576934814453
2017-06-12,76.23273468017578
2017-06-13,76.73763275146484
2017-06-14,76.8127212524414
2017-06-15,76.57392883300781
2017-06-16,77.49510955810547
2017-06-19,78.10918426513672
2017-06-20,78.01365661621094
2017-06-21,77.71346282958984
2017-06-22,78.00685119628906
2017-06-23,78.04777526855469
2017-06-26,78.59367370605469
2017-06-27,78.18428802490234
2017-06-28,78.15013885498047
2017-06-29,77.22894287109375
2017-06-30,76.92871856689453
2017-07-03,77.69978332519531
2017-07-04,77.4814453125
2017-07-05,77.38591003417969
2017-07-06,76.50565338134766
2017-07-07,76.76496124267578
2017-07-10,77.19483184814453
2017-07-11,76.63533020019531
2017-07-12,77.84308624267578
2017-07-13,77.79532623291016
2017-07-14,77.8771743774414
2017-07-17,77.9659194946289
2017-07-18,77.60887908935547
2017-07-19,78.18562316894531
2017-07-20,78.06888580322266
2017-07-21,77.37545776367188
2017-07-24,77.02536010742188
2017-07-25,77.32054901123047
2017-07-26,77.7393569946289
2017-07-27,77.95220947265625
2017-07-28,77.99337768554688
2017-07-31,78.0757827758789
2017-08-02,78.85843658447266
2017-08-03,78.98887634277344
2017-08-04,79.38021087646484
2017-08-07,79.20171356201172
2017-08-08,79.2291488647461
2017-08-09,78.11697387695312
2017-08-10,77.40292358398438
2017-08-11,76.74382781982422
2017-08-14,78.10321807861328
2017-08-15,78.10321807861328
2017-08-16,78.13752746582031
2017-08-17,78.13752746582031
2017-08-18,76.83306884765625
2017-08-21,76.79190826416016
2017-08-22,77.6638412475586
2017-08-23,77.47846221923828
2017-08-24,77.48532104492188
2017-08-25,77.29994201660156
2017-08-28,76.75755310058594
2017-08-29,76.35939025878906
2017-08-30,76.64772033691406
2017-08-31,77.25186157226562
2017-09-01,77.46471405029297
2017-09-04,76.88115692138672
2017-09-05,76.88115692138672
2017-09-06,76.78500366210938
2017-09-07,77.40292358398438
2017-09-08,77.19007110595703
2017-09-11,77.82176208496094
2017-09-12,78.27487182617188
2017-09-13,78.41901397705078
2017-09-14,78.52203369140625
2017-09-15,78.04828643798828
2017-09-18,78.41901397705078
2017-09-19,78.7348861694336
2017-09-20,78.7280044555664
2017-09-21,78.94770050048828
2017-09-22,79.09185791015625
2017-09-25,79.13309478759766
2017-09-26,78.8515625
2017-09-27,78.75543975830078
2017-09-28,78.81039428710938
2017-09-29,79.2772445678711
2017-10-02,79.78528594970703
2017-10-03,80.35511779785156
2017-10-04,80.36200714111328
2017-10-05,80.1766586303711
2017-10-06,80.06678771972656
2017-10-09,80.14230346679688
2017-10-10,80.34827423095703
2017-10-11,80.28646850585938
2017-10-12,80.65035247802734
2017-10-13,80.78766632080078
2017-10-16,80.37571716308594
2017-10-17,80.35511779785156
2017-10-18,80.6778564453125
2017-10-19,80.02557373046875
2017-10-20,80.0050048828125
2017-10-23,80.32769012451172
2017-10-24,79.74408721923828
2017-10-25,78.95455169677734
2017-10-26,79.96381378173828
2017-10-27,79.84021759033203
2017-10-30,79.82649993896484
2017-10-31,80.53361511230469
2017-11-01,80.6778564453125
2017-11-02,80.44440460205078
2017-11-03,81.04856872558594
2017-11-06,80.97300720214844
2017-11-07,80.4031982421875
2017-11-08,80.54051208496094
2017-11-09,79.79902648925781
2017-11-10,79.49005889892578
2017-11-13,79.6205062866211
2017-11-14,79.56558227539062
2017-11-15,79.37334442138672
2017-11-16,79.74408721923828
2017-11-17,79.72351837158203
2017-11-20,80.90435791015625
2017-11-21,81.1584243774414
2017-11-22,80.85633087158203
2017-11-23,80.97988891601562
2017-11-24,81.0005111694336
2017-11-27,80.85633087158203
2017-11-28,81.21337127685547
2017-11-29,80.80138397216797
2017-11-30,81.10348510742188
2017-12-01,81.07601165771484
2017-12-04,80.97300720214844
2017-12-05,80.72592163085938
2017-12-06,80.93869018554688
2017-12-07,80.56108093261719
2017-12-08,81.29571533203125
2017-12-11,81.00737762451172
2017-12-12,81.17901611328125
2017-12-13,81.5085678100586
2017-12-14,81.76947021484375
2017-12-15,81.47423553466797
2017-12-18,82.0372085571289
2017-12-19,81.68708038330078
2017-12-20,81.02106475830078
2017-12-21,81.87930297851562
2017-12-22,81.61154174804688
2017-12-27,81.98229217529297
2017-12-28,81.7625961303711
2017-12-29,81.49483489990234
2018-01-03,82.40109252929688
2018-01-04,82.79930877685547
2018-01-05,82.9778060913086
2018-01-08,82.92285919189453
2018-01-09,83.52706146240234
2018-01-10,82.93659973144531
2018-01-11,82.7718276977539
2018-01-12,83.00527954101562
2018-01-15,83.01899719238281
2018-01-16,82.59333038330078
2018-01-17,82.35989379882812
2018-01-18,82.4971923828125
2018-01-19,82.82673645019531
2018-01-22,82.89541625976562
2018-01-23,83.2661361694336
2018-01-24,83.2799301147461
2018-01-25,82.6070556640625
2018-01-26,82.88169860839844
2018-01-29,82.44230651855469
2018-01-30,82.12644958496094
2018-01-31,81.46734619140625
2018-02-01,81.2202377319336
2018-02-02,80.51992797851562
2018-02-05,79.39392852783203
2018-02-06,77.30681610107422
2018-02-07,78.65245819091797
2018-02-08,76.62022399902344
2018-02-09,75.85130310058594
2018-02-12,77.21066284179688
2018-02-13,76.55158233642578
2018-02-14,77.62263488769531
2018-02-15,77.75994873046875
2018-02-16,78.40531921386719
2018-02-19,77.77365112304688
2018-02-20,78.2954330444336
2018-02-21,78.39157104492188
2018-02-22,78.08951568603516
2018-02-23,78.26799011230469
2018-02-26,78.8996353149414
2018-02-27,78.5838394165039
2018-02-28,77.8560562133789
2018-03-01,76.97724914550781
2018-03-02,75.38444519042969
2018-03-05,76.78500366210938
2018-03-06,77.25466918945312
2018-03-07,77.13034057617188
2018-03-08,78.23535919189453
2018-03-09,78.45635986328125
2018-03-12,78.81549072265625
2018-03-13,78.02816772460938
2018-03-14,78.00052642822266
2018-03-15,78.5971450805664
2018-03-16,78.5138931274414
2018-03-19,77.69532775878906
2018-03-20,77.97283172607422
2018-03-21,77.6537094116211
2018-03-22,76.37726593017578
2018-03-23,75.93327331542969
2018-03-26,75.33670806884766
2018-03-27,76.40501403808594
2018-03-28,77.1958236694336
2018-03-29,77.39004516601562
2018-04-03,76.3217544555664
2018-04-04,75.87776184082031
2018-04-05,77.2374496459961
2018-04-06,77.12593078613281
2018-04-09,77.18169403076172
2018-04-10,77.82303619384766
2018-04-11,77.39083099365234
2018-04-12,77.8648452758789
2018-04-13,78.56609344482422
2018-04-16,78.63662719726562
2018-04-17,79.7652587890625
2018-04-18,79.59593200683594
2018-04-19,79.61006164550781
2018-04-20,79.51129150390625
2018-04-23,79.42667388916016
2018-04-24,79.2855453491211
2018-04-25,78.91876983642578
2018-04-26,79.84986114501953
2018-04-27,79.77935028076172
2018-04-30,80.4565200805664
2018-05-02,80.52704620361328
2018-05-03,80.259033203125
2018-05-04,80.41419219970703
2018-05-07,81.35941314697266
2018-05-08,81.04905700683594
2018-05-09,81.82495880126953
2018-05-11,81.58514404296875
2018-05-14,81.76853942871094
2018-05-15,81.54278564453125
2018-05-16,81.64156341552734
2018-05-17,81.82495880126953
2018-05-18,81.21831512451172
2018-05-22,81.30300903320312
2018-05-23,80.18848419189453
2018-05-24,79.68058013916016
2018-05-25,79.96272277832031
2018-05-28,80.28845977783203
2018-05-29,79.0848159790039
2018-05-30,78.56087493896484
2018-05-31,77.51302337646484
2018-06-01,78.78746032714844
2018-06-04,78.9998550415039
2018-06-05,78.44762420654297
2018-06-06,78.23518371582031
2018-06-07,78.34849548339844
2018-06-08,78.03697204589844
2018-06-11,78.98568725585938
2018-06-12,78.98568725585938
2018-06-13,79.38217163085938
2018-06-14,79.55210876464844
2018-06-15,79.33969116210938
2018-06-18,78.10773468017578
2018-06-19,77.68293762207031
2018-06-20,78.46176147460938
2018-06-21,77.5555191040039
2018-06-22,78.6741714477539
2018-06-25,77.42806243896484
2018-06-26,77.8245620727539
2018-06-27,78.10773468017578
2018-06-28,77.30060577392578
2018-06-29,78.6741714477539
2018-07-02,78.17857360839844
2018-07-03,78.90072631835938
2018-07-04,78.9715576171875
2018-07-05,79.2122573852539
2018-07-06,79.28304290771484
2018-07-09,79.8494644165039
2018-07-10,80.14681243896484
2018-07-11,79.59456634521484
2018-07-12,80.5433120727539
2018-07-13,80.86898803710938
2018-07-16,80.79823303222656
2018-07-17,80.49927520751953
2018-07-18,81.48147583007812
2018-07-19,81.26793670654297
2018-07-20,81.68077087402344
2018-07-23,81.66653442382812
2018-07-24,81.75192260742188
2018-07-25,81.82312774658203
2018-07-26,82.99040222167969
2018-07-27,83.30353546142578
2018-07-30,83.13275146484375
2018-07-31,83.1896743774414
2018-08-02,82.94770812988281
2018-08-03,83.01884460449219
2018-08-06,83.06156921386719
2018-08-07,83.55977630615234
2018-08-08,83.31780242919922
2018-08-09,83.07579803466797
2018-08-10,82.19322204589844
2018-08-13,81.78045654296875
2018-08-14,81.93697357177734
2018-08-15,81.26793670654297
2018-08-16,81.43879699707031
2018-08-17,81.72345733642578
2018-08-20,82.62026977539062
2018-08-21,82.6629638671875
2018-08-22,82.30713653564453
2018-08-23,82.36405944824219
2018-08-24,82.32135009765625
2018-08-27,82.83377838134766
2018-08-28,82.99040222167969
2018-08-29,82.57756805419922
2018-08-30,82.34980010986328
2018-08-31,81.99391174316406
2018-09-03,82.0081558227539
2018-09-04,81.5241928100586
2018-09-05,80.82665252685547
2018-09-06,80.35692596435547
2018-09-07,80.42808532714844
2018-09-10,81.18254089355469
2018-09-11,81.06867218017578
2018-09-12,81.56690216064453
2018-09-13,81.59534454345703
2018-09-14,81.63806915283203
2018-09-17,81.26793670654297
2018-09-18,81.1255874633789
2018-09-19,81.31067657470703
2018-09-20,81.79463195800781
2018-09-21,81.8088607788086
2018-09-24,81.26793670654297
2018-09-25,81.86580657958984
2018-09-26,82.33557891845703
2018-09-27,82.60607147216797
2018-09-28,82.43519592285156
2018-10-01,82.71992492675781
2018-10-02,82.39251708984375
2018-10-03,82.99040222167969
2018-10-04,82.22174072265625
2018-10-05,81.69502258300781
2018-10-08,80.81240844726562
2018-10-09,80.7697525024414
2018-10-10,79.8302001953125
2018-10-11,77.72342681884766
2018-10-12,77.85155487060547
2018-10-15,77.70917510986328
2018-10-16,79.289306640625
2018-10-17,78.99032592773438
2018-10-18,78.66291809082031
2018-10-19,79.88713836669922
2018-10-22,79.85868072509766
2018-10-23,78.29281616210938
2018-10-24,78.52057647705078
2018-10-25,77.90845489501953
2018-10-26,77.993896484375
2018-10-29,79.07575225830078
2018-10-30,79.47435760498047
2018-10-31,81.1255874633789
2018-11-01,81.48147583007812
2018-11-02,80.7982177734375
2018-11-05,81.05445861816406
2018-11-06,80.34270477294922
2018-11-07,81.19680786132812
2018-11-08,81.65230560302734
2018-11-09,81.43879699707031
2018-11-12,80.57039642333984
2018-11-13,80.49927520751953
2018-11-14,79.9725570678711
2018-11-15,78.93338775634766
2018-11-16,79.48859405517578
2018-11-19,78.6487045288086
2018-11-20,78.26435089111328
2018-11-21,78.93338775634766
2018-11-22,78.4636459350586
2018-11-23,79.0330581665039
2018-11-26,79.63094329833984
2018-11-27,79.34624481201172
2018-11-28,79.4600830078125
2018-11-29,80.34270477294922
2018-11-30,80.39962005615234
2018-12-03,81.01173400878906
2018-12-04,80.86936950683594
2018-12-05,79.70207977294922
2018-12-06,77.1824951171875
2018-12-07,77.82308959960938
2018-12-10,76.29991149902344
2018-12-11,77.5383529663086
2018-12-12,78.6487045288086
2018-12-13,78.62023162841797
2018-12-14,77.72342681884766
2018-12-17,76.49921417236328
2018-12-18,75.77326202392578
2018-12-19,75.68781280517578
2018-12-20,74.70558166503906
2018-12-21,74.83370208740234
2018-12-27,73.36751556396484
2018-12-28,74.73404693603516
2019-01-03,75.0472183227539
2019-01-04,76.57039642333984
2019-01-07,76.15756225585938
2019-01-08,76.74121856689453
2019-01-09,77.25365447998047
2019-01-10,78.3639907836914
2019-01-11,78.37821197509766
2019-01-14,77.93690490722656
2019-01-15,78.53479766845703
2019-01-16,79.06148529052734
2019-01-17,79.21810150146484
2019-01-18,80.08644104003906
2019-01-21,80.22876739501953
2019-01-22,79.88713836669922
2019-01-23,79.81598663330078
2019-01-24,79.573974609375
2019-01-25,79.573974609375
2019-01-28,79.16120147705078
2019-01-29,80.08644104003906
2019-01-30,79.94410705566406
2019-01-31,80.18609619140625
2019-02-01,80.31419372558594
2019-02-04,80.18609619140625
2019-02-05,81.58113098144531
2019-02-06,81.45303344726562
2019-02-07,80.65586853027344
2019-02-08,80.15763092041016
2019-02-11,80.71282196044922
2019-02-12,81.36761474609375
2019-02-13,81.49571228027344
2019-02-14,81.58113098144531
2019-02-15,82.33557891845703
2019-02-18,82.63449096679688
2019-02-19,82.46366882324219
2019-02-20,83.14698791503906
2019-02-21,83.2181396484375
2019-02-22,83.30353546142578
2019-02-25,83.74486541748047
2019-02-26,84.28575897216797
2019-02-27,83.64519500732422
2019-02-28,83.54552459716797
2019-03-01,83.77333068847656
2019-03-04,84.23139953613281
2019-03-05,84.27436065673828
2019-03-06,84.07394409179688
2019-03-07,84.14584350585938
2019-03-08,83.45552825927734
2019-03-11,84.26089477539062
2019-03-12,84.13148498535156
2019-03-13,84.63481140136719
2019-03-14,85.32512664794922
2019-03-15,85.46894073486328
2019-03-18,85.5840072631836
2019-03-19,85.88599395751953
2019-03-20,85.23882293701172
2019-03-21,85.31071472167969
2019-03-22,84.37596130371094
2019-03-25,84.13148498535156
2019-03-26,84.83612823486328
2019-03-27,84.67797088623047
2019-03-28,85.0374984741211
2019-03-29,85.59838104248047
2019-04-01,86.25989532470703
2019-04-02,86.14490509033203
2019-04-03,86.4324951171875
2019-04-04,86.31742095947266
2019-04-05,86.85162353515625
2019-04-08,86.73609924316406
2019-04-09,87.02485656738281
2019-04-10,86.73609924316406
2019-04-11,86.938232421875
2019-04-12,86.34630584716797
2019-04-15,87.07240295410156
2019-04-16,87.71137237548828
2019-04-17,87.63875579833984
2019-04-18,87.44998168945312
2019-04-23,88.33582305908203
2019-04-24,88.56814575195312
2019-04-25,88.6988525390625
2019-04-26,89.04737091064453
2019-04-29,89.22164154052734
2019-04-30,89.52657318115234
2019-05-02,89.20709228515625
2019-05-03,89.39588165283203
2019-05-06,88.85665130615234
2019-05-07,88.27371215820312
2019-05-08,88.69633483886719
2019-05-09,87.06407928466797
2019-05-10,87.4430160522461
2019-05-13,86.27706146240234
2019-05-14,86.67059326171875
2019-05-15,87.00579833984375
2019-05-16,88.76924133300781
2019-05-17,88.88580322265625
2019-05-20,88.05509185791016
2019-05-21,88.6380615234375
2019-05-22,89.26470184326172
2019-05-23,88.46320343017578
2019-05-24,88.95869445800781
2019-05-27,89.5416259765625
2019-05-28,89.11896514892578
2019-05-29,88.20085906982422
2019-05-31,87.90937042236328
2019-06-03,88.33197021484375
2019-06-04,88.41943359375
2019-06-05,88.92955017089844
2019-06-06,89.133544921875
2019-06-07,89.83309936523438
2019-06-11,90.5180892944336
2019-06-12,90.91156768798828
2019-06-13,90.63465118408203
2019-06-14,90.59097290039062
2019-06-17,90.7366943359375
2019-06-18,91.93171691894531
2019-06-19,91.45079803466797
2019-06-20,91.81511688232422
2019-06-21,91.37793731689453
2019-06-24,91.01358795166016
2019-06-25,90.95531463623047
2019-06-26,90.82415008544922
2019-06-27,90.69296264648438
2019-06-28,91.0864486694336
2019-07-01,91.93171691894531
2019-07-02,92.5875473022461
2019-07-03,92.6895523071289
2019-07-04,92.86446380615234
2019-07-05,91.91718292236328
2019-07-08,91.94632720947266
2019-07-09,91.74227905273438
2019-07-10,91.5673828125
2019-07-11,91.11560821533203
2019-07-12,90.284912109375
2019-07-15,90.63465118408203
2019-07-16,91.03052520751953
2019-07-17,91.54364776611328
2019-07-18,92.05679321289062
2019-07-19,91.61695098876953
2019-07-22,91.57295989990234
2019-07-23,92.14476013183594
2019-07-24,91.58763122558594
2019-07-25,91.52899932861328
2019-07-26,92.2914047241211
2019-07-29,92.2473373413086
2019-07-30,91.47034454345703
2019-07-31,92.04212951660156
2019-08-02,90.64934539794922
2019-08-05,89.24185943603516
2019-08-06,88.6407699584961
2019-08-07,88.6260757446289
2019-08-08,90.44408416748047
2019-08-09,90.53202056884766
2019-08-12,90.53202056884766
2019-08-13,90.64934539794922
2019-08-14,89.08058166503906
2019-08-15,88.69940948486328
2019-08-16,90.04823303222656
2019-08-19,91.08914947509766
2019-08-20,90.35610961914062
2019-08-21,91.33837127685547
2019-08-22,90.92788696289062
2019-08-23,90.41474914550781
2019-08-26,90.16552734375
2019-08-27,90.62003326416016
2019-08-28,90.44408416748047
2019-08-29,91.29443359375
2019-08-30,91.82220458984375
2019-09-02,92.08613586425781
2019-09-03,91.41173553466797
2019-09-04,91.92484283447266
2019-09-05,92.731201171875
2019-09-06,93.49357604980469
2019-09-09,93.1856689453125
2019-09-10,92.5992202758789
2019-09-11,93.40559387207031
2019-09-12,93.30294799804688
2019-09-13,92.74585723876953
2019-09-16,92.14476013183594
2019-09-17,92.43800354003906
2019-09-18,92.58460998535156
2019-09-19,92.98045349121094
2019-09-20,93.1710205078125
2019-09-23,92.32068634033203
2019-09-24,92.51129150390625
2019-09-25,91.6902847290039
2019-09-26,92.64326477050781
2019-09-27,92.81917572021484
2019-09-30,93.20036315917969
2019-10-01,92.0274429321289
2019-10-02,90.62003326416016
2019-10-03,90.53202056884766
2019-10-04,91.36772155761719
2019-10-07,91.93951416015625
2019-10-08,90.92788696289062
2019-10-09,91.36772155761719
2019-10-10,91.85153198242188
2019-10-11,92.71656036376953
2019-10-14,92.32068634033203
2019-10-15,92.95112609863281
2019-10-16,92.68722534179688
2019-10-17,92.3499984741211
2019-10-18,91.91018676757812
2019-10-21,92.08613586425781
2019-10-22,92.14476013183594
2019-10-23,92.23274993896484
2019-10-24,92.98045349121094
2019-10-25,93.5522232055664
2019-10-28,94.05066680908203
2019-10-29,94.25595092773438
2019-10-30,94.3292236328125
2019-10-31,93.75751495361328
2019-11-01,94.46121978759766
2019-11-04,95.06229400634766
2019-11-05,94.431884765625
2019-11-06,94.8277359008789
2019-11-07,95.07695007324219
2019-11-08,94.7397689819336
2019-11-11,94.88636779785156
2019-11-12,95.17958068847656
2019-11-13,95.17958068847656
2019-11-14,94.46121978759766
2019-11-15,94.8277359008789
2019-11-18,95.07695007324219
2019-11-19,95.16494750976562
2019-11-20,95.51679229736328
2019-11-21,95.1356201171875
2019-11-22,95.51679229736328
2019-11-25,96.13257598876953
2019-11-26,96.71900177001953
2019-11-27,96.68965911865234
2019-11-28,96.8656234741211
2019-11-29,96.5577392578125
2019-12-02,95.23822021484375
2019-12-03,94.13866424560547
2019-12-04,95.12093353271484
2019-12-05,95.34087371826172
2019-12-06,96.45510864257812
2019-12-09,96.17654418945312
2019-12-10,96.08859252929688
2019-12-11,95.8540267944336
2019-12-12,96.52839660644531
2019-12-13,96.13257598876953
2019-12-16,97.261474609375
2019-12-17,97.34939575195312
2019-12-18,97.20282745361328
2019-12-19,97.1295166015625
2019-12-20,97.81859588623047
2019-12-23,98.68358612060547
2019-12-27,98.71289825439453
2019-12-30,97.4666976928711
2020-01-03,98.50765228271484
2020-01-06,97.83323669433594
2020-01-07,98.2291030883789
2020-01-08,98.18509674072266
2020-01-09,98.28775024414062
2020-01-10,98.06781768798828
2020-01-13,98.06781768798828
2020-01-14,98.21443939208984
2020-01-15,98.27308654785156
2020-01-16,98.41963958740234
2020-01-17,99.8125
2020-01-20,100.14971923828125
2020-01-21,100.53089904785156
2020-01-22,100.80947875976562
2020-01-23,99.90048217773438
2020-01-24,100.31098937988281
2020-01-27,98.56629180908203
2020-01-28,99.57789611816406
2020-01-29,100.06175994873047
2020-01-30,99.3139877319336
2020-01-31,98.17044830322266
2020-02-03,98.33173370361328
2020-02-04,99.56324768066406
2020-02-05,101.14659881591797
2020-02-06,101.33723449707031
2020-02-07,101.24925994873047
2020-02-10,101.52783966064453
2020-02-11,101.90904235839844
2020-02-12,101.85037231445312
2020-02-13,101.85037231445312
2020-02-14,102.29019927978516
2020-02-17,102.53946685791016
2020-02-18,102.23158264160156
2020-02-19,103.3604507446289
2020-02-20,102.1875991821289
2020-02-21,102.02629852294922
2020-02-24,98.3464126586914
2020-02-25,96.42577362060547
2020-02-26,96.8656234741211
2020-02-27,93.93339538574219
2020-02-28,91.03052520751953
2020-03-02,91.38240051269531
2020-03-03,93.59361267089844
2020-03-04,95.22991943359375
2020-03-05,94.26665496826172
2020-03-06,90.93224334716797
2020-03-09,85.92327880859375
2020-03-10,85.89362335205078
2020-03-11,85.68617248535156
2020-03-12,76.61668395996094
2020-03-13,78.24676513671875
2020-03-16,76.76483917236328
2020-03-17,78.95811462402344
2020-03-18,77.446533203125
2020-03-19,81.05216979980469
2020-03-20,80.91810607910156
2020-03-23,76.67971801757812
2020-03-24,82.64035034179688
2020-03-25,84.43754577636719
2020-03-26,85.09654235839844
2020-03-27,84.19794464111328
2020-03-30,86.01011657714844
2020-03-31,87.37295532226562
2020-04-01,86.36952209472656
2020-04-02,87.01350402832031
2020-04-03,86.89310455322266
2020-04-06,88.89463806152344
2020-04-07,89.43900299072266
2020-04-08,89.57506561279297
2020-04-09,89.46922302246094
2020-04-14,90.30086517333984
2020-04-15,88.36540222167969
2020-04-16,89.63554382324219
2020-04-17,91.32909393310547
2020-04-20,92.90162658691406
2020-04-21,90.72425842285156
2020-04-22,92.23632049560547
2020-04-23,91.94902801513672
2020-04-24,92.03973388671875
2020-04-27,93.19902038574219
2020-04-28,94.17524719238281
2020-04-29,95.00608825683594
2020-04-30,93.1444091796875
2020-05-04,90.62118530273438
2020-05-05,92.3135986328125
2020-05-06,92.94440460205078
2020-05-07,93.11363983154297
2020-05-08,93.71369171142578
2020-05-11,94.19062805175781
2020-05-12,94.37525939941406
2020-05-13,93.6059799194336
2020-05-14,91.85202026367188
2020-05-15,92.57511901855469
2020-05-18,94.62144470214844
2020-05-19,94.80603790283203
2020-05-20,95.3753433227539
2020-05-22,94.08293151855469
2020-05-25,95.5753173828125
2020-05-26,95.6214828491211
2020-05-27,94.09830474853516
2020-05-28,96.25230407714844
2020-05-29,95.32918548583984
2020-06-02,96.46768188476562
2020-06-03,98.12934112548828
2020-06-04,97.00619506835938
2020-06-05,97.74467468261719
2020-06-08,97.69857025146484
2020-06-09,97.74467468261719
2020-06-10,97.42160034179688
2020-06-11,94.4829330444336
2020-06-12,94.7137222290039
2020-06-15,94.99067687988281
2020-06-16,96.8215560913086
2020-06-17,98.54476165771484
2020-06-18,98.2370376586914
2020-06-19,98.85247039794922
2020-06-22,98.0523910522461
2020-06-23,98.68321228027344
2020-06-24,96.92923736572266
2020-06-25,96.92923736572266
2020-06-26,96.6984634399414
2020-06-29,97.1446533203125
2020-06-30,97.00619506835938
2020-07-01,97.56006622314453
2020-07-02,97.9139404296875
2020-07-03,97.71393585205078
2020-07-06,98.74478149414062
2020-07-07,98.34474182128906
2020-07-08,98.31394958496094
2020-07-09,97.99085998535156
2020-07-10,98.74478149414062
2020-07-13,99.5601577758789
2020-07-14,98.96015167236328
2020-07-15,100.7756576538086
2020-07-16,100.32949829101562
2020-07-17,100.48334503173828
2020-07-20,100.80641174316406
2020-07-21,100.55907440185547
2020-07-22,100.74459838867188
2020-07-23,100.82225036621094
2020-07-24,98.98941040039062
2020-07-27,99.57963562011719
2020-07-28,99.59520721435547
2020-07-29,99.51753997802734
2020-07-30,98.18172454833984
2020-07-31,96.8614501953125
2020-08-03,99.19134521484375
2020-08-04,98.4457778930664
2020-08-05,98.22830200195312
2020-08-06,97.91764831542969
2020-08-07,98.1661605834961
2020-08-10,97.74678802490234
2020-08-11,98.66320037841797
2020-08-12,99.73497772216797
2020-08-13,99.6573257446289
2020-08-14,98.89622497558594
2020-08-17,99.48646545410156
2020-08-18,99.02046203613281
2020-08-19,100.5892562866211
2020-08-20,99.6728286743164
2020-08-21,99.84367370605469
2020-08-24,100.32521057128906
2020-08-25,100.07667541503906
2020-08-26,100.35628509521484
2020-08-27,99.95240783691406
2020-08-28,99.31561279296875
2020-08-31,99.34664154052734
2020-09-01,99.62626647949219
2020-09-02,101.5212173461914
2020-09-03,99.6728286743164
2020-09-04,98.98941040039062
2020-09-07,100.40288543701172
2020-09-08,99.51753997802734
2020-09-09,101.10185241699219
2020-09-10,101.07078552246094
2020-09-11,101.67655181884766
2020-09-14,101.36588287353516
2020-09-15,102.23573303222656
2020-09-16,102.43765258789062
2020-09-17,102.06487274169922
2020-09-18,102.37554168701172
2020-09-21,100.41842651367188
2020-09-22,100.52715301513672
2020-09-23,100.57373809814453
2020-09-24,99.4087905883789
2020-09-25,99.6106948852539
2020-09-28,100.34076690673828
2020-09-29,99.9835205078125
2020-09-30,99.42432403564453
2020-10-01,100.13883972167969
2020-10-02,100.10774993896484
2020-10-05,100.775634765625
2020-10-06,99.9990005493164
2020-10-07,99.6728286743164
2020-10-08,100.1854248046875
2020-10-09,100.775634765625
2020-10-12,101.42803955078125
2020-10-13,101.00863647460938
2020-10-14,100.63587188720703
2020-10-15,98.50790405273438
2020-10-16,99.85926055908203
2020-10-19,99.4087905883789
2020-10-20,99.11367797851562
2020-10-21,97.84001159667969
2020-10-22,97.63809967041016
2020-10-23,97.7778549194336
2020-10-26,97.24976348876953
2020-10-27,96.47312927246094
2020-10-28,94.08109283447266
2020-10-29,93.56853485107422
2020-10-30,93.81707763671875
2020-11-02,95.86737060546875
2020-11-03,97.68465423583984
2020-11-04,100.09223937988281
2020-11-05,100.34076690673828
2020-11-06,100.51160430908203
2020-11-09,101.38141632080078
2020-11-10,100.44950103759766
2020-11-11,102.34446716308594
2020-11-12,101.75424194335938
2020-11-13,102.00276184082031
2020-11-16,102.73277282714844
2020-11-17,102.57743835449219
2020-11-18,102.45321655273438
2020-11-19,101.66101837158203
2020-11-20,102.00276184082031
2020-11-23,101.4124984741211
2020-11-24,101.80081176757812
2020-11-25,101.73870086669922
2020-11-26,102.23573303222656
2020-11-27,101.73870086669922
2020-11-30,101.42803955078125
2020-12-01,101.598876953125
2020-12-02,101.39695739746094
2020-12-03,100.82225036621094
2020-12-04,101.05524444580078
2020-12-07,101.08631896972656
2020-12-08,101.13288116455078
2020-12-09,101.4124984741211
2020-12-10,101.17950439453125
2020-12-11,101.14844512939453
2020-12-14,101.10185241699219
2020-12-15,100.9465103149414
2020-12-16,101.87847137451172
2020-12-17,102.76384735107422
2020-12-18,102.70172119140625
2020-12-21,100.71353149414062
2020-12-22,101.55228424072266
2020-12-23,101.78529357910156
2020-12-28,103.41622924804688
2020-12-29,104.317138671875
2020-12-30,104.37923431396484
2021-01-04,104.55009460449219
2021-01-05,104.4879379272461
2021-01-06,104.4879379272461
2021-01-07,104.92288970947266
2021-01-08,104.9850082397461
2021-01-11,105.4975814819336
2021-01-12,105.59080505371094
2021-01-13,105.37332153320312
2021-01-14,105.71501922607422
2021-01-15,105.69950103759766
2021-01-18,105.99464416503906
2021-01-19,105.6684341430664
2021-01-20,106.3984603881836
2021-01-21,106.19652557373047
2021-01-22,106.19652557373047
2021-01-25,106.08781433105469
2021-01-26,106.33638763427734
2021-01-27,106.02569580078125
2021-01-28,105.77716064453125
2021-01-29,103.05895233154297
2021-02-01,104.59666442871094
2021-02-02,105.6684341430664
2021-02-03,105.37332153320312
2021-02-04,105.90144348144531
2021-02-05,105.20248413085938
2021-02-08,105.24907684326172
2021-02-09,105.62181854248047
2021-02-10,105.73058319091797
2021-02-11,105.99464416503906
2021-02-12,106.27423095703125
2021-02-15,106.72470092773438
2021-02-16,106.74022674560547
2021-02-17,105.544189453125
2021-02-18,104.86077880859375
2021-02-19,104.87626647949219
2021-02-22,104.81413269042969
2021-02-23,103.83558654785156
2021-02-24,104.93840026855469
2021-02-25,104.06859588623047
2021-02-26,102.96575927734375
2021-03-01,104.67438507080078
2021-03-02,105.43548583984375
2021-03-03,105.2179946899414
2021-03-04,105.35858154296875
2021-03-05,104.10897827148438
2021-03-08,106.96817779541016
2021-03-09,107.26666259765625
2021-03-10,107.86361694335938
2021-03-11,107.80075073242188
2021-03-12,107.34521484375
2021-03-15,107.70650482177734
2021-03-16,108.42916107177734
2021-03-17,108.162109375
2021-03-18,109.0927505493164
2021-03-19,109.18742370605469
2021-03-22,110.34361267089844
2021-03-23,110.85037994384766
2021-03-24,110.54945373535156
2021-03-25,110.64447784423828
2021-03-26,110.992919921875
2021-03-29,110.86621856689453
2021-03-30,111.26224517822266
2021-03-31,110.75537872314453
2021-04-01,111.64230346679688
2021-04-06,112.33920288085938
2021-04-07,111.84820556640625
2021-04-08,112.62422180175781
2021-04-09,113.16510772705078
2021-04-12,112.7197036743164
2021-04-13,112.86348724365234
2021-04-14,113.16708374023438
2021-04-15,113.58242797851562
2021-04-16,114.39728546142578
2021-04-19,114.30082702636719
2021-04-20,113.20785522460938
2021-04-21,115.01915740966797
2021-04-22,115.42349243164062
2021-04-23,114.95448303222656
2021-04-26,114.90596008300781
2021-04-27,114.16203308105469
2021-04-28,114.04881286621094
2021-04-29,113.88710021972656
2021-04-30,113.06228637695312
2021-05-03,113.96794128417969
2021-05-04,112.39923858642578
2021-05-05,114.14585876464844
2021-05-06,113.93560028076172
2021-05-07,114.61488342285156
2021-05-10,114.09736633300781
2021-05-11,112.36688232421875
2021-05-12,112.93292999267578
2021-05-14,113.83856964111328
2021-05-17,114.21186065673828
2021-05-18,114.1469497680664
2021-05-19,113.54645538330078
2021-05-20,114.77993774414062
2021-05-21,115.38042449951172
2021-05-25,116.04584503173828
2021-05-26,116.80876159667969
2021-05-27,116.6950912475586
2021-05-28,117.66889190673828
2021-05-31,117.06834411621094
2021-06-01,117.73381805419922
2021-06-02,118.1882553100586
2021-06-03,118.44792938232422
2021-06-04,119.17828369140625
2021-06-07,119.5516128540039
2021-06-08,119.6490249633789
2021-06-09,120.97986602783203
2021-06-10,121.0123291015625
2021-06-11,121.46673583984375
2021-06-14,121.67777252197266
2021-06-15,122.35948181152344
2021-06-16,122.79764556884766
2021-06-17,122.9437026977539
2021-06-18,122.3431625366211
2021-06-21,122.830078125
2021-06-22,122.8950424194336
2021-06-23,121.8725357055664
2021-06-24,123.02487182617188
2021-06-25,123.04109191894531
2021-06-28,123.1222152709961
2021-06-29,123.44684600830078
2021-06-30,122.71649932861328
2021-07-01,122.81387329101562
2021-07-02,122.9761734008789
2021-07-05,122.91126251220703
2021-07-06,122.92748260498047
2021-07-07,123.99869537353516
2021-07-08,122.53800201416016
2021-07-09,123.04109191894531
2021-07-12,123.94996643066406
2021-07-13,123.98242950439453
2021-07-14,123.6416015625
2021-07-15,123.04109191894531
2021-07-16,123.34944152832031
2021-07-19,122.01860046386719
2021-07-20,122.76699829101562
2021-07-21,123.61296081542969
2021-07-22,123.44991302490234
2021-07-23,124.83607482910156
2021-07-26,124.02069854736328
2021-07-27,123.69449615478516
2021-07-28,124.15108489990234
2021-07-29,124.15108489990234
2021-07-30,124.77082061767578
2021-08-02,125.24370574951172
2021-08-03,125.12960815429688
2021-08-04,125.27639770507812
2021-08-05,125.47203826904297
2021-08-06,125.16223907470703
2021-08-09,126.2548599243164
2021-08-10,126.77664947509766
2021-08-11,127.10282897949219
2021-08-12,127.36372375488281
2021-08-13,127.65731811523438
2021-08-16,127.07020568847656
2021-08-17,127.88562774658203
2021-08-18,128.6684112548828
2021-08-19,127.10282897949219
2021-08-20,127.44532775878906
2021-08-23,128.01608276367188
2021-08-24,127.54310607910156
2021-08-25,126.85820007324219
2021-08-26,127.44532775878906
2021-08-27,127.93453979492188
2021-08-30,128.21173095703125
2021-08-31,127.65731811523438
2021-09-01,128.0487060546875
2021-09-02,128.1138916015625
2021-09-03,127.34742736816406
2021-09-06,128.1138916015625
2021-09-07,127.54310607910156
2021-09-08,125.84715270996094
2021-09-09,125.35791778564453
2021-09-10,124.86865997314453
2021-09-13,124.9665298461914
2021-09-14,125.34159851074219
2021-09-15,124.05328369140625
2021-09-16,124.64038848876953
2021-09-17,123.6781997680664
2021-09-20,121.90061950683594
2021-09-21,122.81390380859375
2021-09-22,123.14004516601562
2021-09-23,124.10221862792969
2021-09-24,122.78132629394531
2021-09-27,121.16681671142578
2021-09-28,119.03044128417969
2021-09-29,120.18836975097656
2021-09-30,120.2046890258789
2021-10-01,119.65019989013672
2021-10-04,119.37296295166016
2021-10-05,119.86222839355469
2021-10-06,119.45450592041016
2021-10-07,121.19940948486328
2021-10-08,121.03633880615234
2021-10-11,121.3135757446289
2021-10-12,121.32987213134766
2021-10-13,122.0311279296875
2021-10-14,122.92803955078125
2021-10-15,123.61297607421875
2021-10-18,123.6781997680664
2021-10-19,123.14004516601562
2021-10-20,124.10221862792969
2021-10-21,124.11849975585938
2021-10-22,124.47728729248047
2021-10-25,124.06958770751953
2021-10-26,125.01538848876953
2021-10-27,124.59143829345703
2021-10-28,125.19481658935547
2021-10-29,124.86865997314453
2021-11-01,125.993896484375
2021-11-02,126.90716552734375
2021-11-03,127.55946350097656
2021-11-04,128.24440002441406
2021-11-05,127.36372375488281
2021-11-08,127.67357635498047
2021-11-09,127.93453979492188
2021-11-10,128.1465606689453
2021-11-11,128.24440002441406
2021-11-12,129.04345703125
2021-11-15,129.0924835205078
2021-11-16,129.38592529296875
2021-11-17,129.59791564941406
2021-11-18,129.1250457763672
2021-11-19,128.9782257080078
2021-11-22,128.3911895751953
2021-11-23,126.61356353759766
2021-11-24,126.69511413574219
2021-11-25,127.36372375488281
2021-11-26,124.75456237792969
2021-11-29,125.21115112304688
2021-11-30,124.29795837402344
2021-12-01,125.35791778564453
2021-12-02,124.31420135498047
2021-12-03,124.29795837402344
2021-12-06,126.46685028076172
2021-12-07,128.0649871826172
2021-12-08,128.79884338378906
2021-12-09,128.9782257080078
2021-12-10,128.6684112548828
2021-12-13,128.30960083007812
2021-12-14,126.7603530883789
2021-12-15,128.0649871826172
2021-12-16,130.2828826904297
2021-12-17,129.36959838867188
2021-12-20,128.37486267089844
2021-12-21,129.40223693847656
2021-12-22,130.02191162109375
2021-12-23,130.56007385253906
2021-12-27,131.47335815429688
2021-12-28,132.54962158203125
2021-12-29,132.20718383789062
2021-12-30,131.68533325195312
2022-01-03,132.07666015625
2022-01-04,131.8321075439453
2022-01-05,131.70164489746094
2022-01-06,130.49481201171875
2022-01-07,130.4296417236328
2022-01-10,127.64102172851562
2022-01-11,129.10874938964844
2022-01-12,128.9456024169922
2022-01-13,128.26068115234375
2022-01-14,127.11917114257812
2022-01-17,128.3911895751953
2022-01-18,127.03760528564453
2022-01-19,126.84192657470703
2022-01-20,127.51052856445312
2022-01-21,125.39051055908203
2022-01-24,120.44924926757812
2022-01-25,121.06897735595703
2022-01-26,122.92803955078125
2022-01-27,123.74340057373047
2022-01-28,122.79756927490234
2022-01-31,124.28158569335938
2022-02-01,125.22748565673828
2022-02-02,125.32530975341797
2022-02-03,123.85758209228516
2022-02-04,123.18897247314453
2022-02-07,123.3031005859375
2022-02-08,122.73237609863281
2022-02-09,125.16223907470703
2022-02-10,124.44463348388672
2022-02-11,123.85758209228516
2022-02-14,121.75391387939453
2022-02-15,123.3194808959961
2022-02-16,123.3194808959961
2022-02-17,122.09635925292969
2022-02-18,121.57450866699219
2022-02-21,120.18836975097656
2022-02-22,120.92218780517578
2022-02-23,120.67756652832031
2022-02-24,117.90525817871094
2022-02-25,121.47664642333984
2022-02-28,121.4439926147461
2022-03-01,119.63385772705078
2022-03-02,120.56342315673828
2022-03-03,118.14983367919922
2022-03-04,114.31748962402344
2022-03-07,112.98028564453125
2022-03-08,111.88197326660156
2022-03-09,118.16050720214844
2022-03-10,115.55399322509766
2022-03-11,116.96379089355469
2022-03-14,118.37358856201172
2022-03-15,118.53751373291016
2022-03-16,121.35707092285156
2022-03-17,123.03579711914062
2022-03-18,124.2042236328125
2022-03-21,124.2042236328125
2022-03-22,124.84608459472656
2022-03-23,123.44721221923828
2022-03-24,123.64470672607422
2022-03-25,123.64470672607422
2022-03-28,124.38526916503906
2022-03-29,126.21209716796875
2022-03-30,125.027099609375
2022-03-31,124.17134094238281
2022-04-01,124.7802734375
2022-04-04,125.99809265136719
2022-04-05,126.31077575683594
2022-04-06,125.45502471923828
2022-04-07,126.04744720458984
2022-04-08,127.53462982177734
2022-04-11,128.01612854003906
2022-04-12,127.14937591552734
2022-04-13,127.55126190185547
2022-04-14,128.5896453857422
2022-04-19,126.91485595703125
2022-04-20,127.68528747558594
2022-04-21,127.78575134277344
2022-04-22,127.16607666015625
2022-04-25,125.69230651855469
2022-04-26,123.73274993896484
2022-04-27,125.00563049316406
2022-04-28,125.18988037109375
2022-04-29,126.11096954345703
2022-05-02,124.26866149902344
2022-05-03,124.5377197265625
2022-05-04,123.24319458007812
2022-05-05,123.80013275146484
2022-05-06,122.29817199707031
2022-05-09,118.686767578125
2022-05-10,120.00308990478516
2022-05-11,120.23934173583984
2022-05-12,119.68242645263672
2022-05-13,121.37002563476562
2022-05-16,121.65689849853516
2022-05-17,122.18008422851562
2022-05-18,120.27307891845703
2022-05-19,117.6405258178711
2022-05-20,117.79234313964844
2022-05-23,118.82182312011719
2022-05-24,119.32805633544922
2022-05-25,118.93994140625
2022-05-27,121.11689758300781
2022-05-30,122.3150405883789
2022-05-31,121.13375854492188
2022-06-01,119.63182067871094
2022-06-02,119.9018325805664
2022-06-03,120.01997375488281
2022-06-07,119.93559265136719
2022-06-08,119.19306945800781
2022-06-09,117.92735290527344
2022-06-10,115.39601135253906
2022-06-13,113.28656768798828
2022-06-14,111.58212280273438
2022-06-15,112.4090576171875
2022-06-16,108.73014068603516
2022-06-17,108.78074645996094
2022-06-20,109.16889190673828
2022-06-21,109.55705261230469
2022-06-22,109.77642059326172
2022-06-23,109.18575286865234
2022-06-24,112.79717254638672
2022-06-27,113.7084732055664
2022-06-28,112.74652099609375
2022-06-29,112.6959228515625
2022-06-30,112.18965911865234
2022-07-01,112.2908935546875
2022-07-04,113.3203353881836
2022-07-05,111.90276336669922
2022-07-06,113.1178207397461
2022-07-07,114.33287048339844
2022-07-08,115.15975952148438
2022-07-11,114.97413635253906
2022-07-12,115.4466552734375
2022-07-13,113.84347534179688
2022-07-14,112.74652099609375
2022-07-15,114.46785736083984
2022-07-18,114.8897705078125
2022-07-19,116.10966491699219
2022-07-20,115.73690795898438
2022-07-21,116.63847351074219
2022-07-22,116.62142944335938
2022-07-25,116.80853271484375
2022-07-26,116.75751495361328
2022-07-27,116.41732025146484
2022-07-28,116.99562072753906
2022-07-29,117.21676635742188
2022-08-02,117.04667663574219
2022-08-03,117.96521759033203
2022-08-04,118.47554016113281
2022-08-05,117.28480529785156
2022-08-08,117.65904235839844
2022-08-09,116.82554626464844
2022-08-10,117.43793487548828
2022-08-11,118.11833190917969
2022-08-12,117.48892974853516
2022-08-15,117.45491790771484
2022-08-16,117.14875030517578
2022-08-17,116.77452850341797
2022-08-18,117.21676635742188
2022-08-19,117.18274688720703
2022-08-22,116.26423645019531
2022-08-23,114.97142028808594
2022-08-24,115.68586730957031
2022-08-25,116.12812042236328
2022-08-26,115.03945922851562
2022-08-29,114.17195129394531
2022-08-30,114.17195129394531
2022-08-31,113.84880828857422
2022-09-01,111.65446472167969
2022-09-02,113.7977294921875
2022-09-05,113.04928588867188
2022-09-06,113.33846282958984
2022-09-07,112.7260971069336
2022-09-08,112.84517669677734
2022-09-09,114.08692932128906
2022-09-12,114.6142349243164
2022-09-13,113.6616439819336
2022-09-14,112.13074493408203
2022-09-15,111.7395248413086
2022-09-16,110.03850555419922
2022-09-19,110.02149200439453
2022-09-20,109.13697052001953
2022-09-21,108.932861328125
2022-09-22,107.33391571044922
2022-09-23,105.83699798583984
2022-09-26,105.66690826416016
2022-09-27,105.70091247558594
2022-09-28,106.51741027832031
2022-09-29,105.4457778930664
2022-09-30,107.1127700805664
2022-10-03,107.33391571044922
2022-10-04,110.14057922363281
2022-10-05,109.49418640136719
2022-10-06,108.33747100830078
2022-10-07,107.36791229248047
2022-10-10,106.65348815917969
2022-10-11,106.58544921875
2022-10-12,106.02412414550781
2022-10-13,106.55143737792969
2022-10-14,107.06171417236328
2022-10-17,108.8478012084961
2022-10-18,110.10655212402344
2022-10-19,108.79676818847656
2022-10-20,109.03490447998047
2022-10-21,108.28645324707031
2022-10-24,109.98748779296875
2022-10-25,112.04570007324219
2022-10-26,112.3858871459961
2022-10-27,111.50138854980469
2022-10-28,111.9266357421875
2022-10-31,112.13074493408203
2022-11-01,111.9436264038086
2022-11-02,111.90961456298828
2022-11-03,110.39571380615234
2022-11-04,111.90961456298828
2022-11-07,111.51836395263672
2022-11-08,112.62407684326172
2022-11-09,113.32145690917969
2022-11-10,115.87300109863281
2022-11-11,116.0600814819336
2022-11-14,114.6142349243164
2022-11-15,115.09051513671875
2022-11-16,113.69567108154297
2022-11-17,113.59362030029297
2022-11-18,114.64826202392578
2022-11-21,115.15855407714844
2022-11-22,115.1415786743164
2022-11-23,115.43071746826172
2022-11-24,116.1791763305664
2022-11-25,116.26423645019531
2022-11-28,116.24720001220703
2022-11-29,114.81836700439453
2022-11-30,115.29464721679688
2022-12-01,116.74049377441406
2022-12-02,116.51934814453125
2022-12-05,116.0600814819336
2022-12-06,115.4136962890625
2022-12-07,114.03590393066406
2022-12-08,113.95085144042969
2022-12-09,114.49516296386719
2022-12-12,114.27400207519531
2022-12-13,115.43071746826172
2022-12-14,115.77091217041016
2022-12-15,112.91324615478516
2022-12-16,111.97765350341797
2022-12-19,111.4843521118164
2022-12-20,110.82095336914062
2022-12-21,112.572998046875
2022-12-22,111.82454681396484
2022-12-23,112.55602264404297
2022-12-27,112.99827575683594
2022-12-28,112.14775848388672
2022-12-29,112.69210052490234
2022-12-30,111.84159088134766
2023-01-03,114.25702667236328
2023-01-04,116.00906372070312
2023-01-05,115.12454223632812
2023-01-06,116.0940933227539
2023-01-09,116.99562072753906
2023-01-10,116.3492660522461
2023-01-11,117.28480529785156
2023-01-12,117.88017272949219
2023-01-13,117.81214141845703
2023-01-16,119.240966796875
2023-01-17,119.07087707519531
2023-01-18,118.61161041259766
2023-01-19,117.52293395996094
2023-01-20,117.84616088867188
2023-01-23,119.08792114257812
2023-01-24,118.98583221435547
2023-01-25,118.8497543334961
2023-01-26,118.20338439941406
2023-01-27,118.06727600097656
2023-01-30,118.71366882324219
2023-01-31,117.84616088867188
2023-02-01,117.08070373535156
2023-02-02,117.76115417480469
2023-02-03,119.1388931274414
2023-02-06,118.23739624023438
2023-02-07,117.8631820678711
2023-02-08,118.01625061035156
2023-02-09,117.52293395996094
2023-02-10,116.43431091308594
2023-02-13,117.33586883544922
2023-02-14,117.62499237060547
2023-02-15,117.98226165771484
2023-02-16,117.36985778808594
2023-02-17,117.84616088867188
2023-02-20,117.88017272949219
2023-02-21,118.08427429199219
2023-02-22,118.05030822753906
2023-02-23,117.55699920654297
2023-02-24,116.75751495361328
2023-02-27,117.74408721923828
2023-02-28,116.16215515136719
2023-03-01,115.87300109863281
2023-03-02,117.16576385498047
2023-03-03,117.35282135009766
2023-03-06,116.91061401367188
2023-03-07,115.92402648925781
2023-03-08,115.56681060791016
2023-03-09,115.65233612060547
2023-03-10,113.90727996826172
2023-03-13,112.24779510498047
2023-03-14,113.71910858154297
2023-03-15,111.34103393554688
2023-03-16,113.69573974609375
2023-03-17,113.11134338378906
2023-03-20,113.38636016845703
2023-03-21,114.64103698730469
2023-03-22,114.7613754272461
2023-03-23,114.52073669433594
2023-03-24,113.40357208251953
2023-03-27,114.67544555664062
2023-03-28,115.15667724609375
2023-03-29,116.32543182373047
2023-03-30,117.15043640136719
2023-03-31,118.25043487548828
2023-04-03,118.02699279785156
2023-04-04,117.73478698730469
2023-04-05,118.1816635131836
2023-04-06,118.93792724609375
2023-04-11,119.52228546142578
2023-04-12,119.55689239501953
2023-04-13,119.76443481445312
2023-04-14,121.48674774169922
2023-04-17,121.43456268310547
2023-04-18,121.95647430419922
2023-04-19,122.00867462158203
2023-04-20,122.00867462158203
2023-04-21,122.68716430664062
2023-04-24,123.63375091552734
2023-04-25,123.89669036865234
2023-04-26,122.61705017089844
2023-04-27,122.49433135986328
2023-04-28,123.33576965332031
2023-05-02,122.98515319824219
2023-05-03,124.10704040527344
2023-05-04,123.35328674316406
2023-05-05,124.7906723022461
2023-05-08,124.80821990966797
2023-05-09,124.59789276123047
2023-05-10,124.03694152832031
2023-05-11,124.44007110595703
2023-05-12,124.96598815917969
2023-05-15,124.96598815917969
2023-05-16,124.10704040527344
2023-05-17,123.23060607910156
2023-05-19,124.65043640136719
2023-05-22,124.44007110595703
2023-05-23,123.75643920898438
2023-05-24,122.91506958007812
2023-05-25,122.49433135986328
2023-05-26,123.24810791015625
2023-05-30,121.70556640625
2023-05-31,121.47772979736328
2023-06-01,121.7756576538086
2023-06-02,123.3182144165039
2023-06-05,122.72223663330078
2023-06-06,123.38835906982422
2023-06-07,122.24897003173828
2023-06-08,121.72308349609375
2023-06-09,121.31989288330078
2023-06-12,122.00353240966797
2023-06-13,122.17878723144531
2023-06-14,121.93344116210938
2023-06-15,121.96849060058594
2023-06-16,122.73975372314453
2023-06-19,121.60037994384766
2023-06-20,120.70638275146484
2023-06-21,120.28567504882812
2023-06-22,120.32074737548828
2023-06-23,120.70638275146484
2023-06-26,119.95262145996094
2023-06-27,119.82992553710938
2023-06-28,120.51355743408203
2023-06-29,120.25064849853516
2023-06-30,121.65299224853516
2023-07-03,121.02193450927734
2023-07-04,121.23226928710938
2023-07-05,120.46101379394531
2023-07-06,118.44514465332031
2023-07-07,117.4459457397461
2023-07-10,118.12958526611328
2023-07-11,118.48015594482422
2023-07-12,119.14627075195312
2023-07-13,119.26898193359375
2023-07-14,120.32074737548828
2023-07-17,118.9885482788086
2023-07-18,120.22191619873047
2023-07-19,119.9752426147461
2023-07-20,121.23033142089844
2023-07-21,121.19496154785156
2023-07-24,120.73536682128906
2023-07-25,121.56617736816406
2023-07-26,121.00051879882812
2023-07-27,122.9450454711914
2023-07-28,122.7328872680664
2023-07-31,122.520751953125
2023-08-02,121.37175750732422
2023-08-03,119.97525024414062
2023-08-04,120.29342651367188
2023-08-07,120.34648895263672
2023-08-08,119.7277603149414
2023-08-09,120.0636215209961
2023-08-10,120.70001983642578
2023-08-11,119.9222183227539
2023-08-14,120.15200805664062
2023-08-15,119.09139251708984
2023-08-16,118.949951171875
2023-08-17,117.8362808227539
2023-08-18,117.21760559082031
2023-08-21,117.11151885986328
2023-08-22,117.73023986816406
2023-08-23,118.40198516845703
2023-08-24,118.61407470703125
2023-08-25,118.34893035888672
2023-08-28,119.5156478881836
2023-08-29,120.13435363769531
2023-08-30,120.15200805664062
2023-08-31,120.22270965576172
2023-09-01,119.992919921875
2023-09-04,119.63937377929688
2023-09-05,118.4903335571289
2023-09-06,118.17214965820312
2023-09-07,118.79085540771484
2023-09-08,118.43731689453125
2023-09-11,118.61407470703125
2023-09-12,118.56108093261719
2023-09-13,118.24285888671875
2023-09-14,119.39189147949219
2023-09-15,120.31109619140625
2023-09-18,119.23280334472656
2023-09-19,119.16211700439453
2023-09-20,120.25807189941406
2023-09-21,119.42726135253906
2023-09-22,118.70247650146484
2023-09-25,118.70247650146484
2023-09-26,117.73023986816406
2023-09-27,116.95245361328125
2023-09-28,117.25294494628906
2023-09-29,118.0307388305664
2023-10-02,116.82868194580078
2023-10-03,115.71502685546875
2023-10-04,115.5206069946289
2023-10-05,115.80342864990234
2023-10-06,115.5912857055664
2023-10-09,115.90949249267578
2023-10-10,117.87162780761719
2023-10-11,118.26055908203125
2023-10-12,118.31359100341797
2023-10-13,116.7049331665039
2023-10-16,117.04081726074219
2023-10-17,116.03321075439453
2023-10-18,115.14936065673828
2023-10-19,112.42707061767578
2023-10-20,111.29573059082031
2023-10-23,111.15431213378906
2023-10-24,111.61390686035156
2023-10-25,111.68461608886719
2023-10-26,111.26036071777344
2023-10-27,110.7123794555664
2023-10-30,111.33106231689453
2023-10-31,111.57855224609375
2023-11-01,112.7452621459961
2023-11-02,114.05335998535156
2023-11-03,114.21244812011719
2023-11-06,113.8058853149414
2023-11-07,113.894287109375
2023-11-08,113.92961883544922
2023-11-09,114.72510528564453
2023-11-10,113.73517608642578
2023-11-13,114.01799774169922
2023-11-14,115.64430236816406
2023-11-15,115.64430236816406
2023-11-16,115.0079574584961
2023-11-17,115.99784851074219
2023-11-20,115.71502685546875
2023-11-21,116.10395050048828
2023-11-22,116.45748901367188
2023-11-23,116.79335021972656
2023-11-24,116.91707611083984
2023-11-27,116.52816772460938
2023-11-28,115.75037384033203
2023-11-29,116.35140228271484
2023-11-30,116.63426971435547
2023-12-01,117.04081726074219
2023-12-04,117.41204071044922
2023-12-05,117.57113647460938
2023-12-06,117.88935852050781
2023-12-07,118.06610870361328
2023-12-08,118.6671142578125
2023-12-11,119.0030288696289
2023-12-12,119.48027038574219
2023-12-13,119.56867980957031
2023-12-14,120.13435363769531
2023-12-15,119.5156478881836
2023-12-18,119.78079223632812
2023-12-19,119.56867980957031
2023-12-20,119.48027038574219
2023-12-21,119.32117462158203
2023-12-22,119.62169647216797
2023-12-27,119.038330078125
2023-12-28,118.80854034423828
2023-12-29,119.62169647216797
2024-01-03,119.35651397705078
2024-01-04,119.992919921875
2024-01-05,119.60400390625
2024-01-08,120.081298828125
2024-01-09,120.31109619140625
2024-01-10,120.13435363769531
2024-01-11,119.19743347167969
2024-01-12,120.0105972290039
2024-01-15,119.53333282470703
2024-01-16,119.97525024414062
2024-01-17,119.16211700439453
2024-01-18,119.48027038574219
2024-01-19,119.32117462158203
2024-01-22,120.36412811279297
2024-01-23,119.10902404785156
2024-01-24,119.67473602294922
2024-01-25,119.76309204101562
2024-01-26,121.67224884033203
2024-01-29,121.9727783203125
2024-01-30,122.1849136352539
2024-01-31,121.14192962646484
2024-02-01,120.5585708618164
2024-02-02,120.43482971191406
2024-02-05,121.08891296386719
2024-02-06,120.77070617675781
2024-02-07,120.22270965576172
2024-02-08,119.67473602294922
2024-02-09,119.02070617675781
2024-02-12,119.97525024414062
2024-02-13,119.56867980957031
2024-02-14,120.43482971191406
2024-02-15,121.0181884765625
2024-02-16,121.21265411376953
2024-02-19,122.1849136352539
2024-02-20,122.53848266601562
2024-02-21,122.255615234375
2024-02-22,121.72529602050781
2024-02-23,122.71517944335938
2024-02-26,122.34400939941406
2024-02-27,122.255615234375
2024-02-28,121.86669158935547
2024-02-29,121.8136978149414
2024-03-01,122.1849136352539
2024-03-04,122.14950561523438
2024-03-05,122.07882690429688
2024-03-06,123.01570892333984
2024-03-07,124.15342712402344
2024-03-08,125.3266830444336
2024-03-11,125.63056945800781
2024-03-12,126.542236328125
2024-03-13,126.7388916015625
2024-03-14,126.82864379882812
2024-03-15,126.93641662597656
2024-03-18,126.44934844970703
2024-03-19,125.76387786865234
2024-03-20,126.3952407836914
2024-03-21,127.33325958251953
2024-03-22,126.77404022216797
2024-03-25,126.66583251953125
2024-03-26,127.17089080810547
2024-03-27,127.54972076416016
2024-03-28,127.73005676269531
2024-04-02,126.68385314941406
2024-04-03,126.55758666992188
2024-04-04,127.35126495361328
2024-04-05,125.47528839111328
2024-04-08,125.94430541992188
2024-04-09,125.79998016357422
2024-04-10,125.43922424316406
2024-04-11,125.22274017333984
2024-04-12,124.6786880493164
2024-04-15,124.98699951171875
2024-04-16,123.61955261230469
2024-04-17,123.82009887695312
2024-04-18,124.16653442382812
2024-04-19,124.27591705322266
2024-04-22,125.43376159667969
2024-04-23,127.06944274902344
2024-04-24,126.29759979248047
2024-04-25,125.121337890625
2024-04-26,126.05863189697266
2024-04-29,125.89321899414062
2024-04-30,125.9116439819336
2024-05-02,124.80890655517578
2024-05-03,125.76456451416016
2024-05-06,126.1689224243164
2024-05-07,128.0618896484375
2024-05-08,128.79705810546875
2024-05-10,130.7084197998047
2024-05-13,130.7084197998047
2024-05-14,131.0392303466797
2024-05-15,132.14193725585938
2024-05-16,132.91383361816406
2024-05-17,133.3549346923828
2024-05-21,133.15274047851562
2024-05-22,132.8771209716797
2024-05-23,132.9873504638672
2024-05-24,132.71165466308594
2024-05-27,132.96897888183594
2024-05-28,131.81114196777344
2024-05-29,131.0760040283203
2024-05-30,131.95816040039062
2024-05-31,133.09762573242188
2024-06-03,132.9506072998047
2024-06-04,133.02410888671875
2024-06-05,134.16354370117188
2024-06-06,135.35816955566406
2024-06-07,135.2295379638672
2024-06-10,134.07168579101562
2024-06-11,133.37327575683594
2024-06-12,134.40249633789062
2024-06-13,133.171142578125
2024-06-14,132.91383361816406
2024-06-17,132.84033203125
2024-06-18,133.33651733398438
2024-06-19,133.41004943847656
2024-06-20,134.10845947265625
2024-06-21,132.32569885253906
2024-06-24,134.29222106933594
2024-06-25,133.41004943847656
2024-06-26,132.6381378173828
2024-06-27,132.7484588623047
2024-06-28,132.58299255371094
2024-07-01,132.9873504638672
2024-07-02,132.78518676757812
2024-07-03,133.2813720703125
2024-07-04,133.74087524414062
2024-07-05,133.4284210205078
2024-07-08,133.59385681152344
2024-07-09,133.52035522460938
2024-07-10,134.53114318847656
2024-07-11,135.52359008789062
2024-07-12,136.5895538330078
2024-07-15,135.54196166992188
2024-07-16,135.4864501953125
2024-07-17,136.022705078125
2024-07-18,135.89280700683594
2024-07-19,135.09474182128906
2024-07-22,136.43104553222656
2024-07-23,136.1897735595703
2024-07-24,135.50308227539062
2024-07-25,134.33384704589844
2024-07-26,135.74432373046875
2024-07-29,135.46595764160156
2024-07-30,136.4125213623047
2024-07-31,136.5980987548828
2024-08-02,132.08811950683594
2024-08-05,128.33909606933594
2024-08-06,128.76596069335938
2024-08-07,131.80972290039062
2024-08-08,131.5498809814453
2024-08-09,131.95822143554688
2024-08-12,132.1809539794922
2024-08-13,132.5520782470703
2024-08-14,134.2039031982422
2024-08-15,135.09474182128906
2024-08-16,135.44741821289062
2024-08-19,136.31968688964844
2024-08-20,136.0784149169922
2024-08-21,135.855712890625
2024-08-22,136.46820068359375
2024-08-23,137.0435028076172
2024-08-26,137.19198608398438
2024-08-27,136.1526336669922
2024-08-28,136.82078552246094
2024-08-29,137.54461669921875
2024-08-30,137.8601531982422
2024-09-02,138.02716064453125
2024-09-03,136.67233276367188
2024-09-04,135.02052307128906
2024-09-05,133.33157348632812
2024-09-06,132.1809539794922
2024-09-09,133.03466796875
2024-09-10,132.77481079101562
2024-09-11,132.1809539794922
2024-09-12,133.1274871826172
2024-09-13,133.66567993164062
2024-09-16,133.33157348632812
2024-09-17,133.75848388671875
2024-09-18,133.16458129882812
2024-09-19,134.35235595703125
2024-09-20,132.62635803222656
2024-09-23,133.18312072753906
2024-09-24,133.99974060058594
2024-09-25,135.11331176757812
2024-09-26,135.98561096191406
2024-09-27,136.39393615722656
2024-09-30,135.57733154296875
2024-10-01,134.9462890625
2024-10-02,134.85348510742188
2024-10-03,133.7399139404297
2024-10-04,133.92550659179688
2024-10-07,133.99974060058594
2024-10-08,133.94407653808594
2024-10-09,135.07618713378906
2024-10-10,134.5936737060547
2024-10-11,135.2989501953125
2024-10-14,136.46820068359375
2024-10-15,135.78146362304688
2024-10-16,135.5402069091797
2024-10-17,136.4866943359375
2024-10-18,136.83938598632812
2024-10-21,136.2268829345703
2024-10-22,135.2989501953125
2024-10-23,135.00198364257812
2024-10-24,135.37313842773438
2024-10-25,135.18756103515625
2024-10-28,136.0041961669922
2024-10-29,134.46371459960938
2024-10-30,133.05320739746094
2024-10-31,131.29005432128906
2024-11-01,133.03466796875
2024-11-04,132.38507080078125
2024-11-05,132.0695343017578
2024-11-06,131.95822143554688
2024-11-07,132.47784423828125
2024-11-08,131.36428833007812
2024-11-11,132.38507080078125
2024-11-12,130.17660522460938
2024-11-13,130.0837860107422
2024-11-14,130.91896057128906
2024-11-15,129.2115020751953
2024-11-18,129.26718139648438
2024-11-19,128.4320068359375
2024-11-20,128.2092742919922
2024-11-21,128.65472412109375
2024-11-22,130.23226928710938
2024-11-25,130.0837860107422
2024-11-26,129.30430603027344
2024-11-27,129.50840759277344
2024-11-28,130.41786193847656
2024-11-29,130.90040588378906
2024-12-02,131.3643798828125
2024-12-03,131.21591186523438
2024-12-04,131.06744384765625
2024-12-05,131.04888916015625
2024-12-06,130.99322509765625
2024-12-09,130.95606994628906
2024-12-10,129.6754913330078
2024-12-11,130.1951446533203
2024-12-12,130.32508850097656
2024-12-13,130.21371459960938
2024-12-16,129.89817810058594
2024-12-17,130.58486938476562
2024-12-18,129.50840759277344
2024-12-19,127.11427307128906
2024-12-20,127.0400161743164
2024-12-23,128.0421905517578
2024-12-27,129.17434692382812
2024-12-30,128.91453552246094
2025-01-03,129.6569061279297
2025-01-06,130.36215209960938
2025-01-07,131.6798858642578
2025-01-08,132.10679626464844
2025-01-09,132.45941162109375
2025-01-10,131.32730102539062
2025-01-13,130.28794860839844
2025-01-14,130.36215209960938
2025-01-15,131.03033447265625
2025-01-16,132.90484619140625
2025-01-17,133.46165466308594
2025-01-20,133.8885040283203
2025-01-21,134.9835205078125
2025-01-22,135.89291381835938
2025-01-23,136.39404296875
2025-01-24,136.69100952148438
2025-01-27,137.61898803710938
2025-01-28,138.13861083984375
2025-01-29,139.06661987304688
2025-01-30,139.9017791748047
2025-01-31,139.75331115722656
2025-02-03,138.88101196289062
2025-02-04,138.06436157226562
2025-02-05,139.38211059570312
2025-02-06,139.9017791748047
2025-02-07,139.60482788085938
2025-02-10,139.88323974609375
2025-02-11,140.75550842285156
2025-02-12,140.90403747558594
2025-02-13,143.33529663085938
2025-02-14,142.37020874023438
2025-02-17,142.5186767578125
2025-02-18,142.6114959716797
2025-02-19,141.70205688476562
2025-02-20,141.88763427734375
2025-02-21,143.09400939941406
2025-02-24,143.0754852294922
2025-02-25,143.50233459472656
2025-02-26,143.74362182617188
2025-02-27,142.945556640625
2025-02-28,143.2239532470703
2025-03-03,145.0242156982422
2025-03-04,143.1497039794922
2025-03-05,144.2261505126953
2025-03-06,143.1311492919922
2025-03-07,144.00343322753906
2025-03-10,143.03834533691406
2025-03-11,140.6136474609375
2025-03-12,142.34825134277344
2025-03-13,142.4982147216797
2025-03-14,143.4541778564453
2025-03-17,144.95376586914062
2025-03-18,145.010009765625
2025-03-19,144.8037872314453
2025-03-20,145.42237854003906
2025-03-21,144.41018676757812
2025-03-24,144.1477508544922
2025-03-25,144.65382385253906
2025-03-26,143.82907104492188
2025-03-27,143.22610473632812
2025-03-28,143.50875854492188
2025-03-31,141.7281494140625
2025-04-01,142.5994873046875
2025-04-02,141.69027709960938
2025-04-03,137.99647521972656
2025-04-04,129.8890838623047
2025-04-07,124.37677764892578
2025-04-08,128.260009765625
2025-04-09,123.06974792480469
2025-04-10,127.0855484008789
2025-04-11,127.3520736694336
2025-04-14,130.74050903320312
2025-04-15,131.9588165283203
2025-04-16,131.84458923339844
2025-04-17,132.28245544433594
2025-04-22,133.05027770996094
2025-04-23,135.06591796875
2025-04-24,137.4660186767578
2025-04-25,137.85316467285156
2025-04-28,138.704833984375
2025-04-29,139.26614379882812
2025-04-30,140.13717651367188
2025-05-02,141.6856689453125
2025-05-05,141.5501708984375
2025-05-06,141.6663055419922
2025-05-07,140.4081573486328
2025-05-08,140.29202270507812
2025-05-09,140.75656127929688
2025-05-12,142.09213256835938
2025-05-13,141.7050018310547
2025-05-14,141.62759399414062
2025-05-15,142.34375
2025-05-16,143.77610778808594
2025-05-19,144.37612915039062
2025-05-20,144.743896484375
2025-05-21,144.35678100585938
2025-05-22,143.35028076171875
2025-05-23,142.5373077392578
2025-05-26,144.24063110351562
2025-05-27,144.18255615234375
2025-05-28,142.73085021972656
2025-05-30,143.0986328125
2025-06-02,142.8857421875
2025-06-03,143.29217529296875
2025-06-04,143.95030212402344
2025-06-05,144.2987060546875
2025-06-06,144.82130432128906
2025-06-10,144.68580627441406
2025-06-11,144.58905029296875
2025-06-12,144.39547729492188
2025-06-13,142.34375
2025-06-16,141.99534606933594
2025-06-17,141.08563232421875
2025-06-18,140.69851684570312
2025-06-19,139.8274688720703
2025-06-20,139.730712890625
2025-06-23,139.5758514404297
2025-06-24,140.7178497314453
2025-06-25,139.7500457763672
2025-06-26,139.65330505371094
2025-06-27,140.98883056640625
2025-06-30,140.4081573486328
2025-07-01,140.6017303466797
2025-07-02,141.10498046875
2025-07-03,141.2017364501953
2025-07-04,140.87266540527344
2025-07-07,141.02755737304688
2025-07-08,141.2791748046875
2025-07-09,141.5501708984375
2025-07-10,142.94378662109375
2025-07-11,141.1630401611328
2025-07-14,141.06625366210938
2025-07-15,140.8326416015625
2025-07-16,141.14413452148438
2025-07-17,142.15927124023438
2025-07-18,142.54971313476562
2025-07-21,142.15927124023438
2025-07-22,140.20706176757812
2025-07-23,143.09634399414062
2025-07-24,143.09634399414062
2025-07-25,142.23736572265625
2025-07-28,141.96405029296875
2025-07-29,142.17877197265625
2025-07-30,141.78834533691406
2025-07-31,140.77320861816406
2025-08-04,140.4803924560547
2025-08-05,140.67559814453125
2025-08-06,139.66046142578125
2025-08-07,141.2222137451172
2025-08-08,141.06605529785156
2025-08-11,141.14413452148438
2025-08-12,141.30029296875
2025-08-13,142.06166076660156
2025-08-14,142.41305541992188
2025-08-15,142.82302856445312
2025-08-18,142.881591796875
2025-08-19,145.20469665527344
2025-08-20,145.12660217285156
2025-08-21,144.8533172607422
2025-08-22,145.18519592285156
2025-08-25,144.46286010742188
2025-08-26,143.9552764892578
2025-08-27,144.34573364257812
2025-08-28,144.38478088378906
2025-08-29,144.26766967773438
2025-09-01,143.89674377441406
2025-09-02,142.4521026611328
2025-09-03,143.857666015625
2025-09-04,145.82940673828125
2025-09-05,145.80990600585938
2025-09-08,145.30230712890625
2025-09-09,144.9899444580078
2025-09-10,144.58001708984375
2025-09-11,145.18519592285156
2025-09-12,144.46286010742188
2025-09-15,143.935791015625
2025-09-16,142.2178192138672
2025-09-17,142.13975524902344
2025-09-18,142.74493408203125
2025-09-19,143.2134552001953
2025-09-22,143.1743927001953
2025-09-23,143.1743927001953
2025-09-24,141.7493133544922
2025-09-25,140.46084594726562
2025-09-26,140.792724609375
2025-09-29,141.65170288085938
2025-09-30,142.60829162597656
2025-10-01,144.8728485107422
2025-10-02,145.79037475585938
2025-10-03,146.62982177734375
2025-10-06,147.27403259277344
2025-10-07,147.09832763671875
2025-10-08,148.3282470703125
2025-10-09,147.99635314941406
2025-10-10,146.8054962158203
2025-10-13,146.68836975097656
2025-10-14,146.1222381591797
2025-10-15,146.8640899658203
2025-10-16,148.67962646484375
2025-10-17,147.78160095214844
2025-10-20,147.9182586669922
2025-10-21,147.8011474609375
2025-10-22,147.8987579345703
2025-10-23,147.41070556640625
2025-10-27,147.3521270751953
2025-10-28,145.41943359375
2025-10-29,145.20469665527344
2025-10-30,145.2827911376953
2025-10-31,144.6776123046875
2025-11-03,144.61904907226562
2025-11-04,145.1461639404297
2025-11-05,145.5756378173828
2025-11-06,144.59951782226562
2025-11-07,144.61904907226562
2025-11-10,146.2393798828125
2025-11-11,149.01150512695312
2025-11-12,150.24139404296875
2025-11-13,149.40194702148438
2025-11-14,148.3282470703125
2025-11-17,147.48878479003906
2025-11-18,146.00509643554688
2025-11-19,146.4150848388672
2025-11-20,146.90313720703125
2025-11-21,147.5863800048828
2025-11-24,147.85971069335938
2025-11-25,149.34336853027344
2025-11-26,150.16329956054688
2025-11-27,150.14378356933594
2025-11-28,150.39756774902344
2025-12-01,150.3780517578125
2025-12-02,150.78799438476562
2025-12-03,150.72943115234375
2025-12-04,151.158935546875
2025-12-05,151.5493621826172
2025-12-08,151.9202880859375
2025-12-09,151.45176696777344
2025-12-10,151.41270446777344
2025-12-11,151.158935546875
2025-12-12,150.80752563476562
2025-12-15,152.5059356689453
2025-12-16,152.62307739257812
2025-12-17,152.3302459716797
2025-12-18,153.6186981201172
2025-12-19,153.95057678222656
2025-12-22,154.1262664794922
2025-12-23,154.94619750976562
2025-12-29,154.8876190185547
2025-12-30,155.219482421875
2026-01-05,155.23899841308594
2026-01-06,156.254150390625
2026-01-07,156.5469970703125
2026-01-08,156.6641387939453
2026-01-09,157.62069702148438
2026-01-12,157.50357055664062
2026-01-13,156.7421875
2026-01-14,157.7183074951172
2026-01-15,158.10874938964844
2026-01-16,157.91354370117188
2026-01-19,156.273681640625
2026-01-20,155.0633087158203
2026-01-21,154.82904052734375
2026-01-22,155.86370849609375
2026-01-23,155.08287048339844
2026-01-26,154.8485870361328
2026-01-27,155.74658203125
2026-01-28,153.5210723876953
2026-01-29,154.6533660888672
2026-01-30,155.297607421875
2026-02-02,157.38644409179688
2026-02-03,157.95257568359375
2026-02-04,158.323486328125
2026-02-05,158.28443908691406
2026-02-06,158.73345947265625
2026-02-09,159.28005981445312
2026-02-10,159.1043701171875
2026-02-11,159.06532287597656
2026-02-12,159.0458221435547
2026-02-13,159.7095489501953
2026-02-16,160.19760131835938
2026-02-17,161.44699096679688
2026-02-18,161.97410583496094
2026-02-19,162.18887329101562
2026-02-20,162.95021057128906
2026-02-23,162.14979553222656
2026-02-24,163.39923095703125
2026-02-25,163.6725311279297
2026-02-26,162.91116333007812
2026-02-27,163.69204711914062
2026-03-02,161.8765106201172
2026-03-03,157.23025512695312
2026-03-04,158.61631774902344
2026-03-05,156.4298553466797
2026-03-06,154.4385986328125
2026-03-09,152.5254669189453
2026-03-10,155.23300170898438
2026-03-11,153.3494873046875
2026-03-12,153.44801330566406
2026-03-13,152.54165649414062
2026-03-16,152.75839233398438
2026-03-17,153.92088317871094
2026-03-18,151.47769165039062
2026-03-19,147.95083618164062
2026-03-20,146.41400146484375
2026-03-23,147.75379943847656
2026-03-24,148.75865173339844
2026-03-25,151.6156005859375
2026-03-26,150.55165100097656
2026-03-27,149.1889190673828
2026-03-30,150.92689514160156
2026-03-31,152.21060180664062
2026-04-01,154.778076171875
2026-04-02,154.38307189941406
2026-04-07,152.19085693359375
2026-04-08,156.29879760742188
2026-04-09,156.79254150390625
2026-04-10,157.287841796875
2026-04-13,157.426513671875
2026-04-14,158.75392150878906
2026-04-15,158.41712951660156
2026-04-16,157.426513671875
2026-04-17,160.95306396484375
2026-04-20,159.57672119140625
2026-04-21,158.32005310058594
2026-04-22,157.242919921875
2026-04-23,159.0780487060547
2026-04-24,158.22032165527344
2026-04-27,158.02084350585938
2026-04-28,157.7216339111328
2026-04-29,156.66444396972656
2026-04-30,157.86126708984375
2026-05-04,156.70433044433594
2026-05-05,157.38253784179688
2026-05-06,160.25491333007812
2026-05-07,158.33999633789062
2026-05-08,158.33999633789062
2026-05-11,158.4199981689453
2026-05-12,158.05999755859375
2026-05-13,159.47999572753906
2026-05-15,159.10000610351562
2026-05-18,159.6199951171875
2026-05-19,160.4199981689453
2026-05-20,161.36000061035156
2026-05-21,161.39999389648438
2026-05-22,162.17999267578125
2026-05-26,162.60000610351562
2026-05-27,163.5
2026-05-28,162.44000244140625
2026-05-29,163.1999969482422
2026-06-01,160.60000610351562
2026-06-02,160.55999755859375
2026-06-03,159.6199951171875
2026-06-04,161.05999755859375
2026-06-05,161.02000427246094
2026-06-08,160.27999877929688
2026-06-09,160.97999572753906
2026-06-10,161.5399932861328
2026-06-11,162.5800018310547
2026-06-12,164.94000244140625
2026-06-15,164.72000122070312
2026-06-16,165.22000122070312
2026-06-17,166.05999755859375
2026-06-18,165.5800018310547
2026-06-19,165.8000030517578
2026-06-22,166.52000427246094
2026-06-23,166.9199981689453
2026-06-24,169.6199951171875
2026-06-25,170.75999450683594
2026-06-26,169.8800048828125
2026-06-29,170.44000244140625
2026-06-30,170.3000030517578
2026-07-01,169.86000061035156
