,CHSRI.SW
2017-09-11,10.556543350219727
2017-09-12,10.609024047851562
2017-09-13,10.58682632446289
2017-09-14,10.604731559753418
2017-09-15,10.555965423583984
2017-09-18,10.604238510131836
2017-09-19,10.661420822143555
2017-09-20,10.665712356567383
2017-09-21,10.683536529541016
2017-09-22,10.693765640258789
2017-09-25,10.710516929626465
2017-09-26,10.710516929626465
2017-09-27,10.636255264282227
2017-09-28,10.636255264282227
2017-09-29,10.636255264282227
2017-10-02,10.636255264282227
2017-10-03,10.636255264282227
2017-10-04,10.636255264282227
2017-10-05,10.636255264282227
2017-10-06,10.809538841247559
2017-10-09,10.809538841247559
2017-10-10,10.809538841247559
2017-10-11,10.883800506591797
2017-10-12,10.883800506591797
2017-10-13,10.883800506591797
2017-10-16,10.883800506591797
2017-10-17,10.883800506591797
2017-10-18,10.883800506591797
2017-10-19,10.883800506591797
2017-10-20,10.883800506591797
2017-10-23,10.883800506591797
2017-10-24,10.883800506591797
2017-10-25,10.883800506591797
2017-10-26,10.842543601989746
2017-10-27,10.842543601989746
2017-10-30,10.842543601989746
2017-10-31,10.842543601989746
2017-11-01,10.842543601989746
2017-11-02,10.842543601989746
2017-11-03,10.842543601989746
2017-11-06,10.842543601989746
2017-11-07,10.842543601989746
2017-11-08,10.842543601989746
2017-11-09,10.842543601989746
2017-11-10,10.842543601989746
2017-11-13,10.87554931640625
2017-11-14,10.87554931640625
2017-11-15,10.87554931640625
2017-11-16,10.87554931640625
2017-11-17,10.87554931640625
2017-11-20,10.87554931640625
2017-11-21,10.87554931640625
2017-11-22,10.87554931640625
2017-11-23,10.87554931640625
2017-11-24,10.87554931640625
2017-11-27,11.048832893371582
2017-11-28,11.048832893371582
2017-11-29,11.048832893371582
2017-11-30,11.048832893371582
2017-12-01,11.048832893371582
2017-12-04,11.048832893371582
2017-12-05,11.048832893371582
2017-12-06,10.966316223144531
2017-12-07,10.966316223144531
2017-12-08,10.966316223144531
2017-12-11,10.966316223144531
2017-12-12,11.065336227416992
2017-12-13,11.09834098815918
2017-12-14,11.17260456085205
2017-12-15,11.17260456085205
2017-12-18,11.17260456085205
2017-12-19,11.17260456085205
2017-12-20,11.17260456085205
2017-12-21,11.17260456085205
2017-12-22,11.17260456085205
2017-12-27,11.230365753173828
2017-12-28,11.230365753173828
2017-12-29,11.230365753173828
2018-01-03,11.36238956451416
2018-01-04,11.403647422790527
2018-01-05,11.444906234741211
2018-01-08,11.477911949157715
2018-01-09,11.477911949157715
2018-01-10,11.469661712646484
2018-01-11,11.469661712646484
2018-01-12,11.444906234741211
2018-01-15,11.444906234741211
2018-01-16,11.444906234741211
2018-01-17,11.444906234741211
2018-01-18,11.461408615112305
2018-01-19,11.461408615112305
2018-01-22,11.461408615112305
2018-01-23,11.6016845703125
2018-01-24,11.6016845703125
2018-01-25,11.6016845703125
2018-01-26,11.4284029006958
2018-01-29,11.444906234741211
2018-01-30,11.444906234741211
2018-01-31,11.444906234741211
2018-02-01,11.444906234741211
2018-02-02,11.444906234741211
2018-02-05,11.444906234741211
2018-02-06,10.90855598449707
2018-02-07,10.90855598449707
2018-02-08,10.999320030212402
2018-02-09,10.999320030212402
2018-02-12,10.776528358459473
2018-02-13,10.776528358459473
2018-02-14,10.842543601989746
2018-02-15,10.842543601989746
2018-02-16,10.842543601989746
2018-02-19,10.842543601989746
2018-02-20,10.842543601989746
2018-02-21,11.090087890625
2018-02-22,11.090087890625
2018-02-23,11.032328605651855
2018-02-26,11.032328605651855
2018-02-27,11.090087890625
2018-02-28,11.090087890625
2018-03-01,11.090087890625
2018-03-02,10.636255264282227
2018-03-05,10.611495971679688
2018-03-06,10.933308601379395
2018-03-07,10.933308601379395
2018-03-08,10.933308601379395
2018-03-09,10.933308601379395
2018-03-12,10.933308601379395
2018-03-13,10.933308601379395
2018-03-14,10.949811935424805
2018-03-15,10.949811935424805
2018-03-16,10.949811935424805
2018-03-19,10.949811935424805
2018-03-20,10.949811935424805
2018-03-21,10.949811935424805
2018-03-22,10.949811935424805
2018-03-23,10.949811935424805
2018-03-26,10.694016456604004
2018-03-27,10.718768119812012
2018-03-28,10.59499454498291
2018-03-29,10.793033599853516
2018-04-03,10.677512168884277
2018-04-04,10.59499454498291
2018-04-05,10.59499454498291
2018-04-06,10.86729907989502
2018-04-09,10.86729907989502
2018-04-10,10.809538841247559
2018-04-11,10.809538841247559
2018-04-12,10.86729907989502
2018-04-13,10.941558837890625
2018-04-16,10.991069793701172
2018-04-17,10.991069793701172
2018-04-18,11.090087890625
2018-04-19,11.13959789276123
2018-04-20,11.164353370666504
2018-04-23,11.10659122467041
2018-04-24,11.156102180480957
2018-04-25,11.048832893371582
2018-04-26,11.073586463928223
2018-04-27,11.147850036621094
2018-04-30,11.21386432647705
2018-05-02,11.197358131408691
2018-05-03,11.238616943359375
2018-05-04,11.263371467590332
2018-05-07,11.263371467590332
2018-05-08,11.354140281677246
2018-05-09,11.354140281677246
2018-05-11,11.354140281677246
2018-05-14,11.354140281677246
2018-05-15,11.354140281677246
2018-05-16,11.354140281677246
2018-05-17,11.354140281677246
2018-05-18,11.477911949157715
2018-05-22,11.477911949157715
2018-05-23,11.345887184143066
2018-05-24,11.354140281677246
2018-05-25,11.370640754699707
2018-05-28,11.36238956451416
2018-05-29,11.36238956451416
2018-05-30,11.36238956451416
2018-05-31,11.147850036621094
2018-06-01,11.147850036621094
2018-06-04,11.147850036621094
2018-06-05,11.246870040893555
2018-06-06,11.271622657775879
2018-06-07,11.296377182006836
2018-06-08,11.296377182006836
2018-06-11,11.296377182006836
2018-06-12,11.296377182006836
2018-06-13,11.296377182006836
2018-06-14,11.502668380737305
2018-06-15,11.502668380737305
2018-06-18,11.263371467590332
2018-06-19,11.164353370666504
2018-06-20,11.164353370666504
2018-06-21,11.164353370666504
2018-06-22,11.205610275268555
2018-06-25,11.073586463928223
2018-06-26,11.073586463928223
2018-06-27,11.073586463928223
2018-06-28,11.040578842163086
2018-06-29,11.040578842163086
2018-07-02,11.065336227416992
2018-07-03,11.065336227416992
2018-07-04,11.156102180480957
2018-07-05,11.164353370666504
2018-07-06,11.164353370666504
2018-07-09,11.164353370666504
2018-07-10,11.164353370666504
2018-07-11,11.164353370666504
2018-07-12,11.337635040283203
2018-07-13,11.420150756835938
2018-07-16,11.420150756835938
2018-07-17,11.420150756835938
2018-07-18,11.420150756835938
2018-07-19,11.420150756835938
2018-07-20,11.41189956665039
2018-07-23,11.41189956665039
2018-07-24,11.486165046691895
2018-07-25,11.486165046691895
2018-07-26,11.527420997619629
2018-07-27,11.634692192077637
2018-07-30,11.634692192077637
2018-07-31,11.59343433380127
2018-08-02,11.58518123626709
2018-08-03,11.58518123626709
2018-08-06,11.58518123626709
2018-08-07,11.700702667236328
2018-08-08,11.700702667236328
2018-08-09,11.700702667236328
2018-08-10,11.59343433380127
2018-08-13,11.543925285339355
2018-08-14,11.436653137207031
2018-08-15,11.436653137207031
2018-08-16,11.436653137207031
2018-08-17,11.345887184143066
2018-08-20,11.477911949157715
2018-08-21,11.486165046691895
2018-08-22,11.469661712646484
2018-08-23,11.469661712646484
2018-08-24,11.494415283203125
2018-08-27,11.494415283203125
2018-08-28,11.61818790435791
2018-08-29,11.634692192077637
2018-08-30,11.634692192077637
2018-08-31,11.519168853759766
2018-09-03,11.510916709899902
2018-09-04,11.444906234741211
2018-09-05,11.419510841369629
2018-09-06,11.300999641418457
2018-09-07,11.267139434814453
2018-09-10,11.334859848022461
2018-09-11,11.334859848022461
2018-09-12,11.317928314208984
2018-09-13,11.317928314208984
2018-09-14,11.343323707580566
2018-09-17,11.343323707580566
2018-09-18,11.317928314208984
2018-09-19,11.334859848022461
2018-09-20,11.394113540649414
2018-09-21,11.394113540649414
2018-09-24,11.368720054626465
2018-09-25,11.368720054626465
2018-09-26,11.394113540649414
2018-09-27,11.394113540649414
2018-09-28,11.37718391418457
2018-10-01,11.42797565460205
2018-10-02,11.309462547302246
2018-10-03,11.351789474487305
2018-10-04,11.131693840026855
2018-10-05,11.047041893005371
2018-10-08,10.886201858520508
2018-10-09,10.826948165893555
2018-10-10,10.649179458618164
2018-10-11,10.369829177856445
2018-10-12,10.522202491760254
2018-10-15,10.518815040588379
2018-10-16,10.589923858642578
2018-10-17,10.581459999084473
2018-10-18,10.55606460571289
2018-10-19,10.5526762008667
2018-10-22,10.501885414123535
2018-10-23,10.501885414123535
2018-10-24,10.158202171325684
2018-10-25,10.154813766479492
2018-10-26,10.149735450744629
2018-10-29,10.327503204345703
2018-10-30,10.319039344787598
2018-10-31,10.572993278503418
2018-11-01,10.623783111572266
2018-11-02,10.623783111572266
2018-11-05,10.581459999084473
2018-11-06,10.581459999084473
2018-11-07,10.649179458618164
2018-11-08,10.657645225524902
2018-11-09,10.581459999084473
2018-11-12,10.412155151367188
2018-11-13,10.386759757995605
2018-11-14,10.310574531555176
2018-11-15,10.217458724975586
2018-11-16,10.217458724975586
2018-11-19,10.115873336791992
2018-11-20,9.997363090515137
2018-11-21,9.997363090515137
2018-11-22,10.098944664001465
2018-11-23,10.115873336791992
2018-11-26,10.2936429977417
2018-11-27,10.192061424255371
2018-11-28,10.225922584533691
2018-11-29,10.352898597717285
2018-11-30,10.349513053894043
2018-12-03,10.412155151367188
2018-12-04,10.285178184509277
2018-12-05,10.242854118347168
2018-12-06,9.921175956726074
2018-12-07,9.917787551879883
2018-12-10,9.734942436218262
2018-12-11,9.81959342956543
2018-12-12,10.073548316955566
2018-12-13,10.073548316955566
2018-12-14,9.946571350097656
2018-12-17,9.734942436218262
2018-12-18,9.743408203125
2018-12-19,9.701081275939941
2018-12-20,9.497915267944336
2018-12-21,9.489453315734863
2018-12-27,9.277822494506836
2018-12-28,9.506382942199707
2019-01-03,9.438660621643066
2019-01-04,9.44035530090332
2019-01-07,9.718012809753418
2019-01-08,9.81959342956543
2019-01-09,9.929640769958496
2019-01-10,10.005827903747559
2019-01-11,10.005827903747559
2019-01-14,9.938106536865234
2019-01-15,9.96350383758545
2019-01-16,9.961810111999512
2019-01-17,10.14126968383789
2019-01-18,10.225922584533691
2019-01-21,10.2936429977417
2019-01-22,10.225922584533691
2019-01-23,10.225922584533691
2019-01-24,10.225922584533691
2019-01-25,10.302107810974121
2019-01-28,10.25131607055664
2019-01-29,10.249624252319336
2019-01-30,10.2936429977417
2019-01-31,10.249624252319336
2019-02-01,10.253010749816895
2019-02-04,10.205606460571289
2019-02-05,10.330889701843262
2019-02-06,10.388452529907227
2019-02-07,10.249624252319336
2019-02-08,10.158202171325684
2019-02-11,10.232694625854492
2019-02-12,10.303800582885742
2019-02-13,10.361364364624023
2019-02-14,10.351205825805664
2019-02-15,10.446015357971191
2019-02-18,10.503580093383789
2019-02-19,10.422314643859863
2019-02-20,10.506966590881348
2019-02-21,10.493419647216797
2019-02-22,10.527281761169434
2019-02-25,10.608546257019043
2019-02-26,10.65933895111084
2019-02-27,10.540826797485352
2019-02-28,10.503580093383789
2019-03-01,10.581459999084473
2019-03-04,10.581459999084473
2019-03-05,10.62547779083252
2019-03-06,10.655952453613281
2019-03-07,10.490035057067871
2019-03-08,10.405384063720703
2019-03-11,10.456174850463867
2019-03-12,10.520508766174316
2019-03-13,10.520508766174316
2019-03-14,10.69320011138916
2019-03-15,10.723672866821289
2019-03-18,10.764305114746094
2019-03-19,10.842185020446777
2019-03-20,10.669496536254883
2019-03-21,10.689812660217285
2019-03-22,10.506966590881348
2019-03-25,10.462945938110352
2019-03-26,10.523896217346191
2019-03-27,10.561141967773438
2019-03-28,10.615320205688477
2019-03-29,10.669496536254883
2019-04-01,10.801554679870605
2019-04-02,10.862502098083496
2019-04-03,10.933610916137695
2019-04-04,10.916680335998535
2019-04-05,10.974242210388184
2019-04-08,10.953927040100098
2019-04-09,10.987786293029785
2019-04-10,10.947154998779297
2019-04-11,10.997944831848145
2019-04-12,10.977630615234375
2019-04-15,11.072437286376953
2019-04-16,11.218040466308594
2019-04-17,11.255287170410156
2019-04-18,11.272216796875
2019-04-23,11.370412826538086
2019-04-24,11.336553573608398
2019-04-25,11.329779624938965
2019-04-26,11.346711158752441
2019-04-29,11.404272079467773
2019-04-30,11.404272079467773
2019-05-02,11.390729904174805
2019-05-03,11.383955955505371
2019-05-06,11.21126651763916
2019-05-07,11.214654922485352
2019-05-08,11.231583595275879
2019-05-09,11.055508613586426
2019-05-10,11.099528312683105
2019-05-13,10.920065879821777
2019-05-14,10.967469215393066
2019-05-15,10.903136253356934
2019-05-16,11.146932601928711
2019-05-17,11.160475730895996
2019-05-20,10.994558334350586
2019-05-21,11.089370727539062
2019-05-22,11.140161514282227
2019-05-23,10.994558334350586
2019-05-24,11.052123069763184
2019-05-27,11.031805992126465
2019-05-28,11.075824737548828
2019-05-29,10.930225372314453
2019-05-31,10.879432678222656
2019-06-03,10.848958969116211
2019-06-04,10.940381050109863
2019-06-05,11.004716873168945
2019-06-06,11.085981369018555
2019-06-07,11.13000202178955
2019-06-11,11.299304008483887
2019-06-12,11.265442848205566
2019-06-13,11.260364532470703
2019-06-14,11.192645072937012
2019-06-17,11.20449447631836
2019-06-18,11.356867790222168
2019-06-19,11.341629028320312
2019-06-20,11.402579307556152
2019-06-21,11.321314811706543
2019-06-24,11.361947059631348
2019-06-25,11.275602340698242
2019-06-26,11.262057304382324
2019-06-27,11.319622039794922
2019-06-28,11.329779624938965
2019-07-01,11.551566123962402
2019-07-02,11.56511116027832
2019-07-03,11.612518310546875
2019-07-04,11.624367713928223
2019-07-05,11.482151985168457
2019-07-08,11.470300674438477
2019-07-09,11.375492095947266
2019-07-10,11.36533260345459
2019-07-11,11.341629028320312
2019-07-12,11.299304008483887
2019-07-15,11.375492095947266
2019-07-16,11.397500991821289
2019-07-17,11.453370094299316
2019-07-18,11.351789474487305
2019-07-19,11.383955955505371
2019-07-22,11.390729904174805
2019-07-23,11.510934829711914
2019-07-24,11.510934829711914
2019-07-25,11.411044120788574
2019-07-26,11.470300674438477
2019-07-29,11.49908447265625
2019-07-30,11.389036178588867
2019-07-31,11.458451271057129
2019-08-02,11.253594398498535
2019-08-05,10.991172790527344
2019-08-06,11.026726722717285
2019-08-07,11.053814888000488
2019-08-08,11.243433952331543
2019-08-09,11.26883316040039
2019-08-12,11.258672714233398
2019-08-13,11.290839195251465
2019-08-14,11.057201385498047
2019-08-15,11.011491775512695
2019-08-16,11.12830924987793
2019-08-19,11.2400484085083
2019-08-20,11.238354682922363
2019-08-21,11.334859848022461
2019-08-22,11.334859848022461
2019-08-23,11.348404884338379
2019-08-26,11.206188201904297
2019-08-27,11.255287170410156
2019-08-28,11.167248725891113
2019-08-29,11.192645072937012
2019-08-30,11.43136215209961
2019-09-02,11.441519737243652
2019-09-03,11.358560562133789
2019-09-04,11.455063819885254
2019-09-05,11.597794532775879
2019-09-06,11.625646591186523
2019-09-09,11.71789836883545
2019-09-10,11.700491905212402
2019-09-11,11.818855285644531
2019-09-12,11.838003158569336
2019-09-13,11.855408668518066
2019-09-16,11.77882194519043
2019-09-17,11.810152053833008
2019-09-18,11.836260795593262
2019-09-19,11.878036499023438
2019-09-20,11.844965934753418
2019-09-23,11.72834300994873
2019-09-24,11.72834300994873
2019-09-25,11.623905181884766
2019-09-26,11.72834300994873
2019-09-27,11.744009017944336
2019-09-30,11.766639709472656
2019-10-01,11.832779884338379
2019-10-02,11.477693557739258
2019-10-03,11.470730781555176
2019-10-04,11.545577049255371
2019-10-07,11.70223331451416
2019-10-08,11.51772689819336
2019-10-09,11.556020736694336
2019-10-10,11.559500694274902
2019-10-11,11.831038475036621
2019-10-14,11.780562400817871
2019-10-15,11.893702507019043
2019-10-16,11.90588665008545
2019-10-17,11.860630989074707
2019-10-18,11.8014497756958
2019-10-21,11.860630989074707
2019-10-22,11.90588665008545
2019-10-23,11.954625129699707
2019-10-24,12.01032543182373
2019-10-25,12.139131546020508
2019-10-28,12.173943519592285
2019-10-29,12.173943519592285
2019-10-30,12.139131546020508
2019-10-31,12.133910179138184
2019-11-01,12.165239334106445
2019-11-04,12.273158073425293
2019-11-05,12.273158073425293
2019-11-06,12.301009178161621
2019-11-07,12.32886028289795
2019-11-08,12.306233406066895
2019-11-11,12.276640892028809
2019-11-12,12.259233474731445
2019-11-13,12.243568420410156
2019-11-14,12.201793670654297
2019-11-15,12.262714385986328
2019-11-18,12.318415641784668
2019-11-19,12.361932754516602
2019-11-20,12.325377464294434
2019-11-21,12.294047355651855
2019-11-22,12.351486206054688
2019-11-25,12.457666397094727
2019-11-26,12.555139541625977
2019-11-27,12.570806503295898
2019-11-28,12.584731101989746
2019-11-29,12.576026916503906
2019-12-02,12.612579345703125
2019-12-03,12.299270629882812
2019-12-04,12.415889739990234
2019-12-05,12.457666397094727
2019-12-06,12.562102317810059
2019-12-09,12.529031753540039
2019-12-10,12.435036659240723
2019-12-11,12.441999435424805
2019-12-12,12.544694900512695
2019-12-13,12.560362815856934
2019-12-16,12.676984786987305
2019-12-17,12.605619430541992
2019-12-18,12.666540145874023
2019-12-19,12.682206153869629
2019-12-20,12.727462768554688
2019-12-23,12.826679229736328
2019-12-27,12.793604850769043
2019-12-30,12.73442554473877
2020-01-03,12.790124893188477
2020-01-06,12.706576347351074
2020-01-07,12.814495086669922
2020-01-08,12.826679229736328
2020-01-09,12.82493782043457
2020-01-10,12.845826148986816
2020-01-13,12.811013221740723
2020-01-14,12.861490249633789
2020-01-15,12.882378578186035
2020-01-16,12.891082763671875
2020-01-17,12.932854652404785
2020-01-20,13.05121898651123
2020-01-21,13.167841911315918
2020-01-22,13.19221019744873
2020-01-23,13.117362976074219
2020-01-24,13.19221019744873
2020-01-27,12.924153327941895
2020-01-28,12.96592903137207
2020-01-29,13.112141609191895
2020-01-30,12.9398193359375
2020-01-31,12.892822265625
2020-02-03,12.812755584716797
2020-02-04,13.026850700378418
2020-02-05,13.200911521911621
2020-02-06,13.23398494720459
2020-02-07,13.16610050201416
2020-02-10,13.232243537902832
2020-02-11,13.387160301208496
2020-02-12,13.395864486694336
2020-02-13,13.368013381958008
2020-02-14,13.420232772827148
2020-02-17,13.468969345092773
2020-02-18,13.350605964660645
2020-02-19,13.404565811157227
2020-02-20,13.341903686523438
2020-02-21,13.347126960754395
2020-02-24,12.760534286499023
2020-02-25,12.628247261047363
2020-02-26,12.744869232177734
2020-02-27,12.28360366821289
2020-02-28,11.85018539428711
2020-03-02,12.008583068847656
2020-03-03,12.395002365112305
2020-03-04,12.400224685668945
2020-03-05,12.287084579467773
2020-03-06,11.839742660522461
2020-03-09,11.214856147766113
2020-03-10,11.140009880065918
2020-03-11,11.030351638793945
2020-03-12,9.92331314086914
2020-03-13,9.959866523742676
2020-03-16,9.710955619812012
2020-03-17,9.886760711669922
2020-03-18,9.601296424865723
2020-03-19,9.898942947387695
2020-03-20,10.116521835327148
2020-03-23,9.519487380981445
2020-03-24,10.15829849243164
2020-03-25,10.353248596191406
2020-03-26,10.682226181030273
2020-03-27,10.5255708694458
2020-03-30,10.706594467163086
2020-03-31,10.871953964233398
2020-04-01,10.765775680541992
2020-04-02,10.757071495056152
2020-04-03,10.703112602233887
2020-04-06,10.931136131286621
2020-04-07,11.035574913024902
2020-04-08,11.025129318237305
2020-04-09,11.159157752990723
2020-04-14,11.298408508300781
2020-04-15,10.995539665222168
2020-04-16,11.056463241577148
2020-04-17,11.214856147766113
2020-04-20,11.30537223815918
2020-04-21,11.178305625915527
2020-04-22,11.284483909606934
2020-04-23,11.322776794433594
2020-04-24,11.298408508300781
2020-04-27,11.428956031799316
2020-04-28,11.50206184387207
2020-04-29,11.70223331451416
2020-04-30,11.51424503326416
2020-05-04,11.200932502746582
2020-05-05,11.409809112548828
2020-05-06,11.472471237182617
2020-05-07,11.491617202758789
2020-05-08,11.656975746154785
2020-05-11,11.648273468017578
2020-05-12,11.688308715820312
2020-05-13,11.580389976501465
2020-05-14,11.327998161315918
2020-05-15,11.3854398727417
2020-05-18,11.737046241760254
2020-05-19,11.787525177001953
2020-05-20,11.985955238342285
2020-05-22,11.867593765258789
2020-05-25,12.076470375061035
2020-05-26,12.097357749938965
2020-05-27,11.851927757263184
2020-05-28,12.168722152709961
2020-05-29,12.175683975219727
2020-06-02,12.220940589904785
2020-06-03,12.485515594482422
2020-06-04,12.494217872619629
2020-06-05,12.49073600769043
2020-06-08,12.44548225402832
2020-06-09,12.35844898223877
2020-06-10,12.32886028289795
2020-06-11,12.003361701965332
2020-06-12,12.039915084838867
2020-06-15,12.022509574890137
2020-06-16,12.307971000671387
2020-06-17,12.443739891052246
2020-06-18,12.447223663330078
2020-06-19,12.464629173278809
2020-06-22,12.370634078979492
2020-06-23,12.46636962890625
2020-06-24,12.271418571472168
2020-06-25,12.222681999206543
2020-06-26,12.337562561035156
2020-06-29,12.401966094970703
2020-06-30,12.415889739990234
2020-07-01,12.560362815856934
2020-07-02,12.610840797424316
2020-07-03,12.65435791015625
2020-07-06,12.826679229736328
2020-07-07,12.730945587158203
2020-07-08,12.764016151428223
2020-07-09,12.78664493560791
2020-07-10,12.837122917175293
2020-07-13,12.957223892211914
2020-07-14,12.856268882751465
2020-07-15,13.148693084716797
2020-07-16,13.143471717834473
2020-07-17,13.133028984069824
2020-07-20,13.27575969696045
2020-07-21,13.284462928771973
2020-07-22,13.35408878326416
2020-07-23,13.319275856018066
2020-07-24,13.099956512451172
2020-07-27,13.190469741821289
2020-07-28,13.16610050201416
2020-07-29,13.138249397277832
2020-07-30,12.917190551757812
2020-07-31,12.861490249633789
2020-08-03,13.186988830566406
2020-08-04,13.018148422241211
2020-08-05,13.075587272644043
2020-08-06,13.012925148010254
2020-08-07,13.03903579711914
2020-08-10,13.054699897766113
2020-08-11,13.12780475616455
2020-08-12,13.27575969696045
2020-08-13,13.267056465148926
2020-08-14,13.155656814575195
2020-08-17,13.249650001525879
2020-08-18,13.152174949645996
2020-08-19,13.167841911315918
2020-08-20,13.18002700805664
2020-08-21,13.216578483581543
2020-08-24,13.31057071685791
2020-08-25,13.246170043945312
2020-08-26,13.300127029418945
2020-08-27,13.246170043945312
2020-08-28,13.18002700805664
2020-08-31,13.134769439697266
2020-09-01,13.188730239868164
2020-09-02,13.460265159606934
2020-09-03,13.124323844909668
2020-09-04,12.967668533325195
2020-09-07,13.300127029418945
2020-09-08,13.120845794677734
2020-09-09,13.25487232208252
2020-09-10,13.286202430725098
2020-09-11,13.314055442810059
2020-09-14,13.381937980651855
2020-09-15,13.475932121276855
2020-09-16,13.53685474395752
2020-09-17,13.481154441833496
2020-09-18,13.510744094848633
2020-09-21,13.176546096801758
2020-09-22,13.237467765808105
2020-09-23,13.200911521911621
2020-09-24,13.08428955078125
2020-09-25,13.093158721923828
2020-09-28,13.373395919799805
2020-09-29,13.314866065979004
2020-09-30,13.440794944763184
2020-10-01,13.389358520507812
2020-10-02,13.40532398223877
2020-10-05,13.529479026794434
2020-10-06,13.439023971557617
2020-10-07,13.391134262084961
2020-10-08,13.554311752319336
2020-10-09,13.570272445678711
2020-10-12,13.660731315612793
2020-10-13,13.742318153381348
2020-10-14,13.658956527709961
2020-10-15,13.389358520507812
2020-10-16,13.550764083862305
2020-10-19,13.488686561584473
2020-10-20,13.568499565124512
2020-10-21,13.394680976867676
2020-10-22,13.371623039245605
2020-10-23,13.345020294189453
2020-10-26,13.190710067749023
2020-10-27,13.190710067749023
2020-10-28,12.807600975036621
2020-10-29,12.832432746887207
2020-10-30,12.750843048095703
2020-11-02,12.997381210327148
2020-11-03,13.252788543701172
2020-11-04,13.563178062438965
2020-11-05,13.712164878845215
2020-11-06,13.729903221130371
2020-11-09,13.854060173034668
2020-11-10,13.660731315612793
2020-11-11,13.953384399414062
2020-11-12,13.859380722045898
2020-11-13,13.884210586547852
2020-11-16,14.04206657409668
2020-11-17,13.958704948425293
2020-11-18,13.951610565185547
2020-11-19,13.859380722045898
2020-11-20,13.884210586547852
2020-11-23,13.898401260375977
2020-11-24,13.802621841430664
2020-11-25,13.806169509887695
2020-11-26,13.854060173034668
2020-11-27,13.912590026855469
2020-11-30,13.96402645111084
2020-12-01,13.92855453491211
2020-12-02,13.839868545532227
2020-12-03,13.752960205078125
2020-12-04,13.722807884216309
2020-12-07,13.760056495666504
2020-12-08,13.736997604370117
2020-12-09,13.786660194396973
2020-12-10,13.758282661437988
2020-12-11,13.703299522399902
2020-12-14,13.68378734588623
2020-12-15,13.715713500976562
2020-12-16,13.831002235412598
2020-12-17,13.923232078552246
2020-12-18,13.875343322753906
2020-12-21,13.60219955444336
2020-12-22,13.777790069580078
2020-12-23,13.804396629333496
2020-12-28,14.068673133850098
2020-12-29,14.166224479675293
2020-12-30,14.166224479675293
2021-01-04,14.192829132080078
2021-01-05,14.194602012634277
2021-01-06,14.175091743469238
2021-01-07,14.309890747070312
2021-01-08,14.41631031036377
2021-01-11,14.361327171325684
2021-01-12,14.361327171325684
2021-01-13,14.457103729248047
2021-01-14,14.473065376281738
2021-01-15,14.31698226928711
2021-01-18,14.437594413757324
2021-01-19,14.379064559936523
2021-01-20,14.480159759521484
2021-01-21,14.474842071533203
2021-01-22,14.4234037399292
2021-01-25,14.410987854003906
2021-01-26,14.544012069702148
2021-01-27,14.453557014465332
2021-01-28,14.519182205200195
2021-01-29,14.27796459197998
2021-02-01,14.414535522460938
2021-02-02,14.611411094665527
2021-02-03,14.620279312133789
2021-02-04,14.657526016235352
2021-02-05,14.593674659729004
2021-02-08,14.700094223022461
2021-02-09,14.705416679382324
2021-02-10,14.760396957397461
2021-02-11,14.700094223022461
2021-02-12,14.769266128540039
2021-02-15,14.857951164245605
2021-02-16,14.928895950317383
2021-02-17,14.733796119689941
2021-02-18,14.645111083984375
2021-02-19,14.744436264038086
2021-02-22,14.678810119628906
2021-02-23,14.410987854003906
2021-02-24,14.597222328186035
2021-02-25,14.620279312133789
2021-02-26,14.31698226928711
2021-03-01,14.520954132080078
2021-03-02,14.622055053710938
2021-03-03,14.547560691833496
2021-03-04,14.510313987731934
2021-03-05,14.363099098205566
2021-03-08,14.581259727478027
2021-03-09,14.717832565307617
2021-03-10,14.799420356750488
2021-03-11,14.865044593811035
2021-03-12,14.820703506469727
2021-03-15,14.834894180297852
2021-03-16,15.008712768554688
2021-03-17,14.920028686523438
2021-03-18,15.115133285522461
2021-03-19,15.02999496459961
2021-03-22,15.139962196350098
2021-03-23,15.27830696105957
2021-03-24,15.232194900512695
2021-03-25,15.184307098388672
2021-03-26,15.235738754272461
2021-03-29,15.324422836303711
2021-03-30,15.395370483398438
2021-03-31,15.418428421020508
2021-04-01,15.599340438842773
2021-04-06,15.645455360412598
2021-04-07,15.586925506591797
2021-04-08,15.657870292663574
2021-04-09,15.76606273651123
2021-04-12,15.696892738342285
2021-04-13,15.691569328308105
2021-04-14,15.705758094787598
2021-04-15,15.769613265991211
2021-04-16,15.890216827392578
2021-04-19,15.890216827392578
2021-04-20,15.696892738342285
2021-04-21,15.837010383605957
2021-04-22,15.828142166137695
2021-04-23,15.83523941040039
2021-04-26,15.821045875549316
2021-04-27,15.719949722290039
2021-04-28,15.758971214294434
2021-04-29,15.71462631225586
2021-04-30,15.741232872009277
2021-05-03,15.753647804260254
2021-05-04,15.592248916625977
2021-05-05,15.840557098388672
2021-05-06,15.829916000366211
2021-05-07,15.934563636779785
2021-05-10,15.805086135864258
2021-05-11,15.519527435302734
2021-05-12,15.530169486999512
2021-05-14,15.666740417480469
2021-05-17,15.760743141174316
2021-05-18,15.891996383666992
2021-05-19,15.680927276611328
2021-05-20,15.954071998596191
2021-05-21,16.06049156188965
2021-05-25,16.166908264160156
2021-05-26,16.287519454956055
2021-05-27,16.307031631469727
2021-05-28,16.50568199157715
2021-05-31,16.43296241760254
2021-06-01,16.486169815063477
2021-06-02,16.498586654663086
2021-06-03,16.569534301757812
2021-06-04,16.613872528076172
2021-06-07,16.6812744140625
2021-06-08,16.70610237121582
2021-06-09,16.77882194519043
2021-06-10,16.70078468322754
2021-06-11,16.75754165649414
2021-06-14,16.755765914916992
2021-06-15,16.86396026611328
2021-06-16,16.88347053527832
2021-06-17,16.85686683654785
2021-06-18,16.727386474609375
2021-06-21,16.805429458618164
2021-06-22,16.85686683654785
2021-06-23,16.842679977416992
2021-06-24,16.950868606567383
2021-06-25,16.878149032592773
2021-06-28,16.894113540649414
2021-06-29,16.936681747436523
2021-06-30,16.800106048583984
2021-07-01,16.816070556640625
2021-07-02,16.894113540649414
2021-07-05,16.91362190246582
2021-07-06,16.927812576293945
2021-07-07,17.071475982666016
2021-07-08,16.83735466003418
2021-07-09,16.926042556762695
2021-07-12,17.115819931030273
2021-07-13,17.098085403442383
2021-07-14,17.03423309326172
2021-07-15,17.023588180541992
2021-07-16,16.973926544189453
2021-07-19,16.70610237121582
2021-07-20,16.862184524536133
2021-07-21,17.071475982666016
2021-07-22,17.103404998779297
2021-07-23,17.202728271484375
2021-07-26,17.126462936401367
2021-07-27,17.04310417175293
2021-07-28,17.114049911499023
2021-07-29,17.138877868652344
2021-07-30,17.18144416809082
2021-08-02,17.26835823059082
2021-08-03,17.28609275817871
2021-08-04,17.417339324951172
2021-08-05,17.408472061157227
2021-08-06,17.346399307250977
2021-08-09,17.403156280517578
2021-08-10,17.44394874572754
2021-08-11,17.514894485473633
2021-08-12,17.60357666015625
2021-08-13,17.591161727905273
2021-08-16,17.559234619140625
2021-08-17,17.594707489013672
2021-08-18,17.72418785095215
2021-08-19,17.467004776000977
2021-08-20,17.58938980102539
2021-08-23,17.649694442749023
2021-08-24,17.598257064819336
2021-08-25,17.561006546020508
2021-08-26,17.607126235961914
2021-08-27,17.717086791992188
2021-08-30,17.749900817871094
2021-08-31,17.63905143737793
2021-09-01,17.711769104003906
2021-09-02,17.736600875854492
2021-09-03,17.655014038085938
2021-09-06,17.767642974853516
2021-09-07,17.702903747558594
2021-09-08,17.46346092224121
2021-09-09,17.45813751220703
2021-09-10,17.401954650878906
2021-09-13,17.4345760345459
2021-09-14,17.557811737060547
2021-09-15,17.42913818359375
2021-09-16,17.57231330871582
2021-09-17,17.38020896911621
2021-09-20,17.024988174438477
2021-09-21,17.171789169311523
2021-09-22,17.237031936645508
2021-09-23,17.440011978149414
2021-09-24,17.215282440185547
2021-09-27,16.948871612548828
2021-09-28,16.600906372070312
2021-09-29,16.67702293395996
2021-09-30,16.680648803710938
2021-10-01,16.584598541259766
2021-10-04,16.457731246948242
2021-10-05,16.526599884033203
2021-10-06,16.43416976928711
2021-10-07,16.65165138244629
2021-10-08,16.602718353271484
2021-10-11,16.586410522460938
2021-10-12,16.626279830932617
2021-10-13,16.75132942199707
2021-10-14,16.87275505065918
2021-10-15,16.954309463500977
2021-10-18,16.985118865966797
2021-10-19,17.026803970336914
2021-10-20,17.079355239868164
2021-10-21,17.001426696777344
2021-10-22,17.052175521850586
2021-10-25,17.017742156982422
2021-10-26,17.070297241210938
2021-10-27,17.030426025390625
2021-10-28,17.106544494628906
2021-10-29,17.015926361083984
2021-11-01,17.102916717529297
2021-11-02,17.206222534179688
2021-11-03,17.302276611328125
2021-11-04,17.467195510864258
2021-11-05,17.307716369628906
2021-11-08,17.385644912719727
2021-11-09,17.465389251708984
2021-11-10,17.369333267211914
2021-11-11,17.467195510864258
2021-11-12,17.54150390625
2021-11-15,17.53969383239746
2021-11-16,17.525192260742188
2021-11-17,17.514318466186523
2021-11-18,17.508882522583008
2021-11-19,17.476259231567383
2021-11-22,17.45632553100586
2021-11-23,17.135541915893555
2021-11-24,17.106544494628906
2021-11-25,17.20803451538086
2021-11-26,16.899938583374023
2021-11-29,16.905378341674805
2021-11-30,16.840133666992188
2021-12-01,16.901752471923828
2021-12-02,16.849193572998047
2021-12-03,16.838319778442383
2021-12-06,17.084794998168945
2021-12-07,17.389270782470703
2021-12-08,17.467195510864258
2021-12-09,17.45088768005371
2021-12-10,17.38020896911621
2021-12-13,17.398330688476562
2021-12-14,17.215282440185547
2021-12-15,17.302276611328125
2021-12-16,17.621244430541992
2021-12-17,17.403762817382812
2021-12-20,17.227970123291016
2021-12-21,17.392892837524414
2021-12-22,17.476259231567383
2021-12-23,17.673803329467773
2021-12-27,17.755355834960938
2021-12-28,17.880407333374023
2021-12-29,17.858657836914062
2021-12-30,17.84416389465332
2022-01-03,17.86772346496582
2022-01-04,17.86591148376465
2022-01-05,17.85141372680664
2022-01-06,17.641183853149414
2022-01-07,17.633930206298828
2022-01-10,17.215282440185547
2022-01-11,17.37295913696289
2022-01-12,17.507068634033203
2022-01-13,17.309524536132812
2022-01-14,17.121042251586914
2022-01-17,17.24065399169922
2022-01-18,17.059425354003906
2022-01-19,17.050363540649414
2022-01-20,17.043113708496094
2022-01-21,16.727767944335938
2022-01-24,16.202190399169922
2022-01-25,16.287370681762695
2022-01-26,16.588220596313477
2022-01-27,16.63715171813965
2022-01-28,16.492170333862305
2022-01-31,16.774887084960938
2022-02-01,16.811138153076172
2022-02-02,16.923498153686523
2022-02-03,16.709646224975586
2022-02-04,16.555599212646484
2022-02-07,16.609970092773438
2022-02-08,16.483108520507812
2022-02-09,16.818384170532227
2022-02-10,16.785762786865234
2022-02-11,16.6444034576416
2022-02-14,16.312747955322266
2022-02-15,16.579158782958984
2022-02-16,16.615402221679688
2022-02-17,16.38161277770996
2022-02-18,16.29643440246582
2022-02-21,16.12969970703125
2022-02-22,16.16050910949707
2022-02-23,16.135135650634766
2022-02-24,15.783544540405273
2022-02-25,16.220317840576172
2022-02-28,16.146015167236328
2022-03-01,16.082582473754883
2022-03-02,16.033647537231445
2022-03-03,15.968403816223145
2022-03-04,15.377584457397461
2022-03-07,15.169168472290039
2022-03-08,15.029621124267578
2022-03-09,15.5388822555542
2022-03-10,15.41020679473877
2022-03-11,15.620436668395996
2022-03-14,15.808918952941895
2022-03-15,15.796233177185059
2022-03-16,16.200382232666016
2022-03-17,16.361677169799805
2022-03-18,16.564661026000977
2022-03-21,16.584598541259766
2022-03-22,16.635343551635742
2022-03-23,16.519350051879883
2022-03-24,16.490352630615234
2022-03-25,16.441417694091797
2022-03-28,16.56647300720215
2022-03-29,16.820199966430664
2022-03-30,16.76763916015625
2022-03-31,16.675209045410156
2022-04-01,16.675209045410156
2022-04-04,16.74770736694336
2022-04-05,16.711458206176758
2022-04-06,16.580970764160156
2022-04-07,16.657087326049805
2022-04-08,16.794822692871094
2022-04-11,16.794822692871094
2022-04-12,16.66252899169922
2022-04-13,16.571908950805664
2022-04-14,16.764015197753906
2022-04-19,16.664335250854492
2022-04-20,16.698772430419922
2022-04-21,16.7966365814209
2022-04-22,16.55922508239746
2022-04-25,16.34174346923828
2022-04-26,16.1115779876709
2022-04-27,16.220317840576172
2022-04-28,16.222131729125977
2022-04-29,16.503042221069336
2022-05-02,16.18407440185547
2022-05-03,16.17138671875
2022-05-04,16.162322998046875
2022-05-05,16.16050910949707
2022-05-06,15.836104393005371
2022-05-09,15.40477180480957
2022-05-10,15.480890274047852
2022-05-11,15.573318481445312
2022-05-12,15.395709991455078
2022-05-13,15.808918952941895
2022-05-16,15.827043533325195
2022-05-17,15.845165252685547
2022-05-18,15.712868690490723
2022-05-19,15.377584457397461
2022-05-20,15.464578628540039
2022-05-23,15.640374183654785
2022-05-24,15.58781623840332
2022-05-25,15.55700397491455
2022-05-27,15.817981719970703
2022-05-30,16.002838134765625
2022-05-31,15.79442310333252
2022-06-01,15.5860013961792
2022-06-02,15.654869079589844
2022-06-03,15.74005126953125
2022-06-07,15.640374183654785
2022-06-08,15.589627265930176
2022-06-09,15.40477180480957
2022-06-10,14.977059364318848
2022-06-13,14.645406723022461
2022-06-14,14.536666870117188
2022-06-15,14.679840087890625
2022-06-16,14.090835571289062
2022-06-17,14.063651084899902
2022-06-20,14.079959869384766
2022-06-21,14.181450843811035
2022-06-22,14.1923246383667
2022-06-23,14.061838150024414
2022-06-24,14.556600570678711
2022-06-27,14.652657508850098
2022-06-28,14.54572868347168
2022-06-29,14.494982719421387
2022-06-30,14.349997520446777
2022-07-01,14.44786262512207
2022-07-04,14.571101188659668
2022-07-05,14.375370025634766
2022-07-06,14.59647274017334
2022-07-07,14.712462425231934
2022-07-08,14.775893211364746
2022-07-11,14.779520034790039
2022-07-12,14.777706146240234
2022-07-13,14.540290832519531
2022-07-14,14.431551933288574
2022-07-15,14.629094123840332
2022-07-18,14.80126667022705
2022-07-19,14.873760223388672
2022-07-20,14.8773832321167
2022-07-21,14.984312057495117
2022-07-22,14.9607515335083
2022-07-25,14.929940223693848
2022-07-26,14.882820129394531
2022-07-27,14.823014259338379
2022-07-28,14.897320747375488
2022-07-29,15.123861312866211
2022-08-02,15.060428619384766
2022-08-03,15.161919593811035
2022-08-04,15.210850715637207
2022-08-05,15.141983032226562
2022-08-08,15.183667182922363
2022-08-09,15.038681983947754
2022-08-10,15.132922172546387
2022-08-11,15.265223503112793
2022-08-12,15.185478210449219
2022-08-15,15.209039688110352
2022-08-16,15.02780532836914
2022-08-17,14.948064804077148
2022-08-18,14.9607515335083
2022-08-19,14.935378074645996
2022-08-22,14.768647193908691
2022-08-23,14.658093452453613
2022-08-24,14.678028106689453
2022-08-25,14.746895790100098
2022-08-26,14.56566333770752
2022-08-29,14.487733840942383
2022-08-30,14.491358757019043
2022-08-31,14.465987205505371
2022-09-01,14.110769271850586
2022-09-02,14.35180950164795
2022-09-05,14.330061912536621
2022-09-06,14.311938285827637
2022-09-07,14.232195854187012
2022-09-08,14.3228120803833
2022-09-09,14.504914283752441
2022-09-12,14.662858009338379
2022-09-13,14.514204025268555
2022-09-14,14.300514221191406
2022-09-15,14.293082237243652
2022-09-16,14.096115112304688
2022-09-19,13.96976089477539
2022-09-20,13.856410026550293
2022-09-21,13.81367301940918
2022-09-22,13.633430480957031
2022-09-23,13.321255683898926
2022-09-26,13.267369270324707
2022-09-27,13.243212699890137
2022-09-28,13.204190254211426
2022-09-29,13.062970161437988
2022-09-30,13.354702949523926
2022-10-03,13.39372444152832
2022-10-04,13.837828636169434
2022-10-05,13.698466300964355
2022-10-06,13.560958862304688
2022-10-07,13.414165496826172
2022-10-10,13.358420372009277
2022-10-11,13.252503395080566
2022-10-12,13.22091293334961
2022-10-13,13.142871856689453
2022-10-14,13.429030418395996
2022-10-17,13.71333122253418
2022-10-18,13.919589042663574
2022-10-19,13.726338386535645
2022-10-20,13.767217636108398
2022-10-21,13.625996589660645
2022-10-24,13.84526252746582
2022-10-25,14.163009643554688
2022-10-26,14.231761932373047
2022-10-27,14.0552339553833
2022-10-28,14.032937049865723
2022-10-31,14.083108901977539
2022-11-01,14.008780479431152
2022-11-02,14.034794807434082
2022-11-03,13.835969924926758
2022-11-04,13.995773315429688
2022-11-07,13.986481666564941
2022-11-08,14.190881729125977
2022-11-09,14.231761932373047
2022-11-10,14.765058517456055
2022-11-11,14.813370704650879
2022-11-14,14.705597877502441
2022-11-15,14.713030815124512
2022-11-16,14.52535343170166
2022-11-17,14.519779205322266
2022-11-18,14.59410572052002
2022-11-21,14.601537704467773
2022-11-22,14.620121002197266
2022-11-23,14.646134376525879
2022-11-24,14.791071891784668
2022-11-25,14.735326766967773
2022-11-28,14.679582595825195
2022-11-29,14.49376392364502
2022-11-30,14.527212142944336
2022-12-01,14.685155868530273
2022-12-02,14.75205135345459
2022-12-05,14.672148704528809
2022-12-06,14.462176322937012
2022-12-07,14.465890884399414
2022-12-08,14.391565322875977
2022-12-09,14.555084228515625
2022-12-12,14.512346267700195
2022-12-13,14.679582595825195
2022-12-14,14.6405611038208
2022-12-15,14.335820198059082
2022-12-16,14.090540885925293
2022-12-19,14.094257354736328
2022-12-20,14.00506591796875
2022-12-21,14.194598197937012
2022-12-22,14.133277893066406
2022-12-23,14.220610618591309
2022-12-27,14.224329948425293
2022-12-28,14.215038299560547
2022-12-29,14.228046417236328
2022-12-30,14.263350486755371
2023-01-03,14.49376392364502
2023-01-04,14.69444751739502
2023-01-05,14.687015533447266
2023-01-06,14.74461841583252
2023-01-09,14.960165977478027
2023-01-10,14.904420852661133
2023-01-11,15.030776977539062
2023-01-12,15.051218032836914
2023-01-13,15.014054298400879
2023-01-16,15.186864852905273
2023-01-17,15.183145523071289
2023-01-18,15.233318328857422
2023-01-19,15.041926383972168
2023-01-20,15.093955039978027
2023-01-23,15.233318328857422
2023-01-24,15.303927421569824
2023-01-25,15.181289672851562
2023-01-26,15.263049125671387
2023-01-27,15.263049125671387
2023-01-30,15.285346984863281
2023-01-31,15.177574157714844
2023-02-01,15.158991813659668
2023-02-02,15.378254890441895
2023-02-03,15.491605758666992
2023-02-06,15.33737564086914
2023-02-07,15.272340774536133
2023-02-08,15.311361312866211
2023-02-09,15.190581321716309
2023-02-10,15.05307388305664
2023-02-13,15.103246688842773
2023-02-14,15.192438125610352
2023-02-15,15.255615234375
2023-02-16,15.229602813720703
2023-02-17,15.235176086425781
2023-02-20,15.240752220153809
2023-02-21,15.212879180908203
2023-02-22,15.16270637512207
2023-02-23,15.248183250427246
2023-02-24,15.07723331451416
2023-02-27,15.244468688964844
2023-02-28,15.108817100524902
2023-03-01,15.051218032836914
2023-03-02,15.138551712036133
2023-03-03,15.218454360961914
2023-03-06,15.207303047180176
2023-03-07,15.051218032836914
2023-03-08,14.952733993530273
2023-03-09,15.00476360321045
2023-03-10,14.698163032531738
2023-03-13,14.486330032348633
2023-03-14,14.56994915008545
2023-03-15,14.261493682861328
2023-03-16,14.575523376464844
2023-03-17,14.458459854125977
2023-03-20,14.469609260559082
2023-03-21,14.683297157287598
2023-03-22,14.672148704528809
2023-03-23,14.608969688415527
2023-03-24,14.374839782714844
2023-03-27,14.581099510192871
2023-03-28,14.59410572052002
2023-03-29,14.809653282165527
2023-03-30,14.978747367858887
2023-03-31,15.08652114868164
2023-04-03,15.021485328674316
2023-04-04,15.045642852783203
2023-04-05,14.97689151763916
2023-04-06,15.116253852844238
2023-04-11,15.207303047180176
2023-04-12,15.250042915344238
2023-04-13,15.251900672912598
2023-04-14,15.331803321838379
2023-04-17,15.302069664001465
2023-04-18,15.40798568725586
2023-04-19,15.406129837036133
2023-04-20,15.40427017211914
2023-04-21,15.469304084777832
2023-04-24,15.56407356262207
2023-04-25,15.493464469909668
2023-04-26,15.322511672973633
2023-04-27,15.326226234436035
2023-04-28,15.46558952331543
2023-05-02,15.402410507202148
2023-05-03,15.541773796081543
2023-05-04,15.456300735473633
2023-05-05,15.625393867492676
2023-05-08,15.649548530578613
2023-05-09,15.593805313110352
2023-05-10,15.549208641052246
2023-05-11,15.671847343444824
2023-05-12,15.642119407653809
2023-05-15,15.692285537719727
2023-05-16,15.562215805053711
2023-05-17,15.443289756774902
2023-05-19,15.744316101074219
2023-05-22,15.653265953063965
2023-05-23,15.562215805053711
2023-05-24,15.298352241516113
2023-05-25,15.302069664001465
2023-05-26,15.456300735473633
2023-05-30,15.352239608764648
2023-05-31,15.229602813720703
2023-06-01,15.320651054382324
2023-06-02,15.532485961914062
2023-06-05,15.476739883422852
2023-06-06,15.56407356262207
2023-06-07,15.443289756774902
2023-06-08,15.342950820922852
2023-06-09,15.266766548156738
2023-06-12,15.357817649841309
2023-06-13,15.435861587524414
2023-06-14,15.40798568725586
2023-06-15,15.348527908325195
2023-06-16,15.4098482131958
2023-06-19,15.225884437561035
2023-06-20,15.142269134521484
2023-06-21,14.991754531860352
2023-06-22,14.97689151763916
2023-06-23,15.067941665649414
2023-06-26,14.989897727966309
2023-06-27,14.991754531860352
2023-06-28,15.097670555114746
2023-06-29,15.040066719055176
2023-06-30,15.27977180480957
2023-07-03,15.218454360961914
2023-07-04,15.224026679992676
2023-07-05,15.116253852844238
2023-07-06,14.865398406982422
2023-07-07,14.872832298278809
2023-07-10,14.88769817352295
2023-07-11,14.93601131439209
2023-07-12,15.099531173706055
2023-07-13,15.134835243225098
2023-07-14,15.192438125610352
2023-07-17,15.121827125549316
2023-07-18,15.220312118530273
2023-07-19,15.251900672912598
2023-07-20,15.302069664001465
2023-07-21,15.207303047180176
2023-07-24,15.205445289611816
2023-07-25,15.354100227355957
2023-07-26,15.277913093566895
2023-07-27,15.528769493103027
2023-07-28,15.439576148986816
2023-07-31,15.452582359313965
2023-08-02,15.19615650177002
2023-08-03,15.079090118408203
2023-08-04,15.168283462524414
2023-08-07,15.181289672851562
2023-08-08,15.08652114868164
2023-08-09,15.142269134521484
2023-08-10,15.274199485778809
2023-08-11,15.119967460632324
2023-08-14,15.15713119506836
2023-08-15,14.978747367858887
2023-08-16,14.973172187805176
2023-08-17,14.800362586975098
2023-08-18,14.74276065826416
2023-08-21,14.75019359588623
2023-08-22,14.791071891784668
2023-08-23,14.880267143249512
2023-08-24,14.92857837677002
2023-08-25,14.863541603088379
2023-08-28,15.014054298400879
2023-08-29,15.093955039978027
2023-08-30,15.110678672790527
2023-08-31,15.248183250427246
2023-09-01,15.177574157714844
2023-09-04,15.129260063171387
2023-09-05,15.023345947265625
2023-09-06,15.051218032836914
2023-09-07,15.027060508728027
2023-09-08,15.002293586730957
2023-09-11,15.030871391296387
2023-09-12,14.98705005645752
2023-09-13,14.966090202331543
2023-09-14,15.028965950012207
2023-09-15,15.190917015075684
2023-09-18,15.072787284851074
2023-09-19,14.985143661499023
2023-09-20,15.185198783874512
2023-09-21,15.099462509155273
2023-09-22,14.964186668395996
2023-09-25,14.867015838623047
2023-09-26,14.79842472076416
2023-09-27,14.74698257446289
2023-09-28,14.804141998291016
2023-09-29,14.89178466796875
2023-10-02,14.691728591918945
2023-10-03,14.613612174987793
2023-10-04,14.600274085998535
2023-10-05,14.670770645141602
2023-10-06,14.621232032775879
2023-10-09,14.609801292419434
2023-10-10,14.865110397338867
2023-10-11,14.916552543640137
2023-10-12,14.908931732177734
2023-10-13,14.766034126281738
2023-10-16,14.817479133605957
2023-10-17,14.706972122192383
2023-10-18,14.501199722290039
2023-10-19,14.33543872833252
2023-10-20,14.156340599060059
2023-10-23,14.10108757019043
2023-10-24,14.251605987548828
2023-10-25,14.14871883392334
2023-10-26,14.183013916015625
2023-10-27,14.184920310974121
2023-10-30,14.274468421936035
2023-10-31,14.360208511352539
2023-11-01,14.461188316345215
2023-11-02,14.699350357055664
2023-11-03,14.703160285949707
2023-11-06,14.642190933227539
2023-11-07,14.676486015319824
2023-11-08,14.678391456604004
2023-11-09,14.712687492370605
2023-11-10,14.607894897460938
2023-11-13,14.672676086425781
2023-11-14,14.91464900970459
2023-11-15,14.960375785827637
2023-11-16,14.901310920715332
2023-11-17,14.994669914245605
2023-11-20,14.956564903259277
2023-11-21,15.008007049560547
2023-11-22,15.044208526611328
2023-11-23,15.002293586730957
2023-11-24,15.070881843566895
2023-11-27,15.05373477935791
2023-11-28,14.91464900970459
2023-11-29,15.049924850463867
2023-11-30,15.168052673339844
2023-12-01,15.164241790771484
2023-12-04,15.099462509155273
2023-12-05,15.147093772888184
2023-12-06,15.257603645324707
2023-12-07,15.21377944946289
2023-12-08,15.33952808380127
2023-12-11,15.410025596618652
2023-12-12,15.451940536499023
2023-12-13,15.594839096069336
2023-12-14,15.760601043701172
2023-12-15,15.796802520751953
2023-12-18,15.690101623535156
2023-12-19,15.682482719421387
2023-12-20,15.695816993713379
2023-12-21,15.63675594329834
2023-12-22,15.655807495117188
2023-12-27,15.653902053833008
2023-12-28,15.594839096069336
2023-12-29,15.629134178161621
2024-01-03,15.482426643371582
2024-01-04,15.564353942871094
2024-01-05,15.493858337402344
2024-01-08,15.566258430480957
2024-01-09,15.606271743774414
2024-01-10,15.604365348815918
2024-01-11,15.484332084655762
2024-01-12,15.596744537353516
2024-01-15,15.570069313049316
2024-01-16,15.632943153381348
2024-01-17,15.4557523727417
2024-01-18,15.476710319519043
2024-01-19,15.423362731933594
2024-01-22,15.62341594696045
2024-01-23,15.459564208984375
2024-01-24,15.499574661254883
2024-01-25,15.587217330932617
2024-01-26,15.77012825012207
2024-01-29,15.754881858825684
2024-01-30,15.758692741394043
2024-01-31,15.68057632446289
2024-02-01,15.560543060302734
2024-02-02,15.579594612121582
2024-02-05,15.61198616027832
2024-02-06,15.66533374786377
2024-02-07,15.648187637329102
2024-02-08,15.579594612121582
2024-02-09,15.522438049316406
2024-02-12,15.659619331359863
2024-02-13,15.581503868103027
2024-02-14,15.737738609313965
2024-02-15,15.806326866149902
2024-02-16,15.857769012451172
2024-02-19,15.93207836151123
2024-02-20,15.956844329833984
2024-02-21,15.939697265625
2024-02-22,16.0463924407959
2024-02-23,16.09973907470703
2024-02-26,16.080686569213867
2024-02-27,15.998761177062988
2024-02-28,15.989235877990723
2024-02-29,16.01209831237793
2024-03-01,16.042583465576172
2024-03-04,15.998761177062988
2024-03-05,15.956844329833984
2024-03-06,16.082595825195312
2024-03-07,16.27121925354004
2024-03-08,16.366483688354492
2024-03-11,16.337905883789062
2024-03-12,16.48270606994629
2024-03-13,16.536054611206055
2024-03-14,16.48651695251465
2024-03-15,16.48270606994629
2024-03-18,16.404590606689453
2024-03-19,16.395061492919922
2024-03-20,16.532241821289062
2024-03-21,16.68466567993164
2024-03-22,16.62750816345215
2024-03-25,16.568443298339844
2024-03-26,16.671329498291016
2024-03-27,16.688478469848633
2024-03-28,16.69991111755371
2024-04-02,16.499855041503906
2024-04-03,16.56273078918457
2024-04-04,16.637035369873047
2024-04-05,16.454126358032227
2024-04-08,16.537961959838867
2024-04-09,16.461748123168945
2024-04-10,16.4598445892334
2024-04-11,16.38363265991211
2024-04-12,16.366483688354492
2024-04-15,16.395061492919922
2024-04-16,16.139751434326172
2024-04-17,16.10736656188965
2024-04-18,16.145469665527344
2024-04-19,16.092119216918945
2024-04-22,16.25597381591797
2024-04-23,16.408397674560547
2024-04-24,16.29789161682129
2024-04-25,16.11688995361328
2024-04-26,16.295988082885742
2024-04-29,16.332185745239258
2024-04-30,16.252166748046875
2024-05-02,16.134037017822266
2024-05-03,16.269311904907227
2024-05-06,16.3721981048584
2024-05-07,16.58749771118164
2024-05-08,16.66942596435547
2024-05-10,16.863765716552734
2024-05-13,16.861860275268555
2024-05-14,16.94759750366211
2024-05-15,17.07906150817871
2024-05-16,17.261972427368164
2024-05-17,17.23339080810547
2024-05-21,17.241012573242188
2024-05-22,17.260066986083984
2024-05-23,17.353425979614258
2024-05-24,17.34389877319336
2024-05-27,17.37819480895996
2024-05-28,17.214336395263672
2024-05-29,17.117168426513672
2024-05-30,17.157180786132812
2024-05-31,17.324844360351562
2024-06-03,17.242918014526367
2024-06-04,17.201000213623047
2024-06-05,17.35152244567871
2024-06-06,17.492511749267578
2024-06-07,17.534427642822266
2024-06-10,17.361047744750977
2024-06-11,17.29054832458496
2024-06-12,17.423919677734375
2024-06-13,17.269594192504883
2024-06-14,17.128599166870117
2024-06-17,17.090496063232422
2024-06-18,17.21814727783203
2024-06-19,17.197193145751953
2024-06-20,17.359142303466797
2024-06-21,17.250539779663086
2024-06-24,17.364856719970703
2024-06-25,17.231487274169922
2024-06-26,17.221960067749023
2024-06-27,17.258159637451172
2024-06-28,17.159086227416992
2024-07-01,17.281024932861328
2024-07-02,17.178138732910156
2024-07-03,17.261972427368164
2024-07-04,17.40867805480957
2024-07-05,17.30960464477539
2024-07-08,17.3743839263916
2024-07-09,17.395341873168945
2024-07-10,17.42582893371582
2024-07-11,17.608734130859375
2024-07-12,17.65827178955078
2024-07-15,17.522994995117188
2024-07-16,17.522994995117188
2024-07-17,17.4906063079834
2024-07-18,17.49441909790039
2024-07-19,17.33437156677246
2024-07-22,17.500131607055664
2024-07-23,17.500131607055664
2024-07-24,17.43344497680664
2024-07-25,17.389625549316406
2024-07-26,17.61445426940918
2024-07-29,17.559194564819336
2024-07-30,17.709716796875
2024-07-31,17.766874313354492
2024-08-02,17.077159881591797
2024-08-05,16.616079330444336
2024-08-06,16.67323875427246
2024-08-07,17.09430694580078
2024-08-08,17.040958404541016
2024-08-09,17.143844604492188
2024-08-12,17.120981216430664
2024-08-13,17.098114013671875
2024-08-14,17.353425979614258
2024-08-15,17.538240432739258
2024-08-16,17.547767639160156
2024-08-19,17.688756942749023
2024-08-20,17.650651931762695
2024-08-21,17.57634735107422
2024-08-22,17.71733856201172
2024-08-23,17.774497985839844
2024-08-26,17.726865768432617
2024-08-27,17.688756942749023
2024-08-28,17.785926818847656
2024-08-29,17.864046096801758
2024-08-30,17.92882537841797
2024-09-02,17.91929817199707
2024-09-03,17.78402328491211
2024-09-04,17.62969398498535
2024-09-05,17.477270126342773
2024-09-06,17.321359634399414
2024-09-09,17.481164932250977
2024-09-10,17.440242767333984
2024-09-11,17.40711212158203
2024-09-12,17.547426223754883
2024-09-13,17.637073516845703
2024-09-16,17.58250617980957
2024-09-17,17.685794830322266
2024-09-18,17.535734176635742
2024-09-19,17.724773406982422
2024-09-20,17.529888153076172
2024-09-23,17.594200134277344
2024-09-24,17.617586135864258
2024-09-25,17.826114654541016
2024-09-26,17.941097259521484
2024-09-27,17.99955940246582
2024-09-30,17.958633422851562
2024-10-01,17.773494720458984
2024-10-02,17.787134170532227
2024-10-03,17.67605209350586
2024-10-04,17.695541381835938
2024-10-07,17.627328872680664
2024-10-08,17.637073516845703
2024-10-09,17.742311477661133
2024-10-10,17.7442626953125
2024-10-11,17.81637191772461
2024-10-14,17.937196731567383
2024-10-15,17.902118682861328
2024-10-16,17.822216033935547
2024-10-17,17.85144805908203
2024-10-18,17.915761947631836
2024-10-21,17.818315505981445
2024-10-22,17.66046142578125
2024-10-23,17.635128021240234
2024-10-24,17.633176803588867
2024-10-25,17.635128021240234
2024-10-28,17.76959800720215
2024-10-29,17.58250617980957
2024-10-30,17.409061431884766
2024-10-31,17.140117645263672
2024-11-01,17.438291549682617
2024-11-04,17.368131637573242
2024-11-05,17.313566207885742
2024-11-06,17.30577278137207
2024-11-07,17.373981475830078
2024-11-08,17.272640228271484
2024-11-11,17.442190170288086
2024-11-12,17.17129898071289
2024-11-13,17.003698348999023
2024-11-14,17.147912979125977
2024-11-15,16.99395751953125
2024-11-18,17.042675018310547
2024-11-19,16.935487747192383
2024-11-20,16.923797607421875
2024-11-21,17.034881591796875
2024-11-22,17.221969604492188
2024-11-25,17.20443344116211
2024-11-26,17.071908950805664
2024-11-27,17.099193572998047
2024-11-28,17.206378936767578
2024-11-29,17.23756217956543
2024-12-02,17.311616897583008
2024-12-03,17.257049560546875
2024-12-04,17.309667587280273
2024-12-05,17.262895584106445
2024-12-06,17.28628158569336
2024-12-09,17.26679039001465
2024-12-10,17.122577667236328
2024-12-11,17.169353485107422
2024-12-12,17.206378936767578
2024-12-13,17.145965576171875
2024-12-16,17.120630264282227
2024-12-17,17.177146911621094
2024-12-18,17.064115524291992
2024-12-19,16.756196975708008
2024-12-20,16.779582977294922
2024-12-23,16.87117576599121
2024-12-27,17.04073143005371
2024-12-30,16.92574691772461
2025-01-03,17.066062927246094
2025-01-06,17.18299102783203
2025-01-07,17.2960262298584
2025-01-08,17.27458953857422
2025-01-09,17.36423683166504
2025-01-10,17.245357513427734
2025-01-13,17.09724235534668
2025-01-14,17.18299102783203
2025-01-15,17.307720184326172
2025-01-16,17.30187225341797
2025-01-17,17.461679458618164
2025-01-20,17.514299392700195
2025-01-21,17.66436004638672
2025-01-22,17.742311477661133
2025-01-23,17.779342651367188
2025-01-24,17.81637191772461
2025-01-27,17.9683780670166
2025-01-28,17.98981475830078
2025-01-29,18.118438720703125
2025-01-30,18.225627899169922
2025-01-31,18.1885986328125
2025-02-03,17.952789306640625
2025-02-04,17.839757919311523
2025-02-05,17.939146041870117
2025-02-06,18.05607795715332
2025-02-07,18.038536071777344
2025-02-10,18.110645294189453
2025-02-11,18.194446563720703
2025-02-12,18.173006057739258
2025-02-13,18.397123336791992
2025-02-14,18.342557907104492
2025-02-17,18.389328002929688
2025-02-18,18.424409866333008
2025-02-19,18.280195236206055
2025-02-20,18.23147201538086
2025-02-21,18.32891273498535
2025-02-24,18.299684524536133
2025-02-25,18.27629852294922
2025-02-26,18.397123336791992
2025-02-27,18.289941787719727
2025-02-28,18.29383659362793
2025-03-03,18.494569778442383
2025-03-04,18.237319946289062
2025-03-05,18.438053131103516
2025-03-06,18.27629852294922
2025-03-07,18.326967239379883
2025-03-10,18.19834327697754
2025-03-11,17.907495498657227
2025-03-12,18.09098243713379
2025-03-13,18.01485824584961
2025-03-14,18.092937469482422
2025-03-17,18.30375099182129
2025-03-18,18.247140884399414
2025-03-19,18.247140884399414
2025-03-20,18.28032684326172
2025-03-21,18.235431671142578
2025-03-24,18.219816207885742
2025-03-25,18.32912826538086
2025-03-26,18.274473190307617
2025-03-27,18.14563751220703
2025-03-28,18.106599807739258
2025-03-31,17.835275650024414
2025-04-01,17.897735595703125
2025-04-02,17.743534088134766
2025-04-03,17.333616256713867
2025-04-04,16.404468536376953
2025-04-07,15.713467597961426
2025-04-08,16.26782989501953
2025-04-09,15.586589813232422
2025-04-10,16.230743408203125
2025-04-11,16.162424087524414
2025-04-14,16.582101821899414
2025-04-15,16.785106658935547
2025-04-16,16.673845291137695
2025-04-17,16.790964126586914
2025-04-22,16.96108055114746
2025-04-23,17.148801803588867
2025-04-24,17.315006256103516
2025-04-25,17.44406509399414
2025-04-28,17.565298080444336
2025-04-29,17.622007369995117
2025-04-30,17.79408073425293
2025-05-02,18.046327590942383
2025-05-05,18.046327590942383
2025-05-06,17.989620208740234
2025-05-07,17.887939453125
2025-05-08,17.913360595703125
2025-05-09,17.94464683532715
2025-05-12,18.077611923217773
2025-05-13,18.067834854125977
2025-05-14,18.03850555419922
2025-05-15,18.138229370117188
2025-05-16,18.31616973876953
2025-05-19,18.30248260498047
2025-05-20,18.396339416503906
2025-05-21,18.34941291809082
2025-05-22,18.18711280822754
2025-05-23,18.08738899230957
2025-05-26,18.323993682861328
2025-05-27,18.402206420898438
2025-05-28,18.19297981262207
2025-05-30,18.296615600585938
2025-06-02,18.194934844970703
2025-06-03,18.23795509338379
2025-06-04,18.341590881347656
2025-06-05,18.333770751953125
2025-06-06,18.482378005981445
2025-06-10,18.462825775146484
2025-06-11,18.478466033935547
2025-06-12,18.433494567871094
2025-06-13,18.181249618530273
2025-06-16,18.15778350830078
2025-06-17,17.99939727783203
2025-06-18,18.013084411621094
2025-06-19,17.915315628051758
2025-06-20,17.930959701538086
2025-06-23,17.85469627380371
2025-06-24,17.964200973510742
2025-06-25,17.862520217895508
2025-06-26,17.891847610473633
2025-06-27,18.018949508666992
2025-06-30,17.940732955932617
2025-07-01,17.962244033813477
2025-07-02,18.01504135131836
2025-07-03,18.020904541015625
2025-07-04,17.950511932373047
2025-07-07,18.013084411621094
2025-07-08,18.02872657775879
2025-07-09,18.095211029052734
2025-07-10,18.28097152709961
2025-07-11,18.065881729125977
2025-07-14,18.050235748291016
2025-07-15,18.02286148071289
2025-07-16,18.097166061401367
2025-07-17,18.220354080200195
2025-07-18,18.28097152709961
2025-07-21,18.31616973876953
2025-07-22,18.112808227539062
2025-07-23,18.345500946044922
2025-07-24,18.433494567871094
2025-07-25,18.3044376373291
2025-07-28,18.30248260498047
2025-07-29,18.257509231567383
2025-07-30,18.189069747924805
2025-07-31,18.08738899230957
2025-08-04,18.056102752685547
2025-08-05,18.05219268798828
2025-08-06,17.950511932373047
2025-08-07,18.23208999633789
2025-08-08,18.138229370117188
2025-08-11,18.15191650390625
2025-08-12,18.17538070678711
2025-08-13,18.181249618530273
2025-08-14,18.140186309814453
2025-08-15,18.216447830200195
2025-08-18,18.2007999420166
2025-08-19,18.325946807861328
2025-08-20,18.4198055267334
2025-08-21,18.35723114013672
2025-08-22,18.458913803100586
2025-08-25,18.35527801513672
2025-08-26,18.3142147064209
2025-08-27,18.27901840209961
2025-08-28,18.259462356567383
2025-08-29,18.224267959594727
2025-09-01,18.153873443603516
2025-09-02,18.016992568969727
2025-09-03,18.067834854125977
2025-09-04,18.31616973876953
2025-09-05,18.403654098510742
2025-09-08,18.308218002319336
2025-09-09,18.276405334472656
2025-09-10,18.18692970275879
2025-09-11,18.24458885192871
2025-09-12,18.202835083007812
2025-09-15,18.145177841186523
2025-09-16,17.922487258911133
2025-09-17,17.894651412963867
2025-09-18,17.952312469482422
2025-09-19,17.966228485107422
2025-09-22,17.94833755493164
2025-09-23,17.9503231048584
2025-09-24,17.76938819885254
2025-09-25,17.616289138793945
2025-09-26,17.642139434814453
2025-09-29,17.634187698364258
2025-09-30,17.785293579101562
2025-10-01,17.94435691833496
2025-10-02,18.05570411682129
2025-10-03,18.226696014404297
2025-10-06,18.34599494934082
2025-10-07,18.322134017944336
2025-10-08,18.447397232055664
2025-10-09,18.4195613861084
2025-10-10,18.375818252563477
2025-10-13,18.19687271118164
2025-10-14,18.180965423583984
2025-10-15,18.194883346557617
2025-10-16,18.351957321166992
2025-10-17,18.20681381225586
2025-10-20,18.31418228149414
2025-10-21,18.385759353637695
2025-10-22,18.371841430664062
2025-10-23,18.449386596679688
2025-10-24,18.49541473388672
2025-10-27,18.409618377685547
2025-10-28,18.216754913330078
2025-10-29,18.15313148498535
2025-10-30,18.210790634155273
2025-10-31,18.149152755737305
2025-11-03,18.131258010864258
2025-11-04,18.11932945251465
2025-11-05,18.03780746459961
2025-11-06,18.085525512695312
2025-11-07,18.033830642700195
2025-11-10,18.260496139526367
2025-11-11,18.582599639892578
2025-11-12,18.71979522705078
2025-11-13,18.63628578186035
2025-11-14,18.349971771240234
2025-11-17,18.22868537902832
2025-11-18,17.89664077758789
2025-11-19,18.063655853271484
2025-11-20,18.15313148498535
2025-11-21,18.043773651123047
2025-11-24,18.232662200927734
2025-11-25,18.35792350769043
2025-11-26,18.471256256103516
2025-11-27,18.5368709564209
2025-11-28,18.544822692871094
2025-12-01,18.469268798828125
2025-12-02,18.425527572631836
2025-12-03,18.51897621154785
2025-12-04,18.576637268066406
2025-12-05,18.600496292114258
2025-12-08,18.62435531616211
2025-12-09,18.586578369140625
2025-12-10,18.54084587097168
2025-12-11,18.45534896850586
2025-12-12,18.511022567749023
2025-12-15,18.60447120666504
2025-12-16,18.600496292114258
2025-12-17,18.630319595336914
2025-12-18,18.717803955078125
2025-12-19,18.71979522705078
2025-12-22,18.878856658935547
2025-12-23,18.9027156829834
2025-12-29,18.898740768432617
2025-12-30,18.918624877929688
2026-01-05,18.83710479736328
2026-01-06,19.087627410888672
2026-01-07,19.141311645507812
2026-01-08,19.141311645507812
2026-01-09,19.17710304260254
2026-01-12,19.185054779052734
2026-01-13,19.037919998168945
2026-01-14,19.15721893310547
2026-01-15,19.23674964904785
2026-01-16,19.14529037475586
2026-01-19,18.986225128173828
2026-01-20,18.868915557861328
2026-01-21,18.904705047607422
2026-01-22,19.035932540893555
2026-01-23,18.980260848999023
2026-01-26,18.90868377685547
2026-01-27,18.864938735961914
2026-01-28,18.767513275146484
2026-01-29,18.70786476135254
2026-01-30,18.835113525390625
2026-02-02,19.00809669494629
2026-02-03,18.934528350830078
2026-02-04,19.248680114746094
2026-02-05,19.204936981201172
2026-02-06,19.314292907714844
2026-02-09,19.198972702026367
2026-02-10,19.24271583557129
2026-02-11,19.216867446899414
2026-02-12,19.206926345825195
2026-02-13,19.37592887878418
2026-02-16,19.42365074157715
2026-02-17,19.477331161499023
2026-02-18,19.58867835998535
2026-02-19,19.469379425048828
2026-02-20,19.62844467163086
2026-02-23,19.491252899169922
2026-02-24,19.62844467163086
2026-02-25,19.678152084350586
2026-02-26,19.741777420043945
2026-02-27,19.873003005981445
2026-03-02,19.568796157836914
2026-03-03,19.03990936279297
2026-03-04,19.210901260375977
2026-03-05,18.95441246032715
2026-03-06,18.660144805908203
2026-03-09,18.481197357177734
2026-03-10,18.668500900268555
2026-03-11,18.331754684448242
2026-03-12,18.393659591674805
2026-03-13,18.44158363342285
2026-03-16,18.403642654418945
2026-03-17,18.49150848388672
2026-03-18,18.333749771118164
2026-03-19,17.88644027709961
2026-03-20,17.610864639282227
2026-03-23,17.65879249572754
2026-03-24,17.804567337036133
2026-03-25,18.229909896850586
2026-03-26,18.07415008544922
2026-03-27,17.946348190307617
2026-03-30,18.112091064453125
2026-03-31,18.35771369934082
2026-04-01,18.53144645690918
2026-04-02,18.55740737915039
2026-04-07,18.415624618530273
2026-04-08,18.75310516357422
2026-04-09,18.733135223388672
2026-04-10,18.882905960083008
2026-04-13,18.886898040771484
2026-04-14,19.18444061279297
2026-04-15,19.20241355895996
2026-04-16,19.164470672607422
2026-04-17,19.469999313354492
2026-04-20,19.332000732421875
2026-04-21,19.195999145507812
2026-04-22,19.02400016784668
2026-04-23,19.076000213623047
2026-04-24,18.917999267578125
2026-04-27,18.90399932861328
2026-04-28,18.856000900268555
2026-04-29,18.70400047302246
2026-04-30,18.874000549316406
2026-05-04,18.757999420166016
2026-05-05,18.93000030517578
2026-05-06,19.170000076293945
2026-05-07,18.95199966430664
2026-05-08,18.899999618530273
2026-05-11,18.889999389648438
2026-05-12,18.700000762939453
2026-05-13,18.860000610351562
2026-05-15,18.878000259399414
2026-05-18,18.979999542236328
2026-05-19,19.034000396728516
2026-05-20,19.27199935913086
2026-05-21,19.29400062561035
2026-05-22,19.31800079345703
2026-05-26,19.38599967956543
2026-05-27,19.392000198364258
2026-05-28,19.281999588012695
2026-05-29,19.513999938964844
2026-06-01,19.18000030517578
2026-06-02,19.280000686645508
2026-06-03,19.083999633789062
2026-06-04,19.172000885009766
2026-06-05,19.263999938964844
2026-06-08,19.13599967956543
2026-06-09,19.32200050354004
2026-06-10,19.354000091552734
2026-06-11,19.445999145507812
2026-06-12,19.642000198364258
2026-06-15,19.673999786376953
2026-06-16,19.709999084472656
2026-06-17,19.68199920654297
2026-06-18,19.823999404907227
2026-06-19,19.829999923706055
2026-06-22,19.95199966430664
2026-06-23,19.97599983215332
2026-06-24,20.295000076293945
2026-06-25,20.43000030517578
2026-06-26,20.229999542236328
2026-06-29,20.344999313354492
2026-06-30,20.344999313354492
2026-07-01,20.235000610351562
