,CSBGC0.SW
2016-07-01,103.16962432861328
2016-07-04,103.17767333984375
2016-07-05,102.84841918945312
2016-07-06,102.84040069580078
2016-07-07,102.99295806884766
2016-07-08,103.03312683105469
2016-07-11,103.42662048339844
2016-07-12,103.02509307861328
2016-07-13,102.7440185546875
2016-07-14,102.31037139892578
2016-07-15,102.65569305419922
2016-07-18,102.70384216308594
2016-07-19,102.21768951416016
2016-07-20,102.26631164550781
2016-07-21,102.06375122070312
2016-07-22,102.00701904296875
2016-07-25,102.15287780761719
2016-07-26,102.07185363769531
2016-07-27,102.13667297363281
2016-07-28,102.34732818603516
2016-07-29,102.67143249511719
2016-08-02,101.91788482666016
2016-08-03,102.16098022460938
2016-08-04,102.37166595458984
2016-08-05,102.3149185180664
2016-08-08,102.38785552978516
2016-08-09,102.3635482788086
2016-08-10,102.7848892211914
2016-08-11,102.62285614013672
2016-08-12,102.7848892211914
2016-08-15,102.26631164550781
2016-08-16,102.144775390625
2016-08-17,101.75585174560547
2016-08-18,102.21768951416016
2016-08-19,102.06375122070312
2016-08-22,101.94219207763672
2016-08-23,102.26631164550781
2016-08-24,102.21768951416016
2016-08-25,102.18528747558594
2016-08-26,102.16098022460938
2016-08-29,102.02323913574219
2016-08-30,101.7882308959961
2016-08-31,101.53705596923828
2016-09-01,101.5532455444336
2016-09-02,101.56137084960938
2016-09-05,101.59375762939453
2016-09-06,102.03943634033203
2016-09-07,102.19339752197266
2016-09-08,101.92597198486328
2016-09-09,101.36688232421875
2016-09-12,100.94556427001953
2016-09-13,100.94556427001953
2016-09-14,100.73487091064453
2016-09-15,100.51608276367188
2016-09-16,100.65384674072266
2016-09-19,100.80778503417969
2016-09-20,101.14810180664062
2016-09-21,101.01848602294922
2016-09-22,101.03466033935547
2016-09-23,101.4236068725586
2016-09-26,101.7801513671875
2016-09-27,102.03130340576172
2016-09-28,101.99082946777344
2016-09-29,101.91788482666016
2016-09-30,102.34732818603516
2016-10-03,102.33924102783203
2016-10-04,102.24201202392578
2016-10-05,101.49654388427734
2016-10-06,101.73152160644531
2016-10-07,101.92597198486328
2016-10-10,101.6990966796875
2016-10-11,101.61808013916016
2016-10-12,101.28585052490234
2016-10-13,101.68290710449219
2016-10-14,101.36688232421875
2016-10-17,101.28585052490234
2016-10-18,101.45603942871094
2016-10-19,101.36688232421875
2016-10-20,101.57757568359375
2016-10-21,101.57757568359375
2016-10-24,101.27776336669922
2016-10-25,101.31825256347656
2016-10-26,100.86450958251953
2016-10-27,100.63763427734375
2016-10-28,100.47557067871094
2016-10-31,100.64571380615234
2016-11-01,100.18386840820312
2016-11-02,100.32161712646484
2016-11-03,99.94888305664062
2016-11-04,99.94888305664062
2016-11-07,99.8111343383789
2016-11-08,99.84355926513672
2016-11-09,100.31352233886719
2016-11-10,98.59571838378906
2016-11-11,98.69294738769531
2016-11-14,98.0123062133789
2016-11-15,98.1824722290039
2016-11-16,97.8826675415039
2016-11-17,97.8826675415039
2016-11-18,98.08524322509766
2016-11-21,98.20674896240234
2016-11-22,98.28778076171875
2016-11-23,98.4012451171875
2016-11-24,98.12577056884766
2016-11-25,98.44986724853516
2016-11-28,98.3769302368164
2016-11-29,98.36072540283203
2016-11-30,98.0528335571289
2016-12-01,97.76920318603516
2016-12-02,97.73682403564453
2016-12-05,97.74490356445312
2016-12-06,97.55042266845703
2016-12-07,97.77731323242188
2016-12-08,97.28302764892578
2016-12-09,97.30735778808594
2016-12-12,96.78877258300781
2016-12-13,97.03997802734375
2016-12-14,97.5018310546875
2016-12-15,97.3316650390625
2016-12-16,97.39649963378906
2016-12-19,97.43700408935547
2016-12-20,97.57473754882812
2016-12-21,97.69629669189453
2016-12-22,97.87454986572266
2016-12-23,98.04471588134766
2016-12-27,98.36884307861328
2016-12-28,98.4174575805664
2016-12-29,98.4174575805664
2016-12-30,98.75776672363281
2017-01-03,98.14196014404297
2017-01-04,98.77397918701172
2017-01-05,98.6524429321289
2017-01-06,98.9522476196289
2017-01-09,98.7415771484375
2017-01-10,98.94410705566406
2017-01-11,99.24394989013672
2017-01-12,98.83880615234375
2017-01-13,98.83880615234375
2017-01-16,98.81449127197266
2017-01-17,99.05140686035156
2017-01-18,98.77365112304688
2017-01-19,98.36517333984375
2017-01-20,98.03018951416016
2017-01-23,98.18540954589844
2017-01-24,98.34880828857422
2017-01-25,97.75241088867188
2017-01-26,97.7360610961914
2017-01-27,98.05469512939453
2017-01-30,98.08734893798828
2017-01-31,97.66255187988281
2017-02-01,97.38475036621094
2017-02-02,97.77690124511719
2017-02-03,97.81775665283203
2017-02-06,97.84229278564453
2017-02-07,98.10370635986328
2017-02-08,98.32429504394531
2017-02-09,98.29161834716797
2017-02-10,98.29161834716797
2017-02-13,98.31611633300781
2017-02-14,98.36517333984375
2017-02-15,97.85042572021484
2017-02-16,98.22625732421875
2017-02-17,98.6265869140625
2017-02-20,98.56122589111328
2017-02-21,98.56122589111328
2017-02-22,98.60206604003906
2017-02-23,99.05140686035156
2017-02-24,99.34552764892578
2017-02-27,99.3210220336914
2017-02-28,99.23116302490234
2017-03-01,99.17395782470703
2017-03-02,98.9697265625
2017-03-03,98.60206604003906
2017-03-06,98.45500183105469
2017-03-07,98.39781951904297
2017-03-08,97.86676788330078
2017-03-09,97.36843872070312
2017-03-10,97.22138977050781
2017-03-13,97.23770904541016
2017-03-14,97.31940460205078
2017-03-15,97.4991455078125
2017-03-16,97.62166595458984
2017-03-17,97.65435791015625
2017-03-20,97.66255187988281
2017-03-21,97.54000091552734
2017-03-22,97.45012664794922
2017-03-23,97.47463989257812
2017-03-24,97.40111541748047
2017-03-27,97.74424743652344
2017-03-28,97.89946746826172
2017-03-29,98.59392547607422
2017-03-30,98.59392547607422
2017-03-31,98.2017593383789
2017-04-03,98.23442840576172
2017-04-04,98.7000961303711
2017-04-05,98.47953033447266
2017-04-06,98.78999328613281
2017-04-07,98.92070770263672
2017-04-10,99.0432357788086
2017-04-11,98.9533920288086
2017-04-12,98.7000961303711
2017-04-13,99.1903076171875
2017-04-18,99.26384735107422
2017-04-19,99.13311004638672
2017-04-20,99.23116302490234
2017-04-21,99.01870727539062
2017-04-24,98.2752914428711
2017-04-25,98.39781951904297
2017-04-26,97.948486328125
2017-04-27,98.0792236328125
2017-04-28,98.1527328491211
2017-05-02,98.34880828857422
2017-05-03,98.2017593383789
2017-05-04,97.80143737792969
2017-05-05,97.85042572021484
2017-05-08,97.98117065429688
2017-05-09,97.45830535888672
2017-05-10,97.67070007324219
2017-05-11,97.61355590820312
2017-05-12,98.0792236328125
2017-05-15,97.83409118652344
2017-05-16,97.72789764404297
2017-05-17,98.32429504394531
2017-05-18,98.29977416992188
2017-05-19,98.26710510253906
2017-05-22,98.14456176757812
2017-05-23,98.05469512939453
2017-05-24,98.44685363769531
2017-05-26,98.6429443359375
2017-05-29,98.44685363769531
2017-05-30,98.78999328613281
2017-05-31,99.05958557128906
2017-06-01,99.0432357788086
2017-06-02,98.76547241210938
2017-06-06,99.10859680175781
2017-06-07,98.78182220458984
2017-06-08,99.1657943725586
2017-06-09,98.92887878417969
2017-06-12,98.9697265625
2017-06-13,98.8553466796875
2017-06-14,98.92887878417969
2017-06-15,98.9860610961914
2017-06-16,98.9860610961914
2017-06-19,98.66742706298828
2017-06-20,98.88800811767578
2017-06-21,98.9615478515625
2017-06-22,98.60206604003906
2017-06-23,98.88800811767578
2017-06-26,98.58572387695312
2017-06-27,98.55304718017578
2017-06-28,97.87496948242188
2017-06-29,98.03833770751953
2017-06-30,97.67070007324219
2017-07-03,97.78510284423828
2017-07-04,97.78510284423828
2017-07-05,97.68704986572266
2017-07-06,97.2540512084961
2017-07-07,97.27857208251953
2017-07-10,97.27857208251953
2017-07-11,97.18053436279297
2017-07-12,96.91908264160156
2017-07-13,96.87007141113281
2017-07-14,96.87007141113281
2017-07-17,97.40111541748047
2017-07-18,97.09632110595703
2017-07-19,97.61528015136719
2017-07-20,97.43404388427734
2017-07-21,97.24458312988281
2017-07-24,97.35990905761719
2017-07-25,96.73384857177734
2017-07-26,96.8244857788086
2017-07-27,97.17047119140625
2017-07-28,96.90682983398438
2017-07-31,97.11277770996094
2017-08-02,97.50818634033203
2017-08-03,97.88712310791016
2017-08-04,98.0518798828125
2017-08-07,98.01069641113281
2017-08-08,98.19189453125
2017-08-09,98.66144561767578
2017-08-10,98.6037826538086
2017-08-11,98.80972290039062
2017-08-14,98.87561798095703
2017-08-15,98.87561798095703
2017-08-16,98.28252410888672
2017-08-17,98.28252410888672
2017-08-18,98.55437469482422
2017-08-21,98.71910858154297
2017-08-22,98.7850112915039
2017-08-23,98.80972290039062
2017-08-24,98.90857696533203
2017-08-25,98.86737060546875
2017-08-28,98.75206756591797
2017-08-29,98.82621002197266
2017-08-30,98.77677917480469
2017-08-31,98.80972290039062
2017-09-01,98.70264434814453
2017-09-04,98.68617248535156
2017-09-05,98.81797790527344
2017-09-06,98.64498138427734
2017-09-07,98.90033721923828
2017-09-08,98.8921127319336
2017-09-11,98.77677917480469
2017-09-12,98.13424682617188
2017-09-13,98.21661376953125
2017-09-14,97.89534759521484
2017-09-15,97.94477081298828
2017-09-18,97.7470703125
2017-09-19,97.80473327636719
2017-09-20,97.78826904296875
2017-09-21,97.67293548583984
2017-09-22,97.70588684082031
2017-09-25,97.86241912841797
2017-09-26,97.8294677734375
2017-09-27,97.44229888916016
2017-09-28,97.3846435546875
2017-09-29,97.54114532470703
2017-10-02,97.62352752685547
2017-10-03,97.3846435546875
2017-10-04,97.20337677001953
2017-10-05,97.56584930419922
2017-10-06,97.24458312988281
2017-10-09,97.8294677734375
2017-10-10,97.64825439453125
2017-10-11,97.62352752685547
2017-10-12,97.61528015136719
2017-10-13,97.77179718017578
2017-10-16,97.93653869628906
2017-10-17,97.77179718017578
2017-10-18,98.01891326904297
2017-10-19,98.01891326904297
2017-10-20,97.67293548583984
2017-10-23,97.76355743408203
2017-10-24,97.53290557861328
2017-10-25,97.41756439208984
2017-10-26,97.6564712524414
2017-10-27,97.7306137084961
2017-10-30,97.82122039794922
2017-10-31,98.13424682617188
2017-11-01,98.01891326904297
2017-11-02,98.0518798828125
2017-11-03,97.94477081298828
2017-11-06,98.31549072265625
2017-11-07,98.4061050415039
2017-11-08,98.58731842041016
2017-11-09,98.06011199951172
2017-11-10,98.06011199951172
2017-11-13,98.01069641113281
2017-11-14,98.1754379272461
2017-11-15,98.29901885986328
2017-11-16,98.01891326904297
2017-11-17,98.03538513183594
2017-11-20,98.19189453125
2017-11-21,98.6202621459961
2017-11-22,98.55437469482422
2017-11-23,98.2742919921875
2017-11-24,98.50495147705078
2017-11-27,98.50495147705078
2017-11-28,98.4637451171875
2017-11-29,98.22486877441406
2017-11-30,98.0518798828125
2017-12-01,98.22486877441406
2017-12-04,98.5625991821289
2017-12-05,98.48844146728516
2017-12-06,98.6367416381836
2017-12-07,98.90033721923828
2017-12-08,98.90857696533203
2017-12-11,98.97447204589844
2017-12-12,98.76854705810547
2017-12-13,98.80149841308594
2017-12-14,98.5955581665039
2017-12-15,99.00743865966797
2017-12-18,98.85093688964844
2017-12-19,98.7850112915039
2017-12-20,98.31549072265625
2017-12-21,98.53787994384766
2017-12-22,98.26604461669922
2017-12-27,98.6202621459961
2017-12-28,98.68617248535156
2017-12-29,98.24132537841797
2018-01-03,98.6367416381836
2018-01-04,98.71910858154297
2018-01-05,98.57084655761719
2018-01-08,98.8344497680664
2018-01-09,98.6367416381836
2018-01-10,98.25782012939453
2018-01-11,97.87889099121094
2018-01-12,97.4834976196289
2018-01-15,97.71412658691406
2018-01-16,97.89693450927734
2018-01-17,97.91352844238281
2018-01-18,97.81383514404297
2018-01-19,97.76399230957031
2018-01-22,97.58120727539062
2018-01-23,97.4482421875
2018-01-24,97.33190155029297
2018-01-25,97.01618194580078
2018-01-26,97.19895935058594
2018-01-29,96.56748962402344
2018-01-30,96.8333511352539
2018-01-31,96.61734771728516
2018-02-01,96.63396453857422
2018-02-02,96.218505859375
2018-02-05,96.25172424316406
2018-02-06,96.48439025878906
2018-02-07,96.0855484008789
2018-02-08,95.88615417480469
2018-02-09,96.13540649414062
2018-02-12,96.03572082519531
2018-02-13,96.16864776611328
2018-02-14,96.0689468383789
2018-02-15,95.90275573730469
2018-02-16,96.25172424316406
2018-02-19,96.218505859375
2018-02-20,96.35144805908203
2018-02-21,96.5841064453125
2018-02-22,96.33482360839844
2018-02-23,96.75027465820312
2018-02-26,96.8001480102539
2018-02-27,96.8333511352539
2018-02-28,97.06605529785156
2018-03-01,97.18235778808594
2018-03-02,97.18235778808594
2018-03-05,97.19895935058594
2018-03-06,96.86661529541016
2018-03-07,96.84999084472656
2018-03-08,96.70042419433594
2018-03-09,96.86661529541016
2018-03-12,96.94969940185547
2018-03-13,96.81675720214844
2018-03-14,96.78352355957031
2018-03-15,96.89983367919922
2018-03-16,96.8333511352539
2018-03-19,96.78352355957031
2018-03-20,96.76691436767578
2018-03-21,96.96630859375
2018-03-22,97.11585235595703
2018-03-23,97.14911651611328
2018-03-26,97.13249969482422
2018-03-27,97.06605529785156
2018-03-28,97.36514282226562
2018-03-29,97.33190155029297
2018-04-03,97.54794311523438
2018-04-04,97.79722595214844
2018-04-05,97.28207397460938
2018-04-06,97.53131866455078
2018-04-09,97.41500854492188
2018-04-10,97.31527709960938
2018-04-11,97.63101959228516
2018-04-12,97.38176727294922
2018-04-13,97.29869079589844
2018-04-16,97.38176727294922
2018-04-17,97.21559143066406
2018-04-18,97.19895935058594
2018-04-19,96.63396453857422
2018-04-20,96.56748962402344
2018-04-23,96.43453216552734
2018-04-24,96.38468933105469
2018-04-25,96.1852798461914
2018-04-26,96.50101470947266
2018-04-27,96.93309020996094
2018-04-30,96.99955749511719
2018-05-02,96.66719055175781
2018-05-03,97.23221588134766
2018-05-04,97.31527709960938
2018-05-07,97.24881744384766
2018-05-08,97.28207397460938
2018-05-09,97.06605529785156
2018-05-11,97.21559143066406
2018-05-14,96.73365783691406
2018-05-15,96.25172424316406
2018-05-16,96.25172424316406
2018-05-17,96.13540649414062
2018-05-18,96.35144805908203
2018-05-22,96.73365783691406
2018-05-23,96.9829330444336
2018-05-24,97.0992660522461
2018-05-25,97.26544189453125
2018-05-28,97.98001098632812
2018-05-29,98.47856140136719
2018-05-30,98.42871856689453
2018-05-31,98.09632873535156
2018-06-01,97.84707641601562
2018-06-04,97.93016052246094
2018-06-05,98.12958526611328
2018-06-06,97.19895935058594
2018-06-07,97.0826187133789
2018-06-08,97.26544189453125
2018-06-11,97.01618194580078
2018-06-12,97.01618194580078
2018-06-13,97.01618194580078
2018-06-14,97.56455993652344
2018-06-15,97.88031005859375
2018-06-18,97.88031005859375
2018-06-19,97.73074340820312
2018-06-20,97.63101959228516
2018-06-21,98.02986907958984
2018-06-22,97.99664306640625
2018-06-25,98.04647064208984
2018-06-26,97.76399230957031
2018-06-27,97.76399230957031
2018-06-28,98.16281127929688
2018-06-29,98.0630874633789
2018-07-02,98.37884521484375
2018-07-03,98.16281127929688
2018-07-04,98.49518585205078
2018-07-05,98.46194458007812
2018-07-06,98.27913665771484
2018-07-09,97.99664306640625
2018-07-10,97.89693450927734
2018-07-11,97.98001098632812
2018-07-12,98.02986907958984
2018-07-13,98.17943572998047
2018-07-16,97.93016052246094
2018-07-17,97.64522552490234
2018-07-18,98.01395416259766
2018-07-19,98.06425476074219
2018-07-20,97.99720764160156
2018-07-23,97.8296127319336
2018-07-24,97.77932739257812
2018-07-25,97.5614242553711
2018-07-26,97.89665222167969
2018-07-27,97.71227264404297
2018-07-30,97.3770751953125
2018-07-31,97.31005096435547
2018-08-02,97.46088409423828
2018-08-03,97.41059875488281
2018-08-06,97.7625732421875
2018-08-07,97.7625732421875
2018-08-08,97.52792358398438
2018-08-09,97.93016052246094
2018-08-10,98.11453247070312
2018-08-13,98.13128662109375
2018-08-14,98.19831848144531
2018-08-15,98.3826904296875
2018-08-16,98.43297576904297
2018-08-17,98.53353881835938
2018-08-20,98.6005859375
2018-08-21,98.3659439086914
2018-08-22,98.5000228881836
2018-08-23,98.5000228881836
2018-08-24,98.3659439086914
2018-08-27,98.265380859375
2018-08-28,98.18156433105469
2018-08-29,98.18156433105469
2018-08-30,98.23184204101562
2018-08-31,98.3156509399414
2018-09-03,98.19831848144531
2018-09-04,97.9468994140625
2018-09-05,98.08099365234375
2018-09-06,98.13128662109375
2018-09-07,97.7625732421875
2018-09-10,97.87989044189453
2018-09-11,97.4273452758789
2018-09-12,97.52792358398438
2018-09-13,97.77932739257812
2018-09-14,97.62847900390625
2018-09-17,97.20946502685547
2018-09-18,97.29326629638672
2018-09-19,97.12567901611328
2018-09-20,96.92457580566406
2018-09-21,96.89103698730469
2018-09-24,96.85751342773438
2018-09-25,96.87428283691406
2018-09-26,96.80724334716797
2018-09-27,96.80724334716797
2018-09-28,96.84075164794922
2018-10-01,96.94131469726562
2018-10-02,97.09214782714844
2018-10-03,96.89103698730469
2018-10-04,96.82398986816406
2018-10-05,96.57259368896484
2018-10-08,96.67317962646484
2018-10-09,96.50553894042969
2018-10-10,96.3882064819336
2018-10-11,96.23737335205078
2018-10-12,96.27088165283203
2018-10-15,96.60611724853516
2018-10-16,96.6563949584961
2018-10-17,96.68991088867188
2018-10-18,96.92457580566406
2018-10-19,97.12567901611328
2018-10-22,96.80724334716797
2018-10-23,97.04187774658203
2018-10-24,97.3603286743164
2018-10-25,97.4273452758789
2018-10-26,97.5614242553711
2018-10-29,97.39384460449219
2018-10-30,97.5614242553711
2018-10-31,97.25975036621094
2018-11-01,97.19271087646484
2018-11-02,97.09214782714844
2018-11-05,97.10892486572266
2018-11-06,97.29326629638672
2018-11-07,97.09214782714844
2018-11-08,96.79045104980469
2018-11-09,97.24298858642578
2018-11-12,97.09214782714844
2018-11-13,97.29326629638672
2018-11-14,97.3267822265625
2018-11-15,97.59495544433594
2018-11-16,97.24298858642578
2018-11-19,97.25975036621094
2018-11-20,97.4273452758789
2018-11-21,97.66200256347656
2018-11-22,97.54468536376953
2018-11-23,97.99720764160156
2018-11-26,97.91339111328125
2018-11-27,98.01395416259766
2018-11-28,97.69552612304688
2018-11-29,98.08099365234375
2018-11-30,98.19831848144531
2018-12-03,98.13128662109375
2018-12-04,98.46649932861328
2018-12-05,98.5000228881836
2018-12-06,98.7178955078125
2018-12-07,98.78494262695312
2018-12-10,98.81844329833984
2018-12-11,98.3826904296875
2018-12-12,98.63410186767578
2018-12-13,98.55030059814453
2018-12-14,98.70115661621094
2018-12-17,98.55030059814453
2018-12-18,98.63410186767578
2018-12-19,99.00282287597656
2018-12-20,99.30451202392578
2018-12-21,99.1536636352539
2018-12-27,99.58943176269531
2018-12-28,99.58943176269531
2019-01-03,100.1089859008789
2019-01-04,99.80731201171875
2019-01-07,99.67322540283203
2019-01-08,99.3212661743164
2019-01-09,99.25422668457031
2019-01-10,99.25422668457031
2019-01-11,99.1201400756836
2019-01-14,99.42182922363281
2019-01-15,99.47256469726562
2019-01-16,99.28657531738281
2019-01-17,99.30347442626953
2019-01-18,98.8469467163086
2019-01-21,99.16822052001953
2019-01-22,99.2696533203125
2019-01-23,99.37109375
2019-01-24,99.79383087158203
2019-01-25,99.32038879394531
2019-01-28,99.48945617675781
2019-01-29,99.60781860351562
2019-01-30,99.96289825439453
2019-01-31,100.28414916992188
2019-02-01,100.04743194580078
2019-02-04,99.9291000366211
2019-02-05,99.96289825439453
2019-02-06,100.04743194580078
2019-02-07,100.35177612304688
2019-02-08,100.4870376586914
2019-02-11,100.58850860595703
2019-02-12,100.11507415771484
2019-02-13,100.26724243164062
2019-02-14,100.52086639404297
2019-02-15,100.622314453125
2019-02-18,100.28414916992188
2019-02-19,100.52086639404297
2019-02-20,100.65615844726562
2019-02-21,100.5546875
2019-02-22,100.65615844726562
2019-02-25,100.31796264648438
2019-02-26,100.63922882080078
2019-02-27,100.31796264648438
2019-02-28,99.96289825439453
2019-03-01,99.96289825439453
2019-03-04,99.7599868774414
2019-03-05,99.94598388671875
2019-03-06,100.28414916992188
2019-03-07,100.5546875
2019-03-08,101.06196594238281
2019-03-11,101.07886505126953
2019-03-12,100.99430084228516
2019-03-13,100.74069213867188
2019-03-14,100.84214782714844
2019-03-15,100.75758361816406
2019-03-18,100.92666625976562
2019-03-19,100.43634033203125
2019-03-20,100.87596130371094
2019-03-21,101.29865264892578
2019-03-22,101.87355041503906
2019-03-25,101.7044677734375
2019-03-26,101.4170150756836
2019-03-27,101.87355041503906
2019-03-28,101.53538513183594
2019-03-29,101.19723510742188
2019-04-01,100.70687866210938
2019-04-02,101.06196594238281
2019-04-03,100.57161712646484
2019-04-04,100.68997192382812
2019-04-05,100.40251159667969
2019-04-08,100.4870376586914
2019-04-09,100.38560485839844
2019-04-10,100.45323181152344
2019-04-11,100.58850860595703
2019-04-12,100.40251159667969
2019-04-15,100.1996078491211
2019-04-16,100.1996078491211
2019-04-17,99.9967041015625
2019-04-18,100.28414916992188
2019-04-23,100.45323181152344
2019-04-24,100.84214782714844
2019-04-25,100.75758361816406
2019-04-26,100.75758361816406
2019-04-29,100.52086639404297
2019-04-30,100.21652221679688
2019-05-02,100.65615844726562
2019-05-03,100.38560485839844
2019-05-06,100.70687866210938
2019-05-07,100.63922882080078
2019-05-08,100.99430084228516
2019-05-09,100.79142761230469
2019-05-10,101.02812957763672
2019-05-13,101.12957763671875
2019-05-14,101.0450439453125
2019-05-15,101.61991119384766
2019-05-16,101.3493881225586
2019-05-17,101.48465728759766
2019-05-20,101.38320922851562
2019-05-21,100.94359588623047
2019-05-22,101.38320922851562
2019-05-23,101.58612060546875
2019-05-24,101.78902435302734
2019-05-27,101.56919860839844
2019-05-28,101.67064666748047
2019-05-29,102.14409637451172
2019-05-31,102.34697723388672
2019-06-03,102.29627990722656
2019-06-04,102.29627990722656
2019-06-05,102.53299713134766
2019-06-06,102.63444519042969
2019-06-07,102.58370208740234
2019-06-11,102.3977279663086
2019-06-12,102.24552917480469
2019-06-13,102.09336853027344
2019-06-14,102.2286148071289
2019-06-17,102.31317138671875
2019-06-18,102.68515014648438
2019-06-19,102.56681060791016
2019-06-20,102.4991683959961
2019-06-21,102.27935791015625
2019-06-24,102.70207214355469
2019-06-25,102.60062408447266
2019-06-26,102.68515014648438
2019-06-27,102.58370208740234
2019-06-28,102.92188262939453
2019-07-01,103.02332305908203
2019-07-02,102.92188262939453
2019-07-03,103.69966888427734
2019-07-04,104.00401306152344
2019-07-05,103.63204193115234
2019-07-08,103.73348236083984
2019-07-09,103.41224670410156
2019-07-10,102.93880462646484
2019-07-11,102.6175308227539
2019-07-12,102.262451171875
2019-07-15,102.76970672607422
2019-07-16,102.85498046875
2019-07-17,103.2472915649414
2019-07-18,103.2472915649414
2019-07-19,103.60550689697266
2019-07-22,103.65667724609375
2019-07-23,103.759033203125
2019-07-24,103.96370697021484
2019-07-25,104.0660629272461
2019-07-26,103.9978256225586
2019-07-29,104.54366302490234
2019-07-30,104.37307739257812
2019-07-31,104.9700698852539
2019-08-02,105.63530731201172
2019-08-05,106.0105972290039
2019-08-06,105.99349975585938
2019-08-07,107.17047882080078
2019-08-08,106.64169311523438
2019-08-09,106.96577453613281
2019-08-12,107.01695251464844
2019-08-13,107.323974609375
2019-08-14,107.83570098876953
2019-08-15,108.33037567138672
2019-08-16,108.67151641845703
2019-08-19,107.9209976196289
2019-08-20,108.38152313232422
2019-08-21,107.40927124023438
2019-08-22,106.60755157470703
2019-08-23,106.74404907226562
2019-08-26,106.8293228149414
2019-08-27,107.4604263305664
2019-08-28,107.8868637084961
2019-08-29,107.4604263305664
2019-08-30,107.75041198730469
2019-09-02,107.57984161376953
2019-09-03,107.71630096435547
2019-09-04,107.22164154052734
2019-09-05,106.47112274169922
2019-09-06,106.60755157470703
2019-09-09,106.24937438964844
2019-09-10,106.0105972290039
2019-09-11,105.37945556640625
2019-09-12,104.90185546875
2019-09-13,104.28778839111328
2019-09-16,104.47543334960938
2019-09-17,104.68009948730469
2019-09-18,105.19181060791016
2019-09-19,104.64599609375
2019-09-20,104.73129272460938
2019-09-23,105.37945556640625
2019-09-24,105.37945556640625
2019-09-25,105.58414459228516
2019-09-26,105.39652252197266
2019-09-27,105.26007080078125
2019-09-30,104.69717407226562
2019-10-01,104.66305541992188
2019-10-02,104.56070709228516
2019-10-03,105.26007080078125
2019-10-04,105.39652252197266
2019-10-07,105.19181060791016
2019-10-08,105.20886993408203
2019-10-09,104.93595886230469
2019-10-10,104.35603332519531
2019-10-11,103.50316619873047
2019-10-14,104.03193664550781
2019-10-15,103.87842559814453
2019-10-16,103.38375854492188
2019-10-17,103.28142547607422
2019-10-18,103.19615173339844
2019-10-21,102.51383209228516
2019-10-22,103.11083984375
2019-10-23,103.33261108398438
2019-10-24,103.23025512695312
2019-10-25,103.09379577636719
2019-10-28,102.34326934814453
2019-10-29,102.54795837402344
2019-10-30,102.2750473022461
2019-10-31,103.05968475341797
2019-11-01,102.34326934814453
2019-11-04,102.12152099609375
2019-11-05,101.8827133178711
2019-11-06,101.59276580810547
2019-11-07,101.28572082519531
2019-11-08,101.23454284667969
2019-11-11,101.45631408691406
2019-11-12,101.0639877319336
2019-11-13,101.91683959960938
2019-11-14,102.44562530517578
2019-11-15,102.44562530517578
2019-11-18,102.56501007080078
2019-11-19,102.6161880493164
2019-11-20,102.54795837402344
2019-11-21,102.44562530517578
2019-11-22,102.82087707519531
2019-11-25,103.12789154052734
2019-11-26,103.23025512695312
2019-11-27,103.43494415283203
2019-11-28,103.23025512695312
2019-11-29,103.36669158935547
2019-12-02,103.1790771484375
2019-12-03,103.36669158935547
2019-12-04,103.33261108398438
2019-12-05,103.31554412841797
2019-12-06,103.05968475341797
2019-12-09,103.09379577636719
2019-12-10,102.83793640136719
2019-12-11,103.19615173339844
2019-12-12,102.75265502929688
2019-12-13,102.95735168457031
2019-12-16,102.83793640136719
2019-12-17,102.76969909667969
2019-12-18,102.9402847290039
2019-12-19,102.54795837402344
2019-12-20,102.32621002197266
2019-12-23,102.63323974609375
2019-12-27,102.42855834960938
2019-12-30,101.89979553222656
2020-01-03,102.71855163574219
2020-01-06,103.26435852050781
2020-01-07,103.26435852050781
2020-01-08,103.02556610107422
2020-01-09,102.73558807373047
2020-01-10,102.42855834960938
2020-01-13,102.4968032836914
2020-01-14,102.63323974609375
2020-01-15,103.0426254272461
2020-01-16,103.23025512695312
2020-01-17,103.31554412841797
2020-01-20,103.33261108398438
2020-01-21,103.77984619140625
2020-01-22,103.883056640625
2020-01-23,103.98628997802734
2020-01-24,104.41632843017578
2020-01-27,104.57112884521484
2020-01-28,104.2787094116211
2020-01-29,104.65715026855469
2020-01-30,104.65715026855469
2020-01-31,104.89799499511719
2020-02-03,104.77758026123047
2020-02-04,104.51953125
2020-02-05,103.9346694946289
2020-02-06,104.07228088378906
2020-02-07,104.31312561035156
2020-02-10,104.34752655029297
2020-02-11,104.45072937011719
2020-02-12,103.98628997802734
2020-02-13,104.41632843017578
2020-02-14,104.51953125
2020-02-17,104.50232696533203
2020-02-18,104.38191986083984
2020-02-19,104.50232696533203
2020-02-20,104.82917022705078
2020-02-21,104.98397827148438
2020-02-24,105.07000732421875
2020-02-25,105.44844055175781
2020-02-26,105.3280258178711
2020-02-27,105.75806427001953
2020-02-28,105.44844055175781
2020-03-02,106.0333023071289
2020-03-03,105.34524536132812
2020-03-04,105.3280258178711
2020-03-05,105.50006866455078
2020-03-06,105.56885528564453
2020-03-09,107.09983825683594
2020-03-10,106.2225341796875
2020-03-11,105.96448516845703
2020-03-12,105.39683532714844
2020-03-13,103.69384002685547
2020-03-16,102.64449310302734
2020-03-17,102.3520736694336
2020-03-18,101.88761901855469
2020-03-19,100.01261138916016
2020-03-20,100.8727035522461
2020-03-23,100.95872497558594
2020-03-24,101.30277252197266
2020-03-25,100.99312591552734
2020-03-26,101.25113677978516
2020-03-27,101.87042999267578
2020-03-30,102.1628646850586
2020-03-31,101.92201232910156
2020-04-01,101.38876342773438
2020-04-02,101.75000762939453
2020-04-03,101.56078338623047
2020-04-06,100.64906311035156
2020-04-07,100.76948547363281
2020-04-08,100.02981567382812
2020-04-09,101.37156677246094
2020-04-14,101.7155990600586
2020-04-15,102.0252456665039
2020-04-16,101.59518432617188
2020-04-17,101.95643615722656
2020-04-20,102.54129028320312
2020-04-21,102.11123657226562
2020-04-22,102.05964660644531
2020-04-23,101.97364044189453
2020-04-24,102.18006134033203
2020-04-27,102.0252456665039
2020-04-28,102.1284408569336
2020-04-29,102.47249603271484
2020-04-30,103.05735778808594
2020-05-04,102.69610595703125
2020-05-05,102.71332550048828
2020-05-06,102.71332550048828
2020-05-07,102.71332550048828
2020-05-08,102.69610595703125
2020-05-11,102.69610595703125
2020-05-12,102.97136688232422
2020-05-13,102.85094451904297
2020-05-14,102.76492309570312
2020-05-15,102.71332550048828
2020-05-18,103.00575256347656
2020-05-19,102.73051452636719
2020-05-20,102.47249603271484
2020-05-22,102.45530700683594
2020-05-25,102.67890930175781
2020-05-26,101.99082946777344
2020-05-27,102.1284408569336
2020-05-28,102.18006134033203
2020-05-29,102.31766510009766
2020-06-02,101.93923950195312
2020-06-03,101.56078338623047
2020-06-04,101.25113677978516
2020-06-05,100.95872497558594
2020-06-08,101.0619125366211
2020-06-09,100.63186645507812
2020-06-10,100.64906311035156
2020-06-11,102.04243469238281
2020-06-12,102.11123657226562
2020-06-15,102.05964660644531
2020-06-16,101.64679718017578
2020-06-17,101.64679718017578
2020-06-18,101.90483093261719
2020-06-19,101.80162048339844
2020-06-22,101.88761901855469
2020-06-23,101.62958526611328
2020-06-24,101.42315673828125
2020-06-25,101.97364044189453
2020-06-26,101.73280334472656
2020-06-29,101.7672119140625
2020-06-30,101.80162048339844
2020-07-01,101.33715057373047
2020-07-02,101.68121337890625
2020-07-03,101.73280334472656
2020-07-06,101.25113677978516
2020-07-07,101.28555297851562
2020-07-08,101.6983871459961
2020-07-09,101.99082946777344
2020-07-10,102.33489227294922
2020-07-13,101.52638244628906
2020-07-14,101.93923950195312
2020-07-15,101.92201232910156
2020-07-16,102.19723510742188
2020-07-17,101.7672119140625
2020-07-20,102.09406280517578
2020-07-21,102.02461242675781
2020-07-22,102.5106201171875
2020-07-23,103.0710678100586
2020-07-24,103.2462158203125
2020-07-27,103.4213638305664
2020-07-28,103.4738998413086
2020-07-29,103.64904022216797
2020-07-30,103.84168243408203
2020-07-31,103.38631439208984
2020-08-03,103.66656494140625
2020-08-04,103.56146240234375
2020-08-05,103.33378601074219
2020-08-06,103.26373291015625
2020-08-07,103.56146240234375
2020-08-10,103.63151550292969
2020-08-11,103.10610961914062
2020-08-12,103.0710678100586
2020-08-13,102.63320922851562
2020-08-14,102.5106201171875
2020-08-17,102.86088562011719
2020-08-18,102.84339904785156
2020-08-19,103.22869873046875
2020-08-20,103.35130310058594
2020-08-21,103.49140930175781
2020-08-24,103.29875946044922
2020-08-25,102.86088562011719
2020-08-26,102.42304992675781
2020-08-27,102.35299682617188
2020-08-28,102.42304992675781
2020-08-31,102.3004379272461
2020-09-01,102.31795501708984
2020-09-02,102.77334594726562
2020-09-03,102.96598815917969
2020-09-04,102.87842559814453
2020-09-07,102.77334594726562
2020-09-08,103.05354309082031
2020-09-09,102.63320922851562
2020-09-10,102.75582122802734
2020-09-11,103.00100708007812
2020-09-14,102.72078704833984
2020-09-15,103.05354309082031
2020-09-16,103.17613983154297
2020-09-17,103.17613983154297
2020-09-18,103.10610961914062
2020-09-21,103.12361907958984
2020-09-22,102.87842559814453
2020-09-23,103.12361907958984
2020-09-24,103.31626892089844
2020-09-25,103.10610961914062
2020-09-28,103.33378601074219
2020-09-29,103.17613983154297
2020-09-30,103.4388656616211
2020-10-01,103.4388656616211
2020-10-02,103.17613983154297
2020-10-05,103.08856964111328
2020-10-06,103.38631439208984
2020-10-07,103.03604888916016
2020-10-08,103.33378601074219
2020-10-09,103.21118927001953
2020-10-12,103.05354309082031
2020-10-13,103.28125
2020-10-14,103.33378601074219
2020-10-15,103.68407440185547
2020-10-16,103.8066635131836
2020-10-19,103.45637512207031
2020-10-20,103.66656494140625
2020-10-21,103.57896423339844
2020-10-22,103.4213638305664
2020-10-23,103.22869873046875
2020-10-26,103.31626892089844
2020-10-27,103.63151550292969
2020-10-28,103.36880493164062
2020-10-29,103.71910095214844
2020-10-30,103.35130310058594
2020-11-02,103.4388656616211
2020-11-03,103.05354309082031
2020-11-04,103.45637512207031
2020-11-05,103.15865325927734
2020-11-06,103.15865325927734
2020-11-09,102.54564666748047
2020-11-10,102.40552520751953
2020-11-11,102.59819030761719
2020-11-12,102.89591979980469
2020-11-13,102.80836486816406
2020-11-16,103.0710678100586
2020-11-17,102.77334594726562
2020-11-18,102.91343688964844
2020-11-19,103.14112854003906
2020-11-20,102.89591979980469
2020-11-23,103.14112854003906
2020-11-24,102.75582122802734
2020-11-25,103.0710678100586
2020-11-26,103.2462158203125
2020-11-27,103.08856964111328
2020-11-30,103.12361907958984
2020-12-01,103.12361907958984
2020-12-02,103.22869873046875
2020-12-03,103.52643585205078
2020-12-04,103.50890350341797
2020-12-07,103.4213638305664
2020-12-08,103.4213638305664
2020-12-09,103.52643585205078
2020-12-10,103.66656494140625
2020-12-11,103.87672424316406
2020-12-14,103.50890350341797
2020-12-15,103.75411987304688
2020-12-16,103.49140930175781
2020-12-17,103.49140930175781
2020-12-18,103.68407440185547
2020-12-21,103.35130310058594
2020-12-22,103.36880493164062
2020-12-23,103.10610961914062
2020-12-28,103.22869873046875
2020-12-29,103.52643585205078
2020-12-30,103.35130310058594
2021-01-04,103.73660278320312
2021-01-05,103.57896423339844
2021-01-06,103.57896423339844
2021-01-07,103.33378601074219
2021-01-08,103.22869873046875
2021-01-11,103.33378601074219
2021-01-12,102.9834976196289
2021-01-13,103.03604888916016
2021-01-14,102.94847106933594
2021-01-15,103.10610961914062
2021-01-18,102.86088562011719
2021-01-19,102.80795288085938
2021-01-20,103.16094970703125
2021-01-21,103.64116668701172
2021-01-22,103.7479019165039
2021-01-25,103.73009490966797
2021-01-26,103.87238311767578
2021-01-27,104.06804656982422
2021-01-28,103.89018249511719
2021-01-29,103.40994262695312
2021-02-01,103.62336730957031
2021-02-02,103.19649505615234
2021-02-03,103.3743667602539
2021-02-04,103.1253662109375
2021-02-05,102.76963806152344
2021-02-08,102.85858154296875
2021-02-09,102.8763656616211
2021-02-10,102.98309326171875
2021-02-11,102.85858154296875
2021-02-12,102.76963806152344
2021-02-15,102.23603820800781
2021-02-16,102.09376525878906
2021-02-17,102.48506164550781
2021-02-18,102.30720520019531
2021-02-19,102.11153411865234
2021-02-22,102.39612579345703
2021-02-23,101.9158935546875
2021-02-24,101.95145416259766
2021-02-25,101.29337310791016
2021-02-26,101.64908599853516
2021-03-01,102.32498168945312
2021-03-02,102.32498168945312
2021-03-03,101.89810943603516
2021-03-04,102.25382995605469
2021-03-05,101.95145416259766
2021-03-08,102.05816650390625
2021-03-09,102.20049285888672
2021-03-10,102.27162170410156
2021-03-11,102.32498168945312
2021-03-12,101.70245361328125
2021-03-15,102.21826934814453
2021-03-16,102.32498168945312
2021-03-17,102.0404052734375
2021-03-18,101.80917358398438
2021-03-19,102.1648941040039
2021-03-22,102.2894058227539
2021-03-23,102.1648941040039
2021-03-24,102.23603820800781
2021-03-25,102.59178924560547
2021-03-26,102.73405456542969
2021-03-29,102.59178924560547
2021-03-30,102.37833404541016
2021-03-31,102.1648941040039
2021-04-01,102.46727752685547
2021-04-06,102.37833404541016
2021-04-07,102.32498168945312
2021-04-08,102.36054229736328
2021-04-09,102.09376525878906
2021-04-12,101.68467712402344
2021-04-13,101.57795715332031
2021-04-14,102.0404052734375
2021-04-15,102.05816650390625
2021-04-16,102.02261352539062
2021-04-19,101.84474182128906
2021-04-20,101.84474182128906
2021-04-21,102.23603820800781
2021-04-22,102.02261352539062
2021-04-23,102.1648941040039
2021-04-26,102.12931823730469
2021-04-27,102.1471176147461
2021-04-28,101.98705291748047
2021-04-29,101.47122955322266
2021-04-30,101.43566131591797
2021-05-03,101.40009307861328
2021-05-04,101.89810943603516
2021-05-05,101.66688537597656
2021-05-06,101.75581359863281
2021-05-07,101.70245361328125
2021-05-10,101.66688537597656
2021-05-11,100.86650848388672
2021-05-12,100.51075744628906
2021-05-14,100.93763732910156
2021-05-17,100.49298095703125
2021-05-18,100.75978088378906
2021-05-19,100.4751968383789
2021-05-20,100.31513214111328
2021-05-21,100.61750030517578
2021-05-25,101.02658081054688
2021-05-26,101.09771728515625
2021-05-27,100.79534149169922
2021-05-28,100.5819091796875
2021-05-31,100.54634094238281
2021-06-01,100.77754974365234
2021-06-02,100.68862915039062
2021-06-03,100.31513214111328
2021-06-04,100.5819091796875
2021-06-07,100.72421264648438
2021-06-08,100.9020767211914
2021-06-09,101.0621566772461
2021-06-10,101.2577896118164
2021-06-11,101.64908599853516
2021-06-14,101.75581359863281
2021-06-15,101.82695770263672
2021-06-16,101.24002075195312
2021-06-17,101.47122955322266
2021-06-18,101.3645248413086
2021-06-21,101.68467712402344
2021-06-22,101.22222900390625
2021-06-23,101.3645248413086
2021-06-24,101.9158935546875
2021-06-25,101.64908599853516
2021-06-28,101.84474182128906
2021-06-29,101.24002075195312
2021-06-30,101.86253356933594
2021-07-01,101.61353302001953
2021-07-02,101.86253356933594
2021-07-05,101.68467712402344
2021-07-06,102.23603820800781
2021-07-07,102.7518539428711
2021-07-08,103.01864624023438
2021-07-09,102.822998046875
2021-07-12,102.68071746826172
2021-07-13,102.50284576416016
2021-07-14,102.39612579345703
2021-07-15,102.80521392822266
2021-07-16,102.69849395751953
2021-07-19,103.30323028564453
2021-07-20,103.62567138671875
2021-07-21,102.99871826171875
2021-07-22,104.22553253173828
2021-07-23,104.15335845947266
2021-07-26,104.1172866821289
2021-07-27,103.82862091064453
2021-07-28,104.17142486572266
2021-07-29,104.00904083251953
2021-07-30,104.33378601074219
2021-08-02,104.4420166015625
2021-08-03,104.71263885498047
2021-08-04,104.51419830322266
2021-08-05,104.78482055664062
2021-08-06,104.4420166015625
2021-08-09,104.51419830322266
2021-08-10,104.55026245117188
2021-08-11,104.40594482421875
2021-08-12,104.4420166015625
2021-08-13,104.4420166015625
2021-08-16,104.49614715576172
2021-08-17,103.95491790771484
2021-08-18,103.9368667602539
2021-08-19,104.2616195678711
2021-08-20,104.3518295288086
2021-08-23,104.24356842041016
2021-08-24,104.22553253173828
2021-08-25,103.91881561279297
2021-08-26,103.57604217529297
2021-08-27,103.75645446777344
2021-08-30,103.77449035644531
2021-08-31,103.72037506103516
2021-09-01,103.34150695800781
2021-09-02,103.64820098876953
2021-09-03,103.72037506103516
2021-09-06,103.2332534790039
2021-09-07,102.74612426757812
2021-09-08,102.72808837890625
2021-09-09,103.37757873535156
2021-09-10,103.17912292480469
2021-09-13,103.14305877685547
2021-09-14,103.21521759033203
2021-09-15,103.03480529785156
2021-09-16,102.72808837890625
2021-09-17,102.3131332397461
2021-09-20,102.81829833984375
2021-09-21,102.72808837890625
2021-09-22,103.05282592773438
2021-09-23,102.49356842041016
2021-09-24,102.0785903930664
2021-09-27,101.95230102539062
2021-09-28,101.91622161865234
2021-09-29,102.1507568359375
2021-09-30,101.6816635131836
2021-10-01,102.38529968261719
2021-10-04,102.09664154052734
2021-10-05,101.8079605102539
2021-10-06,101.6816635131836
2021-10-07,101.59148406982422
2021-10-08,101.41106414794922
2021-10-11,100.90592193603516
2021-10-12,100.8156967163086
2021-10-13,101.28475189208984
2021-10-14,101.8079605102539
2021-10-15,101.50125122070312
2021-10-18,101.28475189208984
2021-10-19,101.06826782226562
2021-10-20,101.28475189208984
2021-10-21,100.9780502319336
2021-10-22,100.86981201171875
2021-10-25,101.03219604492188
2021-10-26,101.32084655761719
2021-10-27,101.60950469970703
2021-10-28,101.42911529541016
2021-10-29,100.63528442382812
2021-11-01,100.96002960205078
2021-11-02,101.73582458496094
2021-11-03,101.8079605102539
2021-11-04,101.69971466064453
2021-11-05,102.47550201416016
2021-11-08,102.52962493896484
2021-11-09,102.76416778564453
2021-11-10,102.40333557128906
2021-11-11,101.78992462158203
2021-11-12,101.91622161865234
2021-11-15,101.55540466308594
2021-11-16,101.30281829833984
2021-11-17,101.57344055175781
2021-11-18,101.91622161865234
2021-11-19,102.34923553466797
2021-11-22,102.36726379394531
2021-11-23,102.00643920898438
2021-11-24,101.66363525390625
2021-11-25,101.86209106445312
2021-11-26,102.72808837890625
2021-11-29,102.42139434814453
2021-11-30,102.72808837890625
2021-12-01,102.90850830078125
2021-12-02,103.25128936767578
2021-12-03,103.16107940673828
2021-12-06,103.44974517822266
2021-12-07,103.34150695800781
2021-12-08,103.2332534790039
2021-12-09,103.5580062866211
2021-12-10,103.64820098876953
2021-12-13,103.61212921142578
2021-12-14,103.53997039794922
2021-12-15,103.05282592773438
2021-12-16,103.28738403320312
2021-12-17,103.50387573242188
2021-12-20,103.43171691894531
2021-12-21,102.81829833984375
2021-12-22,102.49356842041016
2021-12-23,101.73582458496094
2021-12-27,102.1327133178711
2021-12-28,101.8981704711914
2021-12-29,101.41106414794922
2021-12-30,101.86209106445312
2022-01-03,101.0727767944336
2022-01-04,101.23516845703125
2022-01-05,100.89688110351562
2022-01-06,100.36463928222656
2022-01-07,100.40074920654297
2022-01-10,99.85047149658203
2022-01-11,100.04894256591797
2022-01-12,100.59017181396484
2022-01-13,100.93746185302734
2022-01-14,100.60370635986328
2022-01-17,100.3872299194336
2022-01-18,100.29651641845703
2022-01-19,100.12870788574219
2022-01-20,100.9540023803711
2022-01-21,101.22301483154297
2022-01-24,101.51484680175781
2022-01-25,101.42822265625
2022-01-26,101.15008544921875
2022-01-27,101.09080505371094
2022-01-28,100.63026428222656
2022-01-31,100.43421173095703
2022-02-01,100.24271392822266
2022-02-02,100.11504364013672
2022-02-03,99.28974914550781
2022-02-04,98.15897369384766
2022-02-07,98.41887664794922
2022-02-08,97.8398208618164
2022-02-09,98.5921401977539
2022-02-10,98.01306915283203
2022-02-11,98.52374267578125
2022-02-14,98.57389068603516
2022-02-15,97.99028015136719
2022-02-16,98.60581970214844
2022-02-17,98.69245147705078
2022-02-18,98.96146392822266
2022-02-21,98.9706039428711
2022-02-22,98.61493682861328
2022-02-23,98.39607238769531
2022-02-24,98.83380889892578
2022-02-25,98.30489349365234
2022-02-28,98.82923889160156
2022-03-01,100.33390808105469
2022-03-02,99.96458435058594
2022-03-03,99.34903717041016
2022-03-04,99.68645477294922
2022-03-07,99.709228515625
2022-03-08,99.14385986328125
2022-03-09,98.35047912597656
2022-03-10,97.66654205322266
2022-03-11,97.90364074707031
2022-03-14,97.41120910644531
2022-03-15,96.92333221435547
2022-03-16,97.11939239501953
2022-03-17,97.25162506103516
2022-03-18,97.429443359375
2022-03-21,96.83668518066406
2022-03-22,96.25762939453125
2022-03-23,96.52207946777344
2022-03-24,96.5357666015625
2022-03-25,95.83358001708984
2022-03-28,95.44601440429688
2022-03-29,94.7210464477539
2022-03-30,94.06901550292969
2022-03-31,94.99007415771484
2022-04-01,95.3685073852539
2022-04-04,96.07067108154297
2022-04-05,95.06757354736328
2022-04-06,94.77574920654297
2022-04-07,94.59793090820312
2022-04-08,94.61617279052734
2022-04-11,93.2756576538086
2022-04-12,93.1935806274414
2022-04-13,93.32123565673828
2022-04-14,93.6495361328125
2022-04-19,92.41387939453125
2022-04-20,93.17078399658203
2022-04-21,93.21636962890625
2022-04-22,92.86529541015625
2022-04-25,92.89265441894531
2022-04-26,93.82281494140625
2022-04-27,94.04165649414062
2022-04-28,93.28475952148438
2022-04-29,93.34404754638672
2022-05-02,93.01576232910156
2022-05-03,93.48538208007812
2022-05-04,93.31668090820312
2022-05-05,93.17535400390625
2022-05-06,91.64787292480469
2022-05-09,92.263427734375
2022-05-10,92.91089630126953
2022-05-11,92.99752044677734
2022-05-12,94.7210464477539
2022-05-13,94.23772430419922
2022-05-16,94.488525390625
2022-05-17,93.62217712402344
2022-05-18,94.2468490600586
2022-05-19,94.88520050048828
2022-05-20,94.30156707763672
2022-05-23,94.76207733154297
2022-05-24,94.59793090820312
2022-05-25,94.65264892578125
2022-05-27,94.53411102294922
2022-05-30,93.2574234008789
2022-05-31,93.15253448486328
2022-06-01,92.8835220336914
2022-06-02,92.16311645507812
2022-06-03,91.70259094238281
2022-06-07,91.9761734008789
2022-06-08,91.21015930175781
2022-06-09,90.97306823730469
2022-06-10,91.22838592529297
2022-06-13,89.91521453857422
2022-06-14,89.33158874511719
2022-06-15,89.5869369506836
2022-06-16,88.38138580322266
2022-06-17,88.25736236572266
2022-06-20,88.13516235351562
2022-06-21,88.53641510009766
2022-06-22,89.22216796875
2022-06-23,90.50067901611328
2022-06-24,90.35659790039062
2022-06-27,89.40455627441406
2022-06-28,88.77534484863281
2022-06-29,90.2161636352539
2022-06-30,91.88040161132812
2022-07-01,93.83192443847656
2022-07-04,92.6373062133789
2022-07-05,93.9231185913086
2022-07-06,94.65264892578125
2022-07-07,94.11005401611328
2022-07-08,93.234619140625
2022-07-11,93.74530029296875
2022-07-12,94.67544555664062
2022-07-13,94.68000793457031
2022-07-14,94.39275360107422
2022-07-15,94.59793090820312
2022-07-18,93.84561920166016
2022-07-19,93.77681732177734
2022-07-20,93.20362854003906
2022-07-21,94.42115020751953
2022-07-22,95.63865661621094
2022-07-25,95.88768005371094
2022-07-26,96.6440200805664
2022-07-27,97.10980987548828
2022-07-28,98.31807708740234
2022-07-29,98.04598236083984
2022-08-02,98.31807708740234
2022-08-03,97.349609375
2022-08-04,98.65473175048828
2022-08-05,96.69934844970703
2022-08-08,97.96297454833984
2022-08-09,97.64015197753906
2022-08-10,98.59938049316406
2022-08-11,97.93070220947266
2022-08-12,97.73699951171875
2022-08-15,98.5394515991211
2022-08-16,98.14282989501953
2022-08-17,97.54791259765625
2022-08-18,97.57096862792969
2022-08-19,96.4549331665039
2022-08-22,95.84156036376953
2022-08-23,95.22358703613281
2022-08-24,94.55026245117188
2022-08-25,95.22358703613281
2022-08-26,94.81775665283203
2022-08-29,94.09832763671875
2022-08-30,95.40343475341797
2022-08-31,95.4634017944336
2022-09-01,94.72551727294922
2022-09-02,94.66094970703125
2022-09-05,93.92768096923828
2022-09-06,93.98764038085938
2022-09-07,94.08447265625
2022-09-08,93.96456909179688
2022-09-09,93.44805908203125
2022-09-12,93.80316162109375
2022-09-13,92.96382141113281
2022-09-14,92.05255126953125
2022-09-15,92.27667999267578
2022-09-16,92.90849304199219
2022-09-19,92.07652282714844
2022-09-20,90.65794372558594
2022-09-21,91.34786987304688
2022-09-22,90.37755584716797
2022-09-23,90.70221710205078
2022-09-26,90.83872985839844
2022-09-27,90.08609771728516
2022-09-28,89.8204574584961
2022-09-29,90.53434753417969
2022-09-30,91.33863830566406
2022-10-03,93.47111511230469
2022-10-04,94.3335189819336
2022-10-05,92.73324584960938
2022-10-06,91.76292419433594
2022-10-07,89.81858825683594
2022-10-10,89.98462677001953
2022-10-11,89.20985412597656
2022-10-12,89.33898162841797
2022-10-13,90.28900146484375
2022-10-14,90.73175048828125
2022-10-17,90.98075866699219
2022-10-18,90.86087799072266
2022-10-19,90.61183166503906
2022-10-20,90.84793853759766
2022-10-21,90.1488037109375
2022-10-24,91.06193542480469
2022-10-25,91.43086242675781
2022-10-26,91.89944458007812
2022-10-27,92.40579986572266
2022-10-28,92.64098358154297
2022-10-31,92.64098358154297
2022-11-01,92.43807983398438
2022-11-02,92.5118637084961
2022-11-03,91.98428344726562
2022-11-04,91.3146743774414
2022-11-07,91.72603607177734
2022-11-08,91.71865844726562
2022-11-09,92.56260681152344
2022-11-10,93.91845703125
2022-11-11,92.23517608642578
2022-11-14,91.62640380859375
2022-11-15,92.6179428100586
2022-11-16,93.10218048095703
2022-11-17,93.04682922363281
2022-11-18,93.33737182617188
2022-11-21,93.68787384033203
2022-11-22,93.57718658447266
2022-11-23,94.00147247314453
2022-11-24,94.25973510742188
2022-11-25,92.5118637084961
2022-11-28,93.15753173828125
2022-11-29,93.23131561279297
2022-11-30,92.77013397216797
2022-12-01,93.38349914550781
2022-12-02,93.56334686279297
2022-12-05,92.47498321533203
2022-12-06,93.50341033935547
2022-12-07,92.90386962890625
2022-12-08,93.51721954345703
2022-12-09,91.86621856689453
2022-12-12,92.29974365234375
2022-12-13,92.13369750976562
2022-12-14,92.52571868896484
2022-12-15,91.88467407226562
2022-12-16,91.31649017333984
2022-12-19,90.9881591796875
2022-12-20,90.19307708740234
2022-12-21,89.60647583007812
2022-12-22,88.54945373535156
2022-12-23,88.63798522949219
2022-12-27,87.81710052490234
2022-12-28,88.75420379638672
2022-12-29,88.68043518066406
2022-12-30,88.531005859375
2023-01-03,89.60647583007812
2023-01-04,90.3830795288086
2023-01-05,89.7817153930664
2023-01-06,90.14328002929688
2023-01-09,90.35173034667969
2023-01-10,89.88871002197266
2023-01-11,91.10621643066406
2023-01-12,92.0082778930664
2023-01-13,92.53955078125
2023-01-16,91.95477294921875
2023-01-17,92.7382583618164
2023-01-18,93.24420166015625
2023-01-19,92.7929458618164
2023-01-20,92.6471939086914
2023-01-23,92.01376342773438
2023-01-24,92.17447662353516
2023-01-25,92.05113220214844
2023-01-26,92.23798370361328
2023-01-27,91.94090270996094
2023-01-30,91.59709167480469
2023-01-31,91.15798950195312
2023-02-01,91.89791870117188
2023-02-02,93.14984130859375
2023-02-03,92.14643859863281
2023-02-06,91.01783752441406
2023-02-07,90.89452362060547
2023-02-08,90.87396240234375
2023-02-09,91.412109375
2023-02-10,90.43112182617188
2023-02-13,90.30220031738281
2023-02-14,90.3152847290039
2023-02-15,89.93783569335938
2023-02-16,90.07798767089844
2023-02-17,90.50399780273438
2023-02-20,90.23680114746094
2023-02-21,90.08357238769531
2023-02-22,90.462890625
2023-02-23,90.74691772460938
2023-02-24,90.46475982666016
2023-02-27,90.27978515625
2023-02-28,90.19569396972656
2023-03-01,90.1714096069336
2023-03-02,89.465087890625
2023-03-03,89.80517578125
2023-03-06,89.62019348144531
2023-03-07,89.54171752929688
2023-03-08,90.77119445800781
2023-03-09,90.802978515625
2023-03-10,91.99695587158203
2023-03-13,93.0321273803711
2023-03-14,92.52574920654297
2023-03-15,93.12928009033203
2023-03-16,94.45406341552734
2023-03-17,95.29491424560547
2023-03-20,94.72969818115234
2023-03-21,93.80008697509766
2023-03-22,93.30117797851562
2023-03-23,93.00969696044922
2023-03-24,93.93089294433594
2023-03-27,93.11808776855469
2023-03-28,92.7929458618164
2023-03-29,92.6546859741211
2023-03-30,92.47342681884766
2023-03-31,92.60796356201172
2023-04-03,92.60236358642578
2023-04-04,92.35198211669922
2023-04-05,93.5478286743164
2023-04-06,93.74869537353516
2023-04-11,92.65654754638672
2023-04-12,94.5054702758789
2023-04-13,93.89350891113281
2023-04-14,93.42637634277344
2023-04-17,93.53382110595703
2023-04-18,93.7113265991211
2023-04-19,93.46372985839844
2023-04-20,93.482421875
2023-04-21,93.33293914794922
2023-04-24,92.94055938720703
2023-04-25,93.88417053222656
2023-04-26,93.83744812011719
2023-04-27,93.15544128417969
2023-04-28,93.5711898803711
2023-05-02,94.23453521728516
2023-05-03,93.79539489746094
2023-05-04,94.22517395019531
2023-05-05,93.70665740966797
2023-05-08,93.55252075195312
2023-05-09,93.68331146240234
2023-05-10,93.61790466308594
2023-05-11,94.92121124267578
2023-05-12,94.9865951538086
2023-05-15,94.36065673828125
2023-05-16,94.62223815917969
2023-05-17,94.65026092529297
2023-05-19,94.22982788085938
2023-05-22,94.13174438476562
2023-05-23,93.92154693603516
2023-05-24,94.24385833740234
2023-05-25,94.0570068359375
2023-05-26,94.41669464111328
2023-05-30,95.14075469970703
2023-05-31,96.06099700927734
2023-06-01,96.26187896728516
2023-06-02,96.11238861083984
2023-06-05,95.37432098388672
2023-06-06,95.66393280029297
2023-06-07,95.26219940185547
2023-06-08,94.97257232666016
2023-06-09,94.86048126220703
2023-06-12,95.01461791992188
2023-06-13,94.88381958007812
2023-06-14,94.36065673828125
2023-06-15,94.52882385253906
2023-06-16,94.31391906738281
2023-06-19,93.89350891113281
2023-06-20,95.13140869140625
2023-06-21,94.95856475830078
2023-06-22,94.5661849975586
2023-06-23,95.49577331542969
2023-06-26,95.3883285522461
2023-06-27,95.79940032958984
2023-06-28,95.68262481689453
2023-06-29,94.79507446289062
2023-06-30,95.16411590576172
2023-07-03,95.44438171386719
2023-07-04,95.19214630126953
2023-07-05,95.3883285522461
2023-07-06,94.1270751953125
2023-07-07,94.45406341552734
2023-07-10,93.81877136230469
2023-07-11,93.482421875
2023-07-12,93.96826171875
2023-07-13,94.87450408935547
2023-07-14,94.90251159667969
2023-07-17,94.86515045166016
2023-07-18,95.86546325683594
2023-07-19,95.57428741455078
2023-07-20,95.84339904785156
2023-07-21,95.96143341064453
2023-07-24,96.36746978759766
2023-07-25,95.91421508789062
2023-07-26,95.85284423828125
2023-07-27,95.84339904785156
2023-07-28,95.4798583984375
2023-07-31,94.93218231201172
2023-08-02,95.48458862304688
2023-08-03,94.89913177490234
2023-08-04,95.01244354248047
2023-08-07,94.99356079101562
2023-08-08,95.81036376953125
2023-08-09,95.58373260498047
2023-08-10,95.59317016601562
2023-08-11,94.7952651977539
2023-08-14,94.82359313964844
2023-08-15,94.87552642822266
2023-08-16,94.89913177490234
2023-08-17,94.69139099121094
2023-08-18,94.95579528808594
2023-08-21,94.86608123779297
2023-08-22,94.76222229003906
2023-08-23,95.46568298339844
2023-08-24,95.71592712402344
2023-08-25,95.51290893554688
2023-08-28,95.74897766113281
2023-08-29,95.87646484375
2023-08-30,95.38542175292969
2023-08-31,96.15501403808594
2023-09-01,96.13140106201172
2023-09-04,95.87646484375
2023-09-05,95.30989837646484
2023-09-06,95.27684020996094
2023-09-07,95.08798217773438
2023-09-08,94.72915649414062
2023-09-11,94.62528991699219
2023-09-12,94.23814392089844
2023-09-13,94.46476745605469
2023-09-14,94.89913177490234
2023-09-15,94.61585235595703
2023-09-18,94.5733642578125
2023-09-19,94.38923645019531
2023-09-20,94.28535461425781
2023-09-21,94.52142333984375
2023-09-22,94.72915649414062
2023-09-25,94.34390258789062
2023-09-26,94.8047103881836
2023-09-27,94.61585235595703
2023-09-28,93.86043548583984
2023-09-29,94.27969360351562
2023-10-02,94.19470977783203
2023-10-03,94.13616943359375
2023-10-04,93.51105499267578
2023-10-05,93.71880340576172
2023-10-06,93.69613647460938
2023-10-09,94.0020751953125
2023-10-10,93.89820098876953
2023-10-11,94.71028137207031
2023-10-12,94.42699432373047
2023-10-13,94.5025405883789
2023-10-16,93.99263000488281
2023-10-17,93.89254760742188
2023-10-18,93.83965301513672
2023-10-19,93.76600646972656
2023-10-20,93.80377960205078
2023-10-23,94.12104797363281
2023-10-24,94.18148040771484
2023-10-25,94.2192611694336
2023-10-26,93.95486450195312
2023-10-27,94.06817626953125
2023-10-30,93.99263000488281
2023-10-31,94.06817626953125
2023-11-01,94.1777114868164
2023-11-02,93.61492919921875
2023-11-03,93.87553405761719
2023-11-06,92.99359893798828
2023-11-07,93.68102264404297
2023-11-08,93.96807861328125
2023-11-09,94.40811920166016
2023-11-10,94.04740142822266
2023-11-13,94.14370727539062
2023-11-14,94.8047103881836
2023-11-15,94.74805450439453
2023-11-16,95.49874877929688
2023-11-17,95.74425506591797
2023-11-20,95.79146575927734
2023-11-21,96.20694732666016
2023-11-22,96.17388153076172
2023-11-23,95.70648956298828
2023-11-24,94.99828338623047
2023-11-27,96.1125259399414
2023-11-28,96.51856231689453
2023-11-29,96.92459869384766
2023-11-30,96.99540710449219
2023-12-01,97.69416809082031
2023-12-04,97.90191650390625
2023-12-05,98.39292907714844
2023-12-06,98.32682800292969
2023-12-07,98.38348388671875
2023-12-08,97.5430908203125
2023-12-11,98.07658386230469
2023-12-12,98.14741516113281
2023-12-13,98.84617614746094
2023-12-14,98.77063751220703
2023-12-15,99.80461883544922
2023-12-18,98.90283203125
2023-12-19,99.21915435791016
2023-12-20,98.61955261230469
2023-12-21,98.69981384277344
2023-12-22,98.85562896728516
2023-12-27,98.95948791503906
2023-12-28,98.97837829589844
2023-12-29,98.18519592285156
2024-01-03,98.39292907714844
2024-01-04,97.425048828125
2024-01-05,96.94818878173828
2024-01-08,97.25509643554688
2024-01-09,96.96235656738281
2024-01-10,96.68380737304688
2024-01-11,96.97651672363281
2024-01-12,96.74517822265625
2024-01-15,97.1465072631836
2024-01-16,97.26063537597656
2024-01-17,96.6138687133789
2024-01-18,97.011474609375
2024-01-19,96.81507110595703
2024-01-22,96.99710845947266
2024-01-23,96.74320983886719
2024-01-24,96.44141387939453
2024-01-25,97.43782043457031
2024-01-26,97.18871307373047
2024-01-29,97.39950561523438
2024-01-30,97.24141693115234
2024-01-31,97.82585906982422
2024-02-01,98.18993377685547
2024-02-02,97.68692779541016
2024-02-05,97.05460357666016
2024-02-06,96.88213348388672
2024-02-07,97.15998077392578
2024-02-08,96.88213348388672
2024-02-09,96.7767562866211
2024-02-12,96.53721618652344
2024-02-13,97.30369567871094
2024-02-14,96.7959213256836
2024-02-15,97.30369567871094
2024-02-16,97.15040588378906
2024-02-19,97.43782043457031
2024-02-20,97.62944793701172
2024-02-21,97.83543395996094
2024-02-22,97.9168701171875
2024-02-23,98.01268005371094
2024-02-26,97.82585906982422
2024-02-27,97.77794647216797
2024-02-28,97.47615051269531
2024-02-29,98.42466735839844
2024-03-01,98.76477813720703
2024-03-04,98.75041198730469
2024-03-05,99.19113159179688
2024-03-06,99.00909423828125
2024-03-07,99.33484649658203
2024-03-08,99.27737426757812
2024-03-11,99.29651641845703
2024-03-12,98.87495422363281
2024-03-13,99.20550537109375
2024-03-14,98.65939331054688
2024-03-15,98.39591979980469
2024-03-18,98.7408218383789
2024-03-19,98.86058807373047
2024-03-20,98.95159912109375
2024-03-21,99.64144134521484
2024-03-22,99.67976379394531
2024-03-25,99.67497253417969
2024-03-26,99.67976379394531
2024-03-27,99.98155212402344
2024-03-28,99.95760345458984
2024-04-02,99.06658935546875
2024-04-03,99.02346801757812
2024-04-04,99.02346801757812
2024-04-05,99.15281677246094
2024-04-08,98.8270492553711
2024-04-09,98.9563980102539
2024-04-10,98.93245697021484
2024-04-11,99.0522232055664
2024-04-12,99.16239166259766
2024-04-15,99.07137298583984
2024-04-16,98.58753967285156
2024-04-17,98.97078704833984
2024-04-18,98.65460205078125
2024-04-19,98.5492172241211
2024-04-22,99.0426254272461
2024-04-23,98.85580444335938
2024-04-24,98.6641845703125
2024-04-25,98.7791519165039
2024-04-26,98.91328430175781
2024-04-29,99.18154907226562
2024-04-30,98.86058807373047
2024-05-02,99.12406921386719
2024-05-03,98.98992919921875
2024-05-06,99.40190887451172
2024-05-07,99.16239166259766
2024-05-08,99.3971176147461
2024-05-10,98.97078704833984
2024-05-13,98.97078704833984
2024-05-14,98.68333435058594
2024-05-15,99.35400390625
2024-05-16,98.97078704833984
2024-05-17,98.79832458496094
2024-05-21,98.89412689208984
2024-05-22,98.89412689208984
2024-05-23,98.57316589355469
2024-05-24,98.19951629638672
2024-05-27,98.6785659790039
2024-05-28,98.37674713134766
2024-05-29,97.43782043457031
2024-05-30,97.2462158203125
2024-05-31,97.29889678955078
2024-06-03,97.80670166015625
2024-06-04,97.55280303955078
2024-06-05,98.12287139892578
2024-06-06,98.0893325805664
2024-06-07,97.9168701171875
2024-06-10,97.43782043457031
2024-06-11,97.76358032226562
2024-06-12,98.30010223388672
2024-06-13,98.4342269897461
2024-06-14,99.24382781982422
2024-06-17,99.10490417480469
2024-06-18,98.92765808105469
2024-06-19,99.15760803222656
2024-06-20,99.38754272460938
2024-06-21,99.63185119628906
2024-06-24,99.54562377929688
2024-06-25,100.47017669677734
2024-06-26,100.30252075195312
2024-06-27,100.40312194824219
2024-06-28,100.44622039794922
2024-07-01,99.66059875488281
2024-07-02,99.35879516601562
2024-07-03,99.73724365234375
2024-07-04,99.54562377929688
2024-07-05,99.62226867675781
2024-07-08,99.5504150390625
2024-07-09,99.60311126708984
2024-07-10,100.1156997680664
2024-07-11,100.53723907470703
2024-07-12,100.2162857055664
2024-07-15,100.59952545166016
2024-07-16,100.75869750976562
2024-07-17,100.57540130615234
2024-07-18,101.216552734375
2024-07-19,100.83284759521484
2024-07-22,100.88139343261719
2024-07-23,101.30883026123047
2024-07-24,101.09512329101562
2024-07-25,101.78482055664062
2024-07-26,102.09566497802734
2024-07-29,102.16853332519531
2024-07-30,101.80426025390625
2024-07-31,102.0908203125
2024-08-02,103.50422668457031
2024-08-05,103.44593811035156
2024-08-06,103.2613754272461
2024-08-07,102.48424530029297
2024-08-08,102.31423950195312
2024-08-09,102.77567291259766
2024-08-12,102.60566711425781
2024-08-13,102.83880615234375
2024-08-14,102.95051574707031
2024-08-15,102.13453674316406
2024-08-16,102.84851837158203
2024-08-19,103.08651733398438
2024-08-20,103.35851287841797
2024-08-21,102.92137145996094
2024-08-22,102.39195251464844
2024-08-23,102.96995544433594
2024-08-26,102.37738037109375
2024-08-27,102.26081085205078
2024-08-28,102.7319564819336
2024-08-29,102.14425659179688
2024-08-30,102.3433837890625
2024-09-02,101.73625183105469
2024-09-03,102.1879653930664
2024-09-04,102.28997039794922
2024-09-05,101.95481872558594
2024-09-06,102.30453491210938
2024-09-09,102.2316665649414
2024-09-10,102.5230941772461
2024-09-11,102.40653228759766
2024-09-12,102.23653411865234
2024-09-13,102.79508972167969
2024-09-16,103.06709289550781
2024-09-17,102.5328140258789
2024-09-18,102.47938537597656
2024-09-19,101.76539611816406
2024-09-20,101.97911071777344
2024-09-23,102.28024291992188
2024-09-24,102.5085220336914
2024-09-25,101.98882293701172
2024-09-26,102.46967315673828
2024-09-27,102.58138275146484
2024-09-30,102.8679428100586
2024-10-01,102.79023742675781
2024-10-02,102.96995544433594
2024-10-03,102.46481323242188
2024-10-04,102.17339324951172
2024-10-07,102.55224609375
2024-10-08,101.96939086914062
2024-10-09,101.36711883544922
2024-10-10,101.3719711303711
2024-10-11,101.08540344238281
2024-10-14,101.79940032958984
2024-10-15,102.35796356201172
2024-10-16,102.64452362060547
2024-10-17,102.55224609375
2024-10-18,102.6396713256836
2024-10-21,102.01795959472656
2024-10-22,101.61483764648438
2024-10-23,101.74596405029297
2024-10-24,102.15396118164062
2024-10-25,102.42594909667969
2024-10-28,102.68338775634766
2024-10-29,102.02767181396484
2024-10-30,102.3871078491211
2024-10-31,102.85824584960938
2024-11-01,102.56195068359375
2024-11-04,103.06709289550781
2024-11-05,102.70280456542969
2024-11-06,102.872802734375
2024-11-07,103.04766082763672
2024-11-08,103.0622329711914
2024-11-11,102.84367370605469
2024-11-12,103.10594940185547
2024-11-13,102.872802734375
2024-11-14,103.04280090332031
2024-11-15,103.03794860839844
2024-11-18,102.96995544433594
2024-11-19,102.7319564819336
2024-11-20,102.872802734375
2024-11-21,102.7076644897461
2024-11-22,103.30994415283203
2024-11-25,103.44593811035156
2024-11-26,103.64993286132812
2024-11-27,103.37308502197266
2024-11-28,103.74708557128906
2024-11-29,104.42707061767578
2024-12-02,104.89820861816406
2024-12-03,104.9176254272461
2024-12-04,104.91278076171875
2024-12-05,104.2327880859375
2024-12-06,104.6747817993164
2024-12-09,103.98994445800781
2024-12-10,103.9607925415039
2024-12-11,103.99964904785156
2024-12-12,103.66451263427734
2024-12-13,104.1405029296875
2024-12-16,104.46592712402344
2024-12-17,104.17449951171875
2024-12-18,103.94136047363281
2024-12-19,103.8830795288086
2024-12-20,103.93651580810547
2024-12-23,103.66937255859375
2024-12-27,103.45565032958984
2024-12-30,103.5236587524414
2025-01-03,103.53337860107422
2025-01-06,102.79508972167969
2025-01-07,103.0622329711914
2025-01-08,102.48909759521484
2025-01-09,102.24624633789062
2025-01-10,102.4308090209961
2025-01-13,101.99853515625
2025-01-14,101.50798034667969
2025-01-15,102.48424530029297
2025-01-16,102.66881561279297
2025-01-17,102.872802734375
2025-01-20,102.92137145996094
2025-01-21,102.74063873291016
2025-01-22,102.87254333496094
2025-01-23,103.27046203613281
2025-01-24,102.8577880859375
2025-01-27,102.71041107177734
2025-01-28,103.00517272949219
2025-01-29,103.06904602050781
2025-01-30,103.01991271972656
2025-01-31,103.47188568115234
2025-02-03,103.62417602539062
2025-02-04,103.75682067871094
2025-02-05,103.5947036743164
2025-02-06,103.58487701416016
2025-02-07,103.84525299072266
2025-02-10,103.85507202148438
2025-02-11,103.26554870605469
2025-02-12,103.06904602050781
2025-02-13,103.46697235107422
2025-02-14,103.06904602050781
2025-02-17,102.71041107177734
2025-02-18,102.49424743652344
2025-02-19,102.18475341796875
2025-02-20,101.8506851196289
2025-02-21,101.48223114013672
2025-02-24,101.84577178955078
2025-02-25,102.28300476074219
2025-02-26,102.66128540039062
2025-02-27,102.7791976928711
2025-02-28,103.20660400390625
2025-03-03,102.62689208984375
2025-03-04,102.75953674316406
2025-03-05,101.70330047607422
2025-03-06,100.49476623535156
2025-03-07,100.92708587646484
2025-03-10,100.4358139038086
2025-03-11,100.2147445678711
2025-03-12,99.4729232788086
2025-03-13,99.91506958007812
2025-03-14,100.03297424316406
2025-03-17,100.46529388427734
2025-03-18,100.41616821289062
2025-03-19,100.20001220703125
2025-03-20,100.4751205444336
2025-03-21,100.7698745727539
2025-03-24,100.33265686035156
2025-03-25,100.32283020019531
2025-03-26,100.75514221191406
2025-03-27,100.89762115478516
2025-03-28,101.75242614746094
2025-03-31,101.8506851196289
2025-04-01,102.75462341308594
2025-04-02,102.80867004394531
2025-04-03,103.19676971435547
2025-04-04,103.40802001953125
2025-04-07,103.06904602050781
2025-04-08,102.55811309814453
2025-04-09,103.10834503173828
2025-04-10,103.28520965576172
2025-04-11,103.28520965576172
2025-04-14,103.38345336914062
2025-04-15,103.01499938964844
2025-04-16,103.26554870605469
2025-04-17,103.84033203125
2025-04-22,103.6585693359375
2025-04-23,103.16728973388672
2025-04-24,103.26554870605469
2025-04-25,103.26554870605469
2025-04-28,103.62417602539062
2025-04-29,103.93367767333984
2025-04-30,104.4249496459961
2025-05-02,104.12527465820312
2025-05-05,104.13018798828125
2025-05-06,104.64112091064453
2025-05-07,105.5843505859375
2025-05-08,104.78358459472656
2025-05-09,104.87692260742188
2025-05-12,104.05158996582031
2025-05-13,103.93367767333984
2025-05-14,103.65365600585938
2025-05-15,103.94841003417969
2025-05-16,104.24809265136719
2025-05-19,103.98280334472656
2025-05-20,103.66839599609375
2025-05-21,103.35397338867188
2025-05-22,103.86981201171875
2025-05-23,103.77648162841797
2025-05-26,104.56742858886719
2025-05-27,104.54285430908203
2025-05-28,104.83761596679688
2025-05-30,105.03412628173828
2025-06-02,104.69024658203125
2025-06-03,105.13238525390625
2025-06-04,105.23064422607422
2025-06-05,104.41513061523438
2025-06-06,104.83761596679688
2025-06-10,104.74919891357422
2025-06-11,104.54285430908203
2025-06-12,104.8179702758789
2025-06-13,104.52320861816406
2025-06-16,104.51338195800781
2025-06-17,104.2431869506836
2025-06-18,104.46916198730469
2025-06-19,104.40530395507812
2025-06-20,103.52101135253906
2025-06-23,103.56031799316406
2025-06-24,103.4817123413086
2025-06-25,103.08377838134766
2025-06-26,103.19676971435547
2025-06-27,102.88235473632812
2025-06-30,103.02973937988281
2025-07-01,103.52101135253906
2025-07-02,103.26554870605469
2025-07-03,103.36380004882812
2025-07-04,103.33924102783203
2025-07-07,103.3146743774414
2025-07-08,102.96587371826172
2025-07-09,103.26554870605469
2025-07-10,102.8725357055664
2025-07-11,102.8725357055664
2025-07-14,102.57777404785156
2025-07-15,102.953369140625
2025-07-16,102.6173095703125
2025-07-17,103.57685852050781
2025-07-18,103.15922546386719
2025-07-21,103.61165618896484
2025-07-22,104.14860534667969
2025-07-23,103.79063415527344
2025-07-24,103.55696105957031
2025-07-25,103.7011489868164
2025-07-28,104.44691467285156
2025-07-29,104.40714263916016
2025-07-30,104.56623840332031
2025-07-31,104.70046997070312
2025-08-04,105.20262908935547
2025-08-05,105.42137908935547
2025-08-06,105.14793395996094
2025-08-07,105.77437591552734
2025-08-08,105.73460388183594
2025-08-11,105.74454498291016
2025-08-12,105.22747802734375
2025-08-13,105.89867401123047
2025-08-14,105.66996765136719
2025-08-15,105.12804412841797
2025-08-18,105.10816192626953
2025-08-19,104.9043197631836
2025-08-20,105.20262908935547
2025-08-21,104.71041870117188
2025-08-22,104.80488586425781
2025-08-25,104.80488586425781
2025-08-26,105.18273162841797
2025-08-27,105.40149688720703
2025-08-28,105.02364349365234
2025-08-29,104.944091796875
2025-09-01,104.85459899902344
2025-09-02,104.70545196533203
2025-09-03,104.96397399902344
2025-09-04,105.2374267578125
2025-09-05,105.64013671875
2025-09-08,105.48104095458984
2025-09-09,105.68489074707031
2025-09-10,105.95336151123047
2025-09-11,106.06771087646484
2025-09-12,105.7843246459961
2025-09-15,105.84895324707031
2025-09-16,106.09256744384766
2025-09-17,106.43562316894531
2025-09-18,106.44058990478516
2025-09-19,106.44556427001953
2025-09-22,106.47042083740234
2025-09-23,106.0975341796875
2025-09-24,106.12239837646484
2025-09-25,106.31629943847656
2025-09-26,106.54499816894531
2025-09-29,106.50025939941406
2025-09-30,106.1870346069336
2025-10-01,106.1025161743164
2025-10-02,106.07765197753906
2025-10-03,105.64511108398438
2025-10-06,105.67494201660156
2025-10-07,105.80420684814453
2025-10-08,105.84895324707031
2025-10-09,105.91358184814453
2025-10-10,106.19697570800781
2025-10-13,106.30635833740234
2025-10-14,106.4654541015625
2025-10-15,106.68917846679688
2025-10-16,106.77369689941406
2025-10-17,106.73392486572266
2025-10-20,106.72895812988281
2025-10-21,106.7985610961914
2025-10-22,106.77369689941406
2025-10-23,106.9924545288086
2025-10-27,106.8830795288086
2025-10-28,106.95268249511719
2025-10-29,106.9278335571289
2025-10-30,106.96263122558594
2025-10-31,106.95268249511719
2025-11-03,107.10680389404297
2025-11-04,107.2311019897461
2025-11-05,107.0123519897461
2025-11-06,107.06206512451172
2025-11-07,106.89302062988281
2025-11-10,106.9974365234375
2025-11-11,106.74884796142578
2025-11-12,106.54499816894531
2025-11-13,106.56488800048828
2025-11-14,106.5748291015625
2025-11-17,106.73889923095703
2025-11-18,106.6444320678711
2025-11-19,106.79358673095703
2025-11-20,106.45550537109375
2025-11-21,106.65934753417969
2025-11-24,106.55494689941406
2025-11-25,106.84329986572266
2025-11-26,106.74884796142578
2025-11-27,106.6444320678711
2025-11-28,106.5748291015625
2025-12-01,106.47539520263672
2025-12-02,106.62952423095703
2025-12-03,106.61957550048828
2025-12-04,106.72895812988281
2025-12-05,106.49527740478516
2025-12-08,105.57550811767578
2025-12-09,105.44623565673828
2025-12-10,105.55065155029297
2025-12-11,105.10318756103516
2025-12-12,104.7452163696289
2025-12-15,105.11809539794922
2025-12-16,105.07335662841797
2025-12-17,105.10318756103516
2025-12-18,105.02861022949219
2025-12-19,104.61595153808594
2025-12-22,104.7999038696289
2025-12-23,104.95404052734375
2025-12-29,105.06341552734375
2025-12-30,105.2225112915039
2026-01-05,105.5705337524414
2026-01-06,105.40149688720703
2026-01-07,105.24239349365234
2026-01-08,105.37663269042969
2026-01-09,105.39154815673828
2026-01-12,105.42137908935547
2026-01-13,105.60533905029297
2026-01-14,105.44126892089844
2026-01-15,105.6003646850586
2026-01-16,105.7694091796875
2026-01-19,105.66499328613281
2026-01-20,105.16500091552734
2026-01-21,105.55999755859375
2026-01-22,105.53500366210938
2026-01-23,105.13999938964844
2026-01-26,105.51000213623047
2026-01-27,105.68000030517578
2026-01-28,105.80000305175781
2026-01-29,105.9800033569336
2026-01-30,106.1500015258789
2026-02-02,105.91500091552734
2026-02-03,105.33499908447266
2026-02-04,105.69999694824219
2026-02-05,105.80000305175781
2026-02-06,105.5999984741211
2026-02-09,105.5250015258789
2026-02-10,105.76499938964844
2026-02-11,105.36000061035156
2026-02-12,105.66000366210938
2026-02-13,105.5
2026-02-16,105.98999786376953
2026-02-17,105.94999694824219
2026-02-18,105.94499969482422
2026-02-19,105.80000305175781
2026-02-20,105.58999633789062
2026-02-23,105.68000030517578
2026-02-24,105.9000015258789
2026-02-25,105.94000244140625
2026-02-26,106.0999984741211
2026-02-27,106.01499938964844
2026-03-02,105.73999786376953
2026-03-03,105.30000305175781
2026-03-04,105.33000183105469
2026-03-05,104.70500183105469
2026-03-06,104.76499938964844
2026-03-09,104.19499969482422
2026-03-10,104.4000015258789
2026-03-11,104.4000015258789
2026-03-12,104.26000213623047
2026-03-13,104.27999877929688
2026-03-16,104.43499755859375
2026-03-17,104.99500274658203
2026-03-18,104.81500244140625
2026-03-19,104.9000015258789
2026-03-20,104.54000091552734
2026-03-23,104.5
2026-03-24,104.19999694824219
2026-03-25,104.83000183105469
2026-03-26,104.56500244140625
2026-03-27,104.4000015258789
2026-03-30,104.63999938964844
2026-03-31,104.55000305175781
2026-04-01,104.99500274658203
2026-04-02,104.18499755859375
2026-04-07,104.0
2026-04-08,104.58000183105469
2026-04-09,104.03500366210938
2026-04-10,104.19000244140625
2026-04-13,103.8499984741211
2026-04-14,104.26000213623047
2026-04-15,104.16000366210938
2026-04-16,104.23999786376953
2026-04-17,104.58000183105469
2026-04-20,104.30999755859375
2026-04-21,104.23999786376953
2026-04-22,104.38500213623047
2026-04-23,104.41999816894531
2026-04-24,104.36000061035156
2026-04-27,104.23999786376953
2026-04-28,104.09500122070312
2026-04-29,104.2750015258789
2026-04-30,104.41500091552734
2026-05-04,104.57499694824219
2026-05-05,104.30000305175781
2026-05-06,104.73999786376953
2026-05-07,104.87999725341797
2026-05-08,104.7300033569336
2026-05-11,104.58000183105469
2026-05-12,104.04000091552734
2026-05-13,103.86000061035156
2026-05-15,103.44499969482422
2026-05-18,102.6500015258789
2026-05-19,102.4000015258789
2026-05-20,103.0999984741211
2026-05-21,102.48999786376953
2026-05-22,102.70999908447266
2026-05-26,103.26000213623047
2026-05-27,103.80000305175781
2026-05-28,104.26499938964844
2026-05-29,104.07499694824219
2026-06-01,104.19999694824219
2026-06-02,104.5999984741211
2026-06-03,104.44000244140625
2026-06-04,104.40499877929688
2026-06-05,104.13500213623047
2026-06-08,104.09500122070312
2026-06-09,104.0199966430664
2026-06-10,103.88999938964844
2026-06-11,103.9800033569336
2026-06-12,104.05999755859375
2026-06-15,104.76000213623047
2026-06-16,105.0
2026-06-17,105.26000213623047
2026-06-18,105.23999786376953
2026-06-19,104.82499694824219
2026-06-22,105.13999938964844
2026-06-23,105.1050033569336
2026-06-24,105.57499694824219
2026-06-25,105.80999755859375
2026-06-26,105.8550033569336
2026-06-29,105.83499908447266
2026-06-30,105.5
2026-07-01,105.625
