,DBMF
2019-05-08,16.458236694335938
2019-05-09,16.467451095581055
2019-05-10,16.470081329345703
2019-05-13,16.349632263183594
2019-05-14,16.443096160888672
2019-05-15,16.648452758789062
2019-05-16,16.82748794555664
2019-05-17,16.880138397216797
2019-05-20,16.771535873413086
2019-05-21,16.78996467590332
2019-05-22,16.80049705505371
2019-05-23,16.708351135253906
2019-05-24,16.743234634399414
2019-05-28,16.847885131835938
2019-05-29,16.780094146728516
2019-05-30,16.814979553222656
2019-05-31,16.682682037353516
2019-06-03,16.624099731445312
2019-06-04,16.65174674987793
2019-06-05,16.714933395385742
2019-06-06,16.69189453125
2019-06-07,16.820903778076172
2019-06-10,16.73599624633789
2019-06-11,16.70176887512207
2019-06-12,16.774826049804688
2019-06-13,16.87421417236328
2019-06-14,16.953861236572266
2019-06-17,16.948593139648438
2019-06-18,17.077594757080078
2019-06-19,17.138151168823242
2019-06-20,17.10853385925293
2019-06-21,16.83340835571289
2019-06-24,16.876848220825195
2019-06-25,16.903175354003906
2019-06-26,16.72480583190918
2019-06-27,16.826946258544922
2019-06-28,16.906024932861328
2019-07-01,16.9752140045166
2019-07-02,17.13007354736328
2019-07-03,17.286909103393555
2019-07-05,17.116239547729492
2019-07-08,17.079994201660156
2019-07-09,17.060882568359375
2019-07-10,17.034523010253906
2019-07-11,16.89218521118164
2019-07-12,16.93567657470703
2019-07-15,17.024635314941406
2019-07-16,17.018051147460938
2019-07-17,17.08395004272461
2019-07-18,17.08395004272461
2019-07-19,17.073402404785156
2019-07-22,17.110305786132812
2019-07-23,17.216400146484375
2019-07-24,17.362695693969727
2019-07-25,17.20981216430664
2019-07-26,17.33172035217285
2019-07-29,17.307336807250977
2019-07-30,17.19795036315918
2019-07-31,17.275707244873047
2019-08-01,17.414091110229492
2019-08-02,17.282957077026367
2019-08-05,17.028593063354492
2019-08-06,17.29547882080078
2019-08-07,17.350831985473633
2019-08-08,17.52480125427246
2019-08-09,17.373239517211914
2019-08-12,17.62101173400879
2019-08-13,17.70799446105957
2019-08-14,17.959068298339844
2019-08-15,18.269447326660156
2019-08-16,18.21804428100586
2019-08-19,18.067138671875
2019-08-20,18.148193359375
2019-08-21,18.118539810180664
2019-08-22,18.020353317260742
2019-08-23,18.073070526123047
2019-08-26,18.174549102783203
2019-08-27,18.41309928894043
2019-08-28,18.480314254760742
2019-08-29,18.47570037841797
2019-08-30,18.568618774414062
2019-09-03,18.655603408813477
2019-09-04,18.692502975463867
2019-09-05,18.333362579345703
2019-09-06,18.419031143188477
2019-09-09,18.098770141601562
2019-09-10,17.839792251586914
2019-09-11,17.9149169921875
2019-09-12,17.777849197387695
2019-09-13,17.433862686157227
2019-09-16,17.680322647094727
2019-09-17,17.69877052307129
2019-09-18,17.800251007080078
2019-09-19,17.812776565551758
2019-09-20,18.001239776611328
2019-09-23,18.057252883911133
2019-09-24,18.187070846557617
2019-09-25,18.105358123779297
2019-09-26,18.212112426757812
2019-09-27,18.19099235534668
2019-09-30,18.284725189208984
2019-10-01,18.276805877685547
2019-10-02,18.30320930480957
2019-10-03,18.41014289855957
2019-10-04,18.478792190551758
2019-10-07,18.393638610839844
2019-10-08,18.386377334594727
2019-10-09,18.34479331970215
2019-10-10,18.17317008972168
2019-10-11,18.066232681274414
2019-10-14,18.149402618408203
2019-10-15,18.06755256652832
2019-10-16,18.033884048461914
2019-10-17,17.962596893310547
2019-10-18,17.905170440673828
2019-10-21,17.855661392211914
2019-10-22,17.90384864807129
2019-10-23,17.92893409729004
2019-10-24,17.98305892944336
2019-10-25,17.96919822692871
2019-10-28,17.87876319885254
2019-10-29,17.87876319885254
2019-10-30,17.968536376953125
2019-10-31,18.078113555908203
2019-11-01,18.043787002563477
2019-11-04,18.023984909057617
2019-11-05,17.97117805480957
2019-11-06,18.03058624267578
2019-11-07,17.90648651123047
2019-11-08,17.895263671875
2019-11-11,17.88866424560547
2019-11-12,17.94807243347168
2019-11-13,17.975141525268555
2019-11-14,18.00088119506836
2019-11-15,17.994279861450195
2019-11-18,18.00088119506836
2019-11-19,18.033884048461914
2019-11-20,18.056989669799805
2019-11-21,18.023324966430664
2019-11-22,18.09725570678711
2019-11-25,18.215415954589844
2019-11-26,18.255022048950195
2019-11-27,18.278121948242188
2019-11-29,18.20947265625
2019-12-02,17.951374053955078
2019-12-03,18.045108795166016
2019-12-04,18.063587188720703
2019-12-05,17.98438262939453
2019-12-06,18.083393096923828
2019-12-09,18.060293197631836
2019-12-10,17.9777774810791
2019-12-11,18.033226013183594
2019-12-12,18.033226013183594
2019-12-13,18.207489013671875
2019-12-16,18.222015380859375
2019-12-17,18.188352584838867
2019-12-18,18.1593074798584
2019-12-19,18.189010620117188
2019-12-20,18.310470581054688
2019-12-23,18.297924041748047
2019-12-24,18.31509017944336
2019-12-26,18.3989200592041
2019-12-27,18.36943244934082
2019-12-30,18.20258331298828
2019-12-31,18.21409034729004
2020-01-02,18.454299926757812
2020-01-03,18.414026260375977
2020-01-06,18.450700759887695
2020-01-07,18.421934127807617
2020-01-08,18.427688598632812
2020-01-09,18.49529266357422
2020-01-10,18.493854522705078
2020-01-13,18.55858039855957
2020-01-14,18.565053939819336
2020-01-15,18.595258712768555
2020-01-16,18.696666717529297
2020-01-17,18.773616790771484
2020-01-21,18.717519760131836
2020-01-22,18.746288299560547
2020-01-23,18.79591178894043
2020-01-24,18.700260162353516
2020-01-27,18.460771560668945
2020-01-28,18.54132080078125
2020-01-29,18.654232025146484
2020-01-30,18.6304988861084
2020-01-31,18.396764755249023
2020-02-03,18.487380981445312
2020-02-04,18.555706024169922
2020-02-05,18.59453773498535
2020-02-06,18.70241928100586
2020-02-07,18.738378524780273
2020-02-10,18.91529655456543
2020-02-11,18.92249298095703
2020-02-12,18.986495971679688
2020-02-13,18.957008361816406
2020-02-14,19.02605438232422
2020-02-18,19.112354278564453
2020-02-19,19.249000549316406
2020-02-20,19.283517837524414
2020-02-21,19.266977310180664
2020-02-24,18.940467834472656
2020-02-25,18.59885597229004
2020-02-26,18.588069915771484
2020-02-27,18.104055404663086
2020-02-28,18.00768280029297
2020-03-02,18.37590980529785
2020-03-03,18.503923416137695
2020-03-04,18.76570701599121
2020-03-05,18.683002471923828
2020-03-06,18.84625244140625
2020-03-09,18.277376174926758
2020-03-10,18.459331512451172
2020-03-11,18.17885398864746
2020-03-12,17.469017028808594
2020-03-13,17.940080642700195
2020-03-16,17.893333435058594
2020-03-17,17.483396530151367
2020-03-18,17.27267837524414
2020-03-19,17.505693435668945
2020-03-20,17.77035140991211
2020-03-23,17.978199005126953
2020-03-24,18.2061824798584
2020-03-25,18.089672088623047
2020-03-26,18.182443618774414
2020-03-27,18.248655319213867
2020-03-30,18.350847244262695
2020-03-31,18.2421817779541
2020-04-01,18.263769149780273
2020-04-02,18.28607749938965
2020-04-03,18.173812866210938
2020-04-06,18.412736892700195
2020-04-07,18.281757354736328
2020-04-08,18.266647338867188
2020-04-09,18.34365463256836
2020-04-13,18.350126266479492
2020-04-14,18.409143447875977
2020-04-15,18.476070404052734
2020-04-16,18.535079956054688
2020-04-17,18.505577087402344
2020-04-20,18.602012634277344
2020-04-21,18.671104431152344
2020-04-22,18.766098022460938
2020-04-23,18.766098022460938
2020-04-24,18.83734703063965
2020-04-27,18.81575584411621
2020-04-28,18.87333106994629
2020-04-29,18.812156677246094
2020-04-30,18.646635055541992
2020-05-01,18.585460662841797
2020-05-04,18.585460662841797
2020-05-05,18.56243133544922
2020-05-06,18.502702713012695
2020-05-07,18.502702713012695
2020-05-08,18.502702713012695
2020-05-11,18.513492584228516
2020-05-12,18.509897232055664
2020-05-13,18.596254348754883
2020-05-14,18.589059829711914
2020-05-15,18.585460662841797
2020-05-18,18.26593017578125
2020-05-19,18.252975463867188
2020-05-20,18.171653747558594
2020-05-21,18.22562599182129
2020-05-22,18.293996810913086
2020-05-26,18.070898056030273
2020-05-27,18.15509796142578
2020-05-28,18.038515090942383
2020-05-29,18.070898056030273
2020-06-01,17.998931884765625
2020-06-02,17.869394302368164
2020-06-03,17.65205192565918
2020-06-04,17.58152198791504
2020-06-05,17.58152198791504
2020-06-08,17.682273864746094
2020-06-09,17.667882919311523
2020-06-10,17.711063385009766
2020-06-11,17.660688400268555
2020-06-12,17.682273864746094
2020-06-15,17.682273864746094
2020-06-16,17.64629364013672
2020-06-17,17.575044631958008
2020-06-18,17.516754150390625
2020-06-19,17.61246681213379
2020-06-22,17.667882919311523
2020-06-23,17.62470054626465
2020-06-24,17.562089920043945
2020-06-25,17.613910675048828
2020-06-26,17.639095306396484
2020-06-29,17.654207229614258
2020-06-30,17.732650756835938
2020-07-01,17.618227005004883
2020-07-02,17.6283016204834
2020-07-06,17.74632453918457
2020-07-07,17.806781768798828
2020-07-08,17.837003707885742
2020-07-09,17.901775360107422
2020-07-10,17.869394302368164
2020-07-13,17.80461883544922
2020-07-14,17.837003707885742
2020-07-15,17.91257095336914
2020-07-16,17.844202041625977
2020-07-17,17.85140037536621
2020-07-20,17.896020889282227
2020-07-21,18.029878616333008
2020-07-22,18.088886260986328
2020-07-23,18.152938842773438
2020-07-24,18.160856246948242
2020-07-27,18.25441551208496
2020-07-28,18.297592163085938
2020-07-29,18.348690032958984
2020-07-30,18.35588836669922
2020-07-31,18.36452293395996
2020-08-03,18.467435836791992
2020-08-04,18.65311050415039
2020-08-05,18.679018020629883
2020-08-06,18.679018020629883
2020-08-07,18.481109619140625
2020-08-10,18.4487247467041
2020-08-11,18.1112003326416
2020-08-12,18.075214385986328
2020-08-13,18.047149658203125
2020-08-14,18.034914016723633
2020-08-17,18.171653747558594
2020-08-18,18.28536033630371
2020-08-19,18.063703536987305
2020-08-20,18.12990951538086
2020-08-21,18.1248722076416
2020-08-24,18.145021438598633
2020-08-25,18.135669708251953
2020-08-26,18.200441360473633
2020-08-27,18.082412719726562
2020-08-28,18.204755783081055
2020-08-31,18.247217178344727
2020-09-01,18.308387756347656
2020-09-02,18.405548095703125
2020-09-03,18.276002883911133
2020-09-04,18.122713088989258
2020-09-08,18.056507110595703
2020-09-09,18.114078521728516
2020-09-10,18.082412719726562
2020-09-11,18.088886260986328
2020-09-14,18.222747802734375
2020-09-15,18.171653747558594
2020-09-16,18.00252914428711
2020-09-17,17.945676803588867
2020-09-18,17.91689109802246
2020-09-21,17.753524780273438
2020-09-22,17.72689437866211
2020-09-23,17.567848205566406
2020-09-24,17.51459312438965
2020-09-25,17.501638412475586
2020-09-28,17.74704933166504
2020-09-29,17.7729549407959
2020-09-30,17.698827743530273
2020-10-01,17.802461624145508
2020-10-02,17.80461883544922
2020-10-05,17.736968994140625
2020-10-06,17.649890899658203
2020-10-07,17.652767181396484
2020-10-08,17.65349006652832
2020-10-09,17.820451736450195
2020-10-12,17.941356658935547
2020-10-13,17.857873916625977
2020-10-14,17.757122039794922
2020-10-15,17.654207229614258
2020-10-16,17.76863670349121
2020-10-19,17.63117790222168
2020-10-20,17.70746421813965
2020-10-21,17.879467010498047
2020-10-22,17.8765869140625
2020-10-23,17.94351577758789
2020-10-26,17.80461883544922
2020-10-27,17.795982360839844
2020-10-28,17.740568161010742
2020-10-29,17.767196655273438
2020-10-30,17.6973876953125
2020-11-02,17.70026969909668
2020-11-03,17.7391300201416
2020-11-04,17.68947410583496
2020-11-05,17.9658260345459
2020-11-06,18.113359451293945
2020-11-09,17.812536239624023
2020-11-10,17.747764587402344
2020-11-11,17.736968994140625
2020-11-12,17.74344825744629
2020-11-13,17.932004928588867
2020-11-16,17.938478469848633
2020-11-17,17.998931884765625
2020-11-18,17.984539031982422
2020-11-19,17.977338790893555
2020-11-20,17.980941772460938
2020-11-23,17.888822555541992
2020-11-24,17.99101448059082
2020-11-25,17.944957733154297
2020-11-27,18.071619033813477
2020-11-30,17.826210021972656
2020-12-01,18.042831420898438
2020-12-02,18.006126403808594
2020-12-03,18.125595092773438
2020-12-04,18.14646339416504
2020-12-07,18.109041213989258
2020-12-08,18.09752655029297
2020-12-09,18.052907943725586
2020-12-10,18.234981536865234
2020-12-11,18.12775230407715
2020-12-14,18.11911392211914
2020-12-15,18.32206153869629
2020-12-16,18.422096252441406
2020-12-17,18.550195693969727
2020-12-18,18.501256942749023
2020-12-21,18.29183578491211
2020-12-22,18.126314163208008
2020-12-23,18.300472259521484
2020-12-24,18.23138427734375
2020-12-28,18.286800384521484
2020-12-29,18.43115997314453
2020-12-30,18.62920379638672
2020-12-31,18.54215431213379
2021-01-04,18.570446014404297
2021-01-05,19.040529251098633
2021-01-06,18.915752410888672
2021-01-07,18.84828758239746
2021-01-08,19.04560661315918
2021-01-11,18.774290084838867
2021-01-12,18.938241958618164
2021-01-13,18.86714744567871
2021-01-14,18.999176025390625
2021-01-15,18.65459442138672
2021-01-19,18.885286331176758
2021-01-20,19.142087936401367
2021-01-21,19.18996810913086
2021-01-22,19.0158634185791
2021-01-25,19.055034637451172
2021-01-26,18.95564842224121
2021-01-27,18.687240600585938
2021-01-28,18.796052932739258
2021-01-29,18.52039337158203
2021-02-01,18.736570358276367
2021-02-02,18.85699462890625
2021-02-03,19.012962341308594
2021-02-04,18.98756980895996
2021-02-05,19.194320678710938
2021-02-08,19.292980194091797
2021-02-09,19.42500877380371
2021-02-10,19.426456451416016
2021-02-11,19.499727249145508
2021-02-12,19.706478118896484
2021-02-16,19.84068489074707
2021-02-17,19.760162353515625
2021-02-18,19.630308151245117
2021-02-19,19.74637794494629
2021-02-22,19.84068489074707
2021-02-23,19.908151626586914
2021-02-24,20.016239166259766
2021-02-25,19.964008331298828
2021-02-26,19.343036651611328
2021-03-01,19.589683532714844
2021-03-02,19.492473602294922
2021-03-03,19.62668228149414
2021-03-04,19.691970825195312
2021-03-05,19.88421058654785
2021-03-08,19.661500930786133
2021-03-09,19.72896385192871
2021-03-10,19.795705795288086
2021-03-11,20.13231086730957
2021-03-12,20.234594345092773
2021-03-15,20.190345764160156
2021-03-16,20.18018913269043
2021-03-17,20.334707260131836
2021-03-18,19.936439514160156
2021-03-19,20.052509307861328
2021-03-22,19.97779083251953
2021-03-23,19.549781799316406
2021-03-24,19.514963150024414
2021-03-25,19.568647384643555
2021-03-26,19.874778747558594
2021-03-29,19.9284610748291
2021-03-30,19.784099578857422
2021-03-31,19.90742301940918
2021-04-01,19.934988021850586
2021-04-05,20.116348266601562
2021-04-06,20.05831527709961
2021-04-07,20.03727912902832
2021-04-08,20.05178451538086
2021-04-09,20.102563858032227
2021-04-12,20.096759796142578
2021-04-13,20.109094619750977
2021-04-14,20.20848274230957
2021-04-15,20.188167572021484
2021-04-16,20.297706604003906
2021-04-19,20.577726364135742
2021-04-20,20.074275970458984
2021-04-21,20.162778854370117
2021-04-22,20.059764862060547
2021-04-23,20.328176498413086
2021-04-26,20.282474517822266
2021-04-27,20.413776397705078
2021-04-28,20.418855667114258
2021-04-29,20.538555145263672
2021-04-30,20.35429573059082
2021-05-03,20.444971084594727
2021-05-04,20.287555694580078
2021-05-05,20.515342712402344
2021-05-06,20.43553924560547
2021-05-07,20.71845817565918
2021-05-10,20.696699142456055
2021-05-11,20.51243782043457
2021-05-12,20.217910766601562
2021-05-13,20.232418060302734
2021-05-14,20.72571563720703
2021-05-17,20.75473403930664
2021-05-18,20.732967376708984
2021-05-19,20.415952682495117
2021-05-20,20.508085250854492
2021-05-21,20.56321907043457
2021-05-24,20.76706886291504
2021-05-25,20.788829803466797
2021-05-26,20.791006088256836
2021-05-27,20.95060157775879
2021-05-28,20.9426212310791
2021-06-01,20.73006820678711
2021-06-02,20.903446197509766
2021-06-03,20.815670013427734
2021-06-04,20.93609619140625
2021-06-07,20.885313034057617
2021-06-08,20.92521095275879
2021-06-09,21.089160919189453
2021-06-10,21.01806640625
2021-06-11,20.970916748046875
2021-06-14,20.965112686157227
2021-06-15,21.12253189086914
2021-06-16,20.837434768676758
2021-06-17,20.553789138793945
2021-06-18,20.387664794921875
2021-06-21,20.60964584350586
2021-06-22,20.693073272705078
2021-06-23,20.65317153930664
2021-06-24,20.83090591430664
2021-06-25,20.798259735107422
2021-06-28,20.65752601623535
2021-06-29,20.668405532836914
2021-06-30,20.669858932495117
2021-07-01,20.823650360107422
2021-07-02,20.983247756958008
2021-07-06,20.751832962036133
2021-07-07,20.695974349975586
2021-07-08,20.53057098388672
2021-07-09,20.71483612060547
2021-07-12,20.85629653930664
2021-07-13,20.748929977416992
2021-07-14,20.775774002075195
2021-07-15,20.65607452392578
2021-07-16,20.616897583007812
2021-07-19,20.05831527709961
2021-07-20,20.235319137573242
2021-07-21,20.59876823425293
2021-07-22,20.689443588256836
2021-07-23,20.80188751220703
2021-07-26,20.820024490356445
2021-07-27,20.68581771850586
2021-07-28,20.78738021850586
2021-07-29,20.80914306640625
2021-07-30,20.82292366027832
2021-08-02,20.791006088256836
2021-08-03,20.783748626708984
2021-08-04,20.5487117767334
2021-08-05,20.610370635986328
2021-08-06,20.426834106445312
2021-08-09,20.138113021850586
2021-08-10,20.280298233032227
2021-08-11,20.279573440551758
2021-08-12,20.347763061523438
2021-08-13,20.3717041015625
2021-08-16,20.51243782043457
2021-08-17,20.23894691467285
2021-08-18,19.96183204650879
2021-08-19,20.076448440551758
2021-08-20,20.1809139251709
2021-08-23,20.39056396484375
2021-08-24,20.34123420715332
2021-08-25,20.3970947265625
2021-08-26,20.315845489501953
2021-08-27,20.43553924560547
2021-08-30,20.46455955505371
2021-08-31,20.272321701049805
2021-09-01,20.75908660888672
2021-09-02,20.450773239135742
2021-09-03,20.52259635925293
2021-09-07,20.545080184936523
2021-09-08,20.479066848754883
2021-09-09,20.547258377075195
2021-09-10,20.241846084594727
2021-09-13,20.394189834594727
2021-09-14,20.374605178833008
2021-09-15,20.498655319213867
2021-09-16,20.577726364135742
2021-09-17,20.284650802612305
2021-09-20,20.135936737060547
2021-09-21,20.10546875
2021-09-22,20.27884864807129
2021-09-23,20.304964065551758
2021-09-24,20.307140350341797
2021-09-27,20.20775604248047
2021-09-28,20.01116180419922
2021-09-29,20.167131423950195
2021-09-30,20.244752883911133
2021-10-01,20.188894271850586
2021-10-04,20.06121826171875
2021-10-05,20.18236541748047
2021-10-06,20.17438316345215
2021-10-07,20.15552520751953
2021-10-08,20.29045295715332
2021-10-11,20.359373092651367
2021-10-12,20.2701416015625
2021-10-13,20.32672691345215
2021-10-14,20.49212646484375
2021-10-15,20.660425186157227
2021-10-18,20.529848098754883
2021-10-19,20.687992095947266
2021-10-20,20.759811401367188
2021-10-21,20.835256576538086
2021-10-22,20.80624008178711
2021-10-25,20.885313034057617
2021-10-26,20.895465850830078
2021-10-27,20.777223587036133
2021-10-28,20.76923942565918
2021-10-29,21.088436126708984
2021-11-01,21.12108039855957
2021-11-02,21.044187545776367
2021-11-03,20.888938903808594
2021-11-04,20.71845817565918
2021-11-05,21.01951789855957
2021-11-08,20.973817825317383
2021-11-09,21.12470817565918
2021-11-10,21.06304359436035
2021-11-11,21.059417724609375
2021-11-12,21.09568977355957
2021-11-15,21.17548370361328
2021-11-16,21.28067398071289
2021-11-17,20.98252296447754
2021-11-18,21.110197067260742
2021-11-19,20.812767028808594
2021-11-22,20.99847984313965
2021-11-23,21.22989273071289
2021-11-24,21.171859741210938
2021-11-26,20.297706604003906
2021-11-29,20.228796005249023
2021-11-30,20.5878849029541
2021-12-01,19.967634201049805
2021-12-02,19.966184616088867
2021-12-03,20.061941146850586
2021-12-06,20.076448440551758
2021-12-07,20.37750816345215
2021-12-08,20.43916893005371
2021-12-09,20.34123420715332
2021-12-10,20.344863891601562
2021-12-13,20.34848976135254
2021-12-14,20.384761810302734
2021-12-15,20.49357795715332
2021-12-16,20.500829696655273
2021-12-17,20.3724308013916
2021-12-20,20.314393997192383
2021-12-21,20.446422576904297
2021-12-22,20.27304458618164
2021-12-23,20.42973518371582
2021-12-27,20.617624282836914
2021-12-28,20.92884063720703
2021-12-29,20.49357795715332
2021-12-30,20.707544326782227
2021-12-31,20.673086166381836
2022-01-03,20.85980796813965
2022-01-04,20.701133728027344
2022-01-05,20.659461975097656
2022-01-06,20.74761199951172
2022-01-07,20.87583351135254
2022-01-10,20.564096450805664
2022-01-11,20.560890197753906
2022-01-12,20.463924407958984
2022-01-13,20.314067840576172
2022-01-14,20.59855842590332
2022-01-18,20.9158992767334
2022-01-19,20.85980796813965
2022-01-20,20.9158992767334
2022-01-21,20.643434524536133
2022-01-24,20.548070907592773
2022-01-25,20.755624771118164
2022-01-26,20.88384437561035
2022-01-27,20.87583351135254
2022-01-28,21.036108016967773
2022-01-31,20.755624771118164
2022-02-01,20.763639450073242
2022-02-02,20.790084838867188
2022-02-03,20.81171989440918
2022-02-04,21.04412269592285
2022-02-07,20.803707122802734
2022-02-08,20.731586456298828
2022-02-09,20.907888412475586
2022-02-10,20.955970764160156
2022-02-11,21.412752151489258
2022-02-14,21.468852996826172
2022-02-15,21.14028549194336
2022-02-16,21.116243362426758
2022-02-17,20.899873733520508
2022-02-18,20.9158992767334
2022-02-22,21.06816291809082
2022-02-23,21.19638442993164
2022-02-24,21.50891876220703
2022-02-25,21.476863861083984
2022-02-28,21.400733947753906
2022-03-01,21.84549903869629
2022-03-02,22.039430618286133
2022-03-03,21.989744186401367
2022-03-04,21.861528396606445
2022-03-07,22.527467727661133
2022-03-08,22.783103942871094
2022-03-09,22.286252975463867
2022-03-10,22.466564178466797
2022-03-11,22.598791122436523
2022-03-14,22.494611740112305
2022-03-15,22.2622127532959
2022-03-16,21.973716735839844
2022-03-17,22.1444091796875
2022-03-18,22.150020599365234
2022-03-21,22.821577072143555
2022-03-22,23.336057662963867
2022-03-23,23.560441970825195
2022-03-24,23.27996063232422
2022-03-25,23.55803680419922
2022-03-28,23.421001434326172
2022-03-29,23.28877830505371
2022-03-30,23.17578125
2022-03-31,22.913732528686523
2022-04-01,23.119686126708984
2022-04-04,23.389747619628906
2022-04-05,23.656604766845703
2022-04-06,23.632564544677734
2022-04-07,23.729530334472656
2022-04-08,23.921058654785156
2022-04-11,24.073320388793945
2022-04-12,24.20795249938965
2022-04-13,24.401887893676758
2022-04-14,24.602231979370117
2022-04-18,24.858671188354492
2022-04-19,25.108699798583984
2022-04-20,24.68236541748047
2022-04-21,25.01894187927246
2022-04-22,24.954833984375
2022-04-25,24.67435646057129
2022-04-26,24.69038200378418
2022-04-27,24.922779083251953
2022-04-28,25.415624618530273
2022-04-29,25.339494705200195
2022-05-02,25.892444610595703
2022-05-03,25.42764663696289
2022-05-04,25.1519718170166
2022-05-05,25.579906463623047
2022-05-06,25.956558227539062
2022-05-09,25.619976043701172
2022-05-10,25.387577056884766
2022-05-11,25.529420852661133
2022-05-12,25.418031692504883
2022-05-13,25.74819564819336
2022-05-16,25.90847396850586
2022-05-17,25.563879013061523
2022-05-18,25.563879013061523
2022-05-19,25.339494705200195
2022-05-20,25.29942512512207
2022-05-23,25.19525146484375
2022-05-24,24.970861434936523
2022-05-25,25.034975051879883
2022-05-26,25.05901336669922
2022-05-27,24.946819305419922
2022-05-31,25.091066360473633
2022-06-01,25.52381134033203
2022-06-02,25.435659408569336
2022-06-03,25.756208419799805
2022-06-06,25.94854164123535
2022-06-07,25.8684024810791
2022-06-08,26.204980850219727
2022-06-09,26.3011474609375
2022-06-10,26.35724449157715
2022-06-13,26.709848403930664
2022-06-14,26.693822860717773
2022-06-15,26.212993621826172
2022-06-16,26.148889541625977
2022-06-17,26.164915084838867
2022-06-21,26.421354293823242
2022-06-22,25.9805965423584
2022-06-23,25.700115203857422
2022-06-24,25.644018173217773
2022-06-27,25.820323944091797
2022-06-28,26.052715301513672
2022-06-29,26.17292594909668
2022-06-30,25.964569091796875
2022-07-01,25.772235870361328
2022-07-05,25.708127975463867
2022-07-06,25.732168197631836
2022-07-07,25.812307357788086
2022-07-08,25.892444610595703
2022-07-11,26.068748474121094
2022-07-12,25.80429458618164
2022-07-13,25.956558227539062
2022-07-14,26.148889541625977
2022-07-15,25.94854164123535
2022-07-18,26.11682891845703
2022-07-19,25.892444610595703
2022-07-20,26.012651443481445
2022-07-21,25.636005401611328
2022-07-22,25.379560470581055
2022-07-25,25.499771118164062
2022-07-26,25.732168197631836
2022-07-27,25.459699630737305
2022-07-28,25.179218292236328
2022-07-29,25.034975051879883
2022-08-01,24.738466262817383
2022-08-02,25.034975051879883
2022-08-03,25.179218292236328
2022-08-04,24.79456329345703
2022-08-05,25.08305549621582
2022-08-08,25.219287872314453
2022-08-09,25.219287872314453
2022-08-10,24.818601608276367
2022-08-11,24.986892700195312
2022-08-12,24.858671188354492
2022-08-15,24.96285057067871
2022-08-16,24.986892700195312
2022-08-17,25.05901336669922
2022-08-18,25.2753849029541
2022-08-19,25.50778579711914
2022-08-22,25.563879013061523
2022-08-23,25.587923049926758
2022-08-24,25.563879013061523
2022-08-25,25.347509384155273
2022-08-26,25.467716217041016
2022-08-29,25.579906463623047
2022-08-30,25.692100524902344
2022-08-31,25.71613883972168
2022-09-01,26.124841690063477
2022-09-02,26.100801467895508
2022-09-06,26.437379837036133
2022-09-07,26.25306510925293
2022-09-08,26.35724449157715
2022-09-09,26.26909065246582
2022-09-12,26.020668029785156
2022-09-13,26.421354293823242
2022-09-14,26.38929557800293
2022-09-15,26.453407287597656
2022-09-16,26.37327003479004
2022-09-19,26.437379837036133
2022-09-20,26.6216983795166
2022-09-21,26.76594352722168
2022-09-22,26.82204246520996
2022-09-23,27.118553161621094
2022-09-26,27.503206253051758
2022-09-27,27.69554328918457
2022-09-28,27.102519989013672
2022-09-29,27.13457679748535
2022-09-30,27.19869041442871
2022-10-03,26.878137588500977
2022-10-04,26.381284713745117
2022-10-05,26.637725830078125
2022-10-06,26.942245483398438
2022-10-07,27.22273063659668
2022-10-10,27.43910026550293
2022-10-11,27.503206253051758
2022-10-12,27.43910026550293
2022-10-13,27.415056228637695
2022-10-14,27.69554328918457
2022-10-17,27.350954055786133
2022-10-18,27.246768951416016
2022-10-19,27.727590560913086
2022-10-20,27.879854202270508
2022-10-21,27.591358184814453
2022-10-24,27.743619918823242
2022-10-25,27.399030685424805
2022-10-26,27.02238655090332
2022-10-27,27.094505310058594
2022-10-28,27.262794494628906
2022-10-31,27.4631404876709
2022-11-01,27.294851303100586
2022-11-02,27.53526496887207
2022-11-03,27.703548431396484
2022-11-04,27.38300132751465
2022-11-07,27.415056228637695
2022-11-08,27.006357192993164
2022-11-09,27.102519989013672
2022-11-10,26.044710159301758
2022-11-11,25.65203094482422
2022-11-14,25.74819564819336
2022-11-15,25.49175453186035
2022-11-16,25.30743980407715
2022-11-17,25.499771118164062
2022-11-18,25.627988815307617
2022-11-21,25.764223098754883
2022-11-22,25.595935821533203
2022-11-23,25.29942512512207
2022-11-25,25.2753849029541
2022-11-28,25.371551513671875
2022-11-29,25.42764663696289
2022-11-30,25.034975051879883
2022-12-01,24.770519256591797
2022-12-02,24.69038200378418
2022-12-05,24.938806533813477
2022-12-06,24.922779083251953
2022-12-07,24.71442413330078
2022-12-08,24.69038200378418
2022-12-09,24.874698638916016
2022-12-12,24.842641830444336
2022-12-13,24.642297744750977
2022-12-14,24.59421730041504
2022-12-15,24.58620262145996
2022-12-16,24.76250457763672
2022-12-19,24.75448989868164
2022-12-20,24.914766311645508
2022-12-21,24.810585021972656
2022-12-22,24.97887420654297
2022-12-23,24.954833984375
2022-12-27,24.994905471801758
2022-12-28,25.208209991455078
2022-12-29,25.070035934448242
2022-12-30,25.13912582397461
2023-01-03,25.078672409057617
2023-01-04,24.888683319091797
2023-01-05,24.93186378479004
2023-01-06,24.612333297729492
2023-01-09,24.586423873901367
2023-01-10,24.698692321777344
2023-01-11,24.543243408203125
2023-01-12,24.49143409729004
2023-01-13,24.52597427368164
2023-01-17,24.595060348510742
2023-01-18,24.430980682373047
2023-01-19,24.595060348510742
2023-01-20,24.57778549194336
2023-01-23,24.57778549194336
2023-01-24,24.56915283203125
2023-01-25,24.5518798828125
2023-01-26,24.595060348510742
2023-01-27,24.543243408203125
2023-01-30,24.543243408203125
2023-01-31,24.327346801757812
2023-02-01,24.422344207763672
2023-02-02,24.284170150756836
2023-02-03,24.30143928527832
2023-02-06,24.387802124023438
2023-02-07,24.5518798828125
2023-02-08,24.361892700195312
2023-02-09,24.508705139160156
2023-02-10,24.413707733154297
2023-02-13,24.52597427368164
2023-02-14,24.698692321777344
2023-02-15,24.6555118560791
2023-02-16,24.715965270996094
2023-02-17,24.64687728881836
2023-02-21,24.67278480529785
2023-02-22,24.586423873901367
2023-02-23,24.46552276611328
2023-02-24,24.603696823120117
2023-02-27,24.73323631286621
2023-02-28,24.508705139160156
2023-03-01,24.70732879638672
2023-03-02,24.802324295043945
2023-03-03,24.6555118560791
2023-03-06,24.810956954956055
2023-03-07,24.482797622680664
2023-03-08,24.5518798828125
2023-03-09,24.335983276367188
2023-03-10,23.59329605102539
2023-03-13,22.876514434814453
2023-03-14,23.36876106262207
2023-03-15,22.53108024597168
2023-03-16,22.80742835998535
2023-03-17,22.36699676513672
2023-03-20,22.64334487915039
2023-03-21,22.885150909423828
2023-03-22,22.53108024597168
2023-03-23,22.41880989074707
2023-03-24,22.19428062438965
2023-03-27,22.755613327026367
2023-03-28,22.746976852416992
2023-03-29,22.885150909423828
2023-03-30,22.902423858642578
2023-03-31,22.712430953979492
2023-04-03,22.582895278930664
2023-04-04,22.461992263793945
2023-04-05,22.323816299438477
2023-04-06,22.31517791748047
2023-04-10,22.556989669799805
2023-04-11,22.582895278930664
2023-04-12,22.6865291595459
2023-04-13,22.755613327026367
2023-04-14,22.885150909423828
2023-04-17,23.01468849182129
2023-04-18,23.040597915649414
2023-04-19,23.006053924560547
2023-04-20,22.971513748168945
2023-04-21,22.971513748168945
2023-04-24,23.006053924560547
2023-04-25,22.729707717895508
2023-04-26,22.77288818359375
2023-04-27,22.941286087036133
2023-04-28,22.936965942382812
2023-05-01,23.161500930786133
2023-05-02,22.98878288269043
2023-05-03,22.902423858642578
2023-05-04,22.833335876464844
2023-05-05,22.954238891601562
2023-05-08,22.971513748168945
2023-05-09,23.07513999938965
2023-05-10,22.876514434814453
2023-05-11,22.82469940185547
2023-05-12,22.954238891601562
2023-05-15,23.101049423217773
2023-05-16,22.980146408081055
2023-05-17,23.05787467956543
2023-05-18,23.066505432128906
2023-05-19,23.118322372436523
2023-05-22,23.17013931274414
2023-05-23,23.118322372436523
2023-05-24,22.971513748168945
2023-05-25,23.066505432128906
2023-05-26,23.161500930786133
2023-05-30,23.196041107177734
2023-05-31,23.066505432128906
2023-06-01,23.03196144104004
2023-06-02,23.09241485595703
2023-06-05,23.006053924560547
2023-06-06,23.05787467956543
2023-06-07,23.135595321655273
2023-06-08,23.07513999938965
2023-06-09,23.178773880004883
2023-06-12,23.316946029663086
2023-06-13,23.386035919189453
2023-06-14,23.29967498779297
2023-06-15,23.377399444580078
2023-06-16,23.6019344329834
2023-06-20,23.52420997619629
2023-06-21,23.567392349243164
2023-06-22,23.748743057250977
2023-06-23,23.748743057250977
2023-06-26,23.77465057373047
2023-06-27,23.852373123168945
2023-06-28,23.921463012695312
2023-06-29,23.93009376525879
2023-06-30,23.861007690429688
2023-07-03,23.895551681518555
2023-07-05,23.90418815612793
2023-07-06,23.921463012695312
2023-07-07,23.73146629333496
2023-07-10,23.679655075073242
2023-07-11,23.662382125854492
2023-07-12,23.446483612060547
2023-07-13,23.377399444580078
2023-07-14,23.55011558532715
2023-07-17,23.61056900024414
2023-07-18,23.645111083984375
2023-07-19,23.619205474853516
2023-07-20,23.705562591552734
2023-07-21,23.73146629333496
2023-07-24,23.72283172607422
2023-07-25,23.6710205078125
2023-07-26,23.705562591552734
2023-07-27,23.705562591552734
2023-07-28,23.817829132080078
2023-07-31,23.77465057373047
2023-08-01,23.938730239868164
2023-08-02,23.94736671447754
2023-08-03,24.025094985961914
2023-08-04,23.78329086303711
2023-08-07,23.90418815612793
2023-08-08,23.90418815612793
2023-08-09,23.895551681518555
2023-08-10,23.981914520263672
2023-08-11,24.128721237182617
2023-08-14,24.042362213134766
2023-08-15,24.025094985961914
2023-08-16,24.033729553222656
2023-08-17,24.033729553222656
2023-08-18,24.042362213134766
2023-08-21,24.1805362701416
2023-08-22,24.1114501953125
2023-08-23,23.852373123168945
2023-08-24,23.90418815612793
2023-08-25,23.999187469482422
2023-08-28,23.96463966369629
2023-08-29,23.835102081298828
2023-08-30,23.956005096435547
2023-08-31,23.852373123168945
2023-09-01,23.938730239868164
2023-09-05,24.16326332092285
2023-09-06,24.189172744750977
2023-09-07,24.025094985961914
2023-09-08,24.137359619140625
2023-09-11,24.206445693969727
2023-09-12,24.266897201538086
2023-09-13,24.240989685058594
2023-09-14,24.396438598632812
2023-09-15,24.448251724243164
2023-09-18,24.448251724243164
2023-09-19,24.52597427368164
2023-09-20,24.422344207763672
2023-09-21,24.57778549194336
2023-09-22,24.50006675720215
2023-09-25,24.664146423339844
2023-09-26,24.767778396606445
2023-09-27,24.983673095703125
2023-09-28,24.95777130126953
2023-09-29,24.95777130126953
2023-10-02,25.018220901489258
2023-10-03,25.156394958496094
2023-10-04,24.828231811523438
2023-10-05,24.802324295043945
2023-10-06,24.983673095703125
2023-10-09,24.75050926208496
2023-10-10,24.785053253173828
2023-10-11,24.612333297729492
2023-10-12,24.79368782043457
2023-10-13,24.698692321777344
2023-10-16,24.87141227722168
2023-10-17,25.182302474975586
2023-10-18,25.070035934448242
2023-10-19,25.14776039123535
2023-10-20,24.983673095703125
2023-10-23,24.802324295043945
2023-10-24,24.715965270996094
2023-10-25,24.949132919311523
2023-10-26,24.785053253173828
2023-10-27,24.785053253173828
2023-10-30,24.715965270996094
2023-10-31,24.862773895263672
2023-11-01,24.603696823120117
2023-11-02,24.413707733154297
2023-11-03,24.102815628051758
2023-11-06,24.223718643188477
2023-11-07,24.154626846313477
2023-11-08,24.102815628051758
2023-11-09,24.327346801757812
2023-11-10,24.361892700195312
2023-11-13,24.387802124023438
2023-11-14,23.826465606689453
2023-11-15,24.00782012939453
2023-11-16,23.800556182861328
2023-11-17,23.740108489990234
2023-11-20,23.662382125854492
2023-11-21,23.6710205078125
2023-11-22,23.869646072387695
2023-11-24,23.835102081298828
2023-11-27,23.679655075073242
2023-11-28,23.54148292541504
2023-11-29,23.42057991027832
2023-11-30,23.567392349243164
2023-12-01,23.239221572875977
2023-12-04,23.41193962097168
2023-12-05,23.22195053100586
2023-12-06,23.239221572875977
2023-12-07,23.03196144104004
2023-12-08,23.28240394592285
2023-12-11,23.394672393798828
2023-12-12,23.2651309967041
2023-12-13,23.101049423217773
2023-12-14,22.867881774902344
2023-12-15,23.006053924560547
2023-12-18,22.98878288269043
2023-12-19,22.98878288269043
2023-12-20,22.962875366210938
2023-12-21,22.902423858642578
2023-12-22,22.971513748168945
2023-12-26,22.928329467773438
2023-12-27,22.94610595703125
2023-12-28,22.91944694519043
2023-12-29,22.892784118652344
2024-01-02,22.94610595703125
2024-01-03,22.892784118652344
2024-01-04,23.07052230834961
2024-01-05,22.990543365478516
2024-01-08,23.132734298706055
2024-01-09,23.159393310546875
2024-01-10,23.372676849365234
2024-01-11,23.177167892456055
2024-01-12,23.186052322387695
2024-01-16,23.328243255615234
2024-01-17,23.372676849365234
2024-01-18,23.408227920532227
2024-01-19,23.44377326965332
2024-01-22,23.53264617919922
2024-01-23,23.53264617919922
2024-01-24,23.452661514282227
2024-01-25,23.470434188842773
2024-01-26,23.594850540161133
2024-01-29,23.62151527404785
2024-01-30,23.630401611328125
2024-01-31,23.452661514282227
2024-02-01,23.674833297729492
2024-02-02,23.817026138305664
2024-02-05,23.71038246154785
2024-02-06,23.719268798828125
2024-02-07,23.737043380737305
2024-02-08,23.825912475585938
2024-02-09,23.897008895874023
2024-02-12,23.852575302124023
2024-02-13,23.719268798828125
2024-02-14,23.852575302124023
2024-02-15,24.003652572631836
2024-02-16,23.950332641601562
2024-02-20,23.772592544555664
2024-02-21,23.90589714050293
2024-02-22,24.1369571685791
2024-02-23,24.199167251586914
2024-02-26,24.18138885498047
2024-02-27,24.26137351989746
2024-02-28,24.20805549621582
2024-02-29,24.305810928344727
2024-03-01,24.501323699951172
2024-03-04,24.554641723632812
2024-03-05,24.33247184753418
2024-03-06,24.430227279663086
2024-03-07,24.510208129882812
2024-03-08,24.216938018798828
2024-03-11,24.101409912109375
2024-03-12,24.18138885498047
2024-03-13,24.48354721069336
2024-03-14,24.572420120239258
2024-03-15,24.687952041625977
2024-03-18,24.83902931213379
2024-03-19,25.0345401763916
2024-03-20,25.221162796020508
2024-03-21,25.372243881225586
2024-03-22,25.274486541748047
2024-03-25,25.3011474609375
2024-03-26,25.23591423034668
2024-03-27,25.27165985107422
2024-03-28,25.629106521606445
2024-04-01,25.888256072998047
2024-04-02,25.79889678955078
2024-04-03,25.81676483154297
2024-04-04,25.512937545776367
2024-04-05,25.87932014465332
2024-04-08,26.022302627563477
2024-04-09,25.87038803100586
2024-04-10,26.36187744140625
2024-04-11,26.522727966308594
2024-04-12,26.15634536743164
2024-04-15,26.486982345581055
2024-04-16,26.4244327545166
2024-04-17,26.022302627563477
2024-04-18,26.11166000366211
2024-04-19,26.14740753173828
2024-04-22,26.12059783935547
2024-04-23,26.326135635375977
2024-04-24,26.344003677368164
2024-04-25,26.35293960571289
2024-04-26,26.996349334716797
2024-04-29,26.621030807495117
2024-04-30,26.746135711669922
2024-05-01,26.495922088623047
2024-05-02,25.97762107849121
2024-05-03,25.897192001342773
2024-05-06,26.058046340942383
2024-05-07,26.209964752197266
2024-05-08,26.317197799682617
2024-05-09,26.45124053955078
2024-05-10,26.433368682861328
2024-05-13,26.540603637695312
2024-05-14,26.478046417236328
2024-05-15,26.236772537231445
2024-05-16,26.308259963989258
2024-05-17,26.54953956604004
2024-05-20,26.719327926635742
2024-05-21,26.66571044921875
2024-05-22,26.531665802001953
2024-05-23,26.469114303588867
2024-05-24,26.522727966308594
2024-05-28,26.80868911743164
2024-05-29,26.72826385498047
2024-05-30,26.531665802001953
2024-05-31,26.486982345581055
2024-06-03,26.245708465576172
2024-06-04,25.81676483154297
2024-06-05,26.10272789001465
2024-06-06,26.165283203125
2024-06-07,26.379751205444336
2024-06-10,26.612092971801758
2024-06-11,26.540603637695312
2024-06-12,26.45124053955078
2024-06-13,26.27251625061035
2024-06-14,26.27251625061035
2024-06-17,26.522727966308594
2024-06-18,26.522727966308594
2024-06-20,26.85336685180664
2024-06-21,26.772945404052734
2024-06-24,26.88018035888672
2024-06-25,26.817625045776367
2024-06-26,26.969541549682617
2024-06-27,27.000181198120117
2024-06-28,27.090301513671875
2024-07-01,27.53189468383789
2024-07-02,27.4417781829834
2024-07-03,27.45078468322754
2024-07-05,27.41473960876465
2024-07-08,27.279558181762695
2024-07-09,27.396717071533203
2024-07-10,27.558931350708008
2024-07-11,27.180423736572266
2024-07-12,27.12635040283203
2024-07-15,27.144380569458008
2024-07-16,27.30659294128418
2024-07-17,26.82895278930664
2024-07-18,26.84697914123535
2024-07-19,26.738834381103516
2024-07-22,26.892038345336914
2024-07-23,26.66673469543457
2024-07-24,26.342302322387695
2024-07-25,26.180084228515625
2024-07-26,26.252180099487305
2024-07-29,26.171072006225586
2024-07-30,26.06292724609375
2024-07-31,26.080949783325195
2024-08-01,25.612321853637695
2024-08-02,24.76518440246582
2024-08-05,24.170391082763672
2024-08-06,24.233474731445312
2024-08-07,24.296558380126953
2024-08-08,24.602968215942383
2024-08-09,24.620996475219727
2024-08-12,24.756175994873047
2024-08-13,24.873332977294922
2024-08-14,24.891357421875
2024-08-15,25.152708053588867
2024-08-16,25.242828369140625
2024-08-19,25.323936462402344
2024-08-20,25.18875503540039
2024-08-21,25.170732498168945
2024-08-22,25.19776725769043
2024-08-23,25.161718368530273
2024-08-26,25.18875503540039
2024-08-27,25.13468360900879
2024-08-28,25.125669479370117
2024-08-29,25.206777572631836
2024-08-30,25.27887535095215
2024-09-03,25.098634719848633
2024-09-04,25.044565200805664
2024-09-05,25.071598052978516
2024-09-06,24.864320755004883
2024-09-09,24.97246551513672
2024-09-10,25.062583923339844
2024-09-11,25.089624404907227
2024-09-12,25.152708053588867
2024-09-13,25.22480583190918
2024-09-16,25.305912017822266
2024-09-17,25.260852813720703
2024-09-18,25.143692016601562
2024-09-19,25.39603042602539
2024-09-20,25.486154556274414
2024-09-23,25.486154556274414
2024-09-24,25.630348205566406
2024-09-25,25.594297409057617
2024-09-26,25.711456298828125
2024-09-27,25.61235237121582
2024-09-30,25.57598304748535
2024-10-01,25.603261947631836
2024-10-02,25.630535125732422
2024-10-03,25.34868049621582
2024-10-04,25.257762908935547
2024-10-07,25.066831588745117
2024-10-08,25.057735443115234
2024-10-09,25.057735443115234
2024-10-10,24.98499870300293
2024-10-11,25.112289428710938
2024-10-14,25.121379852294922
2024-10-15,25.048643112182617
2024-10-16,25.130474090576172
2024-10-17,25.0213680267334
2024-10-18,25.139564514160156
2024-10-21,24.939538955688477
2024-10-22,24.930448532104492
2024-10-23,24.694055557250977
2024-10-24,24.784976959228516
2024-10-25,24.739513397216797
2024-10-28,24.830434799194336
2024-10-29,24.90317153930664
2024-10-30,24.721330642700195
2024-10-31,24.484939575195312
2024-11-01,24.521303176879883
2024-11-04,24.43038558959961
2024-11-05,24.50312042236328
2024-11-06,24.584949493408203
2024-11-07,24.821340560913086
2024-11-08,24.748605728149414
2024-11-11,24.675870895385742
2024-11-12,24.63949966430664
2024-11-13,24.64859390258789
2024-11-14,24.521303176879883
2024-11-15,24.50312042236328
2024-11-18,24.512210845947266
2024-11-19,24.50312042236328
2024-11-20,24.603132247924805
2024-11-21,24.66677474975586
2024-11-22,24.775882720947266
2024-11-25,24.66677474975586
2024-11-26,24.748605728149414
2024-11-27,24.594039916992188
2024-11-29,24.739513397216797
2024-12-02,24.839529037475586
2024-12-03,24.821340560913086
2024-12-04,24.90317153930664
2024-12-05,24.739513397216797
2024-12-06,24.866802215576172
2024-12-09,24.875896453857422
2024-12-10,24.857711791992188
2024-12-11,25.003185272216797
2024-12-12,24.89407730102539
2024-12-13,24.684961318969727
2024-12-16,24.675870895385742
2024-12-17,24.684961318969727
2024-12-18,24.466754913330078
2024-12-19,24.403108596801758
2024-12-20,24.421293258666992
2024-12-23,24.484939575195312
2024-12-24,24.575857162475586
2024-12-26,24.512210845947266
2024-12-27,24.48499870300293
2024-12-30,24.4099178314209
2024-12-31,24.55069351196289
2025-01-02,24.72900390625
2025-01-03,24.71961784362793
2025-01-06,24.635156631469727
2025-01-07,24.710233688354492
2025-01-08,24.86039161682129
2025-01-10,25.123165130615234
2025-01-13,25.1982421875
2025-01-14,25.00115966796875
2025-01-15,25.029315948486328
2025-01-16,25.00115966796875
2025-01-17,25.08562660217285
2025-01-21,24.822851181030273
2025-01-22,24.879161834716797
2025-01-23,24.944856643676758
2025-01-24,24.757156372070312
2025-01-27,24.588232040405273
2025-01-28,24.76654052734375
2025-01-29,24.747774124145508
2025-01-30,24.813467025756836
2025-01-31,24.841617584228516
2025-02-03,24.8885440826416
2025-02-04,24.77592658996582
2025-02-05,24.710233688354492
2025-02-06,24.747774124145508
2025-02-07,24.841617584228516
2025-02-10,25.06685447692871
2025-02-11,25.07624053955078
2025-02-12,25.132551193237305
2025-02-13,25.057472229003906
2025-02-14,24.804080963134766
2025-02-18,25.179475784301758
2025-02-19,25.057472229003906
2025-02-20,24.916696548461914
2025-02-21,24.65392303466797
2025-02-24,24.606996536254883
2025-02-25,24.353612899780273
2025-02-26,24.362993240356445
2025-02-27,24.334840774536133
2025-02-28,24.269145965576172
2025-03-03,24.109603881835938
2025-03-04,23.921907424926758
2025-03-05,23.893753051757812
2025-03-06,23.771751403808594
2025-03-07,23.80929183959961
2025-03-10,23.35881805419922
2025-03-11,23.34943199157715
2025-03-12,23.54651641845703
2025-03-13,23.565284729003906
2025-03-14,23.79051971435547
2025-03-17,23.884370803833008
2025-03-18,23.950063705444336
2025-03-19,23.959449768066406
2025-03-20,23.893753051757812
2025-03-21,23.884370803833008
2025-03-24,23.912521362304688
2025-03-25,23.950063705444336
2025-03-26,23.959449768066406
2025-03-27,24.034109115600586
2025-03-28,23.939599990844727
2025-03-31,23.87343978881836
2025-04-01,23.920698165893555
2025-04-02,23.85453987121582
2025-04-03,23.627714157104492
2025-04-04,23.344181060791016
2025-04-07,23.296926498413086
2025-04-08,23.259122848510742
2025-04-09,23.72222328186035
2025-04-10,23.589908599853516
2025-04-11,23.674968719482422
2025-04-14,23.571008682250977
2025-04-15,23.68442153930664
2025-04-16,23.769479751586914
2025-04-17,23.750577926635742
2025-04-21,23.73167610168457
2025-04-22,23.892343521118164
2025-04-23,23.863988876342773
2025-04-24,23.939599990844727
2025-04-25,24.05301284790039
2025-04-28,23.93014907836914
2025-04-29,23.863988876342773
2025-04-30,23.87343978881836
2025-05-01,23.712772369384766
2025-05-02,23.68442153930664
2025-05-05,23.741127014160156
2025-05-06,23.98685646057129
2025-05-07,23.901796340942383
2025-05-08,23.81673812866211
2025-05-09,23.920698165893555
2025-05-12,23.797834396362305
2025-05-13,23.81673812866211
2025-05-14,23.750577926635742
2025-05-15,23.845088958740234
2025-05-16,23.80728530883789
2025-05-19,23.83563804626465
2025-05-20,23.882892608642578
2025-05-21,23.85453987121582
2025-05-22,23.80728530883789
2025-05-23,23.939599990844727
2025-05-27,23.87343978881836
2025-05-28,23.83563804626465
2025-05-29,23.87343978881836
2025-05-30,23.83563804626465
2025-06-02,23.977405548095703
2025-06-03,23.911245346069336
2025-06-04,24.034109115600586
2025-06-05,23.98685646057129
2025-06-06,23.920698165893555
2025-06-09,23.93014907836914
2025-06-10,23.939599990844727
2025-06-11,24.08136749267578
2025-06-12,24.2042293548584
2025-06-13,24.27984046936035
2025-06-16,24.22313117980957
2025-06-17,24.242034912109375
2025-06-18,24.242034912109375
2025-06-20,24.26093864440918
2025-06-23,24.242034912109375
2025-06-24,24.32709312438965
2025-06-25,24.345996856689453
2025-06-26,24.46885871887207
2025-06-27,24.45078468322754
2025-06-30,24.479324340820312
2025-07-01,24.49835205078125
2025-07-02,24.56494903564453
2025-07-03,24.51738166809082
2025-07-07,24.44127082824707
2025-07-08,24.460296630859375
2025-07-09,24.50786781311035
2025-07-10,24.469812393188477
2025-07-11,24.49835205078125
2025-07-14,24.460296630859375
2025-07-15,24.35564422607422
2025-07-16,24.460296630859375
2025-07-17,24.460296630859375
2025-07-18,24.52689552307129
2025-07-21,24.622034072875977
2025-07-22,24.679119110107422
2025-07-23,24.736202239990234
2025-07-24,24.68863296508789
2025-07-25,24.669605255126953
2025-07-28,24.56494903564453
2025-07-29,24.545923233032227
2025-07-30,24.384185791015625
2025-07-31,24.365158081054688
2025-08-01,24.193906784057617
2025-08-04,24.37467384338379
2025-08-05,24.365158081054688
2025-08-06,24.393699645996094
2025-08-07,24.49835205078125
2025-08-08,24.49835205078125
2025-08-11,24.469812393188477
2025-08-12,24.66008949279785
2025-08-13,24.793283462524414
2025-08-14,24.707658767700195
2025-08-15,24.66008949279785
2025-08-18,24.698144912719727
2025-08-19,24.56494903564453
2025-08-20,24.53641128540039
2025-08-21,24.53641128540039
2025-08-22,24.888423919677734
2025-08-25,24.774259567260742
2025-08-26,24.745716094970703
2025-08-27,24.736202239990234
2025-08-28,24.821826934814453
2025-08-29,24.68863296508789
2025-09-02,24.755229949951172
2025-09-03,24.85036849975586
2025-09-04,25.002592086791992
2025-09-05,25.08821678161621
2025-09-08,25.297523498535156
2025-09-09,25.326065063476562
2025-09-10,25.449745178222656
2025-09-11,25.640026092529297
2025-09-12,25.630512237548828
2025-09-15,25.83981704711914
2025-09-16,25.792247772216797
2025-09-17,25.75419044494629
2025-09-18,25.830303192138672
2025-09-19,25.83981704711914
2025-09-22,25.94447135925293
2025-09-23,25.973011016845703
2025-09-24,25.93495750427246
2025-09-25,25.92544174194336
2025-09-26,25.982524871826172
2025-09-29,26.08867835998535
2025-09-30,26.117368698120117
2025-10-01,26.213001251220703
2025-10-02,26.25125503540039
2025-10-03,26.356449127197266
2025-10-06,26.872867584228516
2025-10-07,26.93025016784668
2025-10-08,27.274526596069336
2025-10-09,26.958938598632812
2025-10-10,25.993045806884766
2025-10-13,26.748544692993164
2025-10-14,26.786800384521484
2025-10-15,26.968502044677734
2025-10-16,27.140640258789062
2025-10-17,26.987628936767578
2025-10-20,27.44666862487793
2025-10-21,27.188459396362305
2025-10-22,27.11195182800293
2025-10-23,27.140640258789062
2025-10-24,27.255401611328125
2025-10-27,27.322343826293945
2025-10-28,27.23627281188965
2025-10-29,27.140640258789062
2025-10-30,27.169330596923828
2025-10-31,27.131078720092773
2025-11-03,27.17889404296875
2025-11-04,26.815488815307617
2025-11-05,26.958938598632812
2025-11-06,26.844179153442383
2025-11-07,26.920684814453125
2025-11-10,27.226709365844727
2025-11-11,27.39885139465332
2025-11-12,27.64749526977539
2025-11-13,27.35103416442871
2025-11-14,27.169330596923828
2025-11-17,27.11195182800293
2025-11-18,27.092824935913086
2025-11-19,27.255401611328125
2025-11-20,27.264965057373047
2025-11-21,27.226709365844727
2025-11-24,27.44666862487793
2025-11-25,27.51361083984375
2025-11-26,27.666624069213867
2025-11-28,27.64749526977539
2025-12-01,27.41797637939453
2025-12-02,27.494482040405273
2025-12-03,27.51361083984375
2025-12-04,27.40841293334961
2025-12-05,27.427539825439453
2025-12-08,27.40841293334961
2025-12-09,27.57098960876465
2025-12-10,27.676185607910156
2025-12-11,27.762256622314453
2025-12-12,27.70487403869629
2025-12-15,27.666624069213867
2025-12-16,27.58055305480957
2025-12-17,27.63793182373047
2025-12-18,27.676185607910156
2025-12-19,28.020463943481445
2025-12-22,28.125661849975586
2025-12-23,28.183040618896484
2025-12-24,28.15435028076172
2025-12-26,28.3360538482666
2025-12-29,28.001338958740234
2025-12-30,28.029226303100586
2025-12-31,27.949542999267578
2026-01-02,28.039188385009766
2026-01-05,28.248361587524414
2026-01-06,28.328046798706055
2026-01-07,28.21847915649414
2026-01-08,28.168676376342773
2026-01-09,28.38780975341797
2026-01-12,28.736433029174805
2026-01-13,28.696590423583984
2026-01-14,28.79619598388672
2026-01-15,28.74639320373535
2026-01-16,28.596982955932617
2026-01-20,28.646787643432617
2026-01-21,29.07509422302246
2026-01-22,29.373912811279297
2026-01-23,29.244426727294922
2026-01-26,29.184659957885742
2026-01-27,29.752418518066406
2026-01-28,29.951629638671875
2026-01-29,30.07115936279297
2026-01-30,29.07509422302246
2026-02-02,28.95556640625
2026-02-03,29.48348045349121
2026-02-04,29.56316566467285
2026-02-05,29.08505630493164
2026-02-06,30.041275024414062
2026-02-09,30.499465942382812
2026-02-10,30.399858474731445
2026-02-11,30.509424209594727
2026-02-12,30.041275024414062
2026-02-13,30.260408401489258
2026-02-17,30.06119728088379
2026-02-18,30.42974090576172
2026-02-19,30.489505767822266
2026-02-20,30.848087310791016
2026-02-23,30.828166961669922
2026-02-24,30.987537384033203
2026-02-25,31.19670867919922
2026-02-26,31.11702537536621
2026-02-27,31.346118927001953
2026-03-02,31.166828155517578
2026-03-03,30.200645446777344
2026-03-04,30.489505767822266
2026-03-05,30.130922317504883
2026-03-06,30.688716888427734
2026-03-09,30.74848175048828
2026-03-10,30.808244705200195
2026-03-11,30.768402099609375
2026-03-12,30.778362274169922
2026-03-13,30.539308547973633
2026-03-16,30.69867706298828
2026-03-17,30.94769287109375
2026-03-18,30.688716888427734
2026-03-19,30.120960235595703
2026-03-20,29.69265365600586
2026-03-23,29.43367576599121
2026-03-24,29.593046188354492
2026-03-25,29.792259216308594
2026-03-26,29.74245834350586
2026-03-27,30.111000061035156
2026-03-30,30.209999084472656
2026-03-31,30.149999618530273
2026-04-01,30.209999084472656
2026-04-02,30.309999465942383
2026-04-06,30.440000534057617
2026-04-07,30.43000030517578
2026-04-08,30.18000030517578
2026-04-09,30.270000457763672
2026-04-10,30.329999923706055
2026-04-13,30.440000534057617
2026-04-14,30.299999237060547
2026-04-15,30.260000228881836
2026-04-16,30.420000076293945
2026-04-17,29.969999313354492
2026-04-20,30.170000076293945
2026-04-21,30.329999923706055
2026-04-22,30.40999984741211
2026-04-23,30.469999313354492
2026-04-24,30.510000228881836
2026-04-27,30.6200008392334
2026-04-28,30.719999313354492
2026-04-29,31.1200008392334
2026-04-30,30.559999465942383
2026-05-01,30.530000686645508
2026-05-04,30.700000762939453
2026-05-05,30.739999771118164
2026-05-06,30.450000762939453
2026-05-07,30.549999237060547
2026-05-08,30.690000534057617
2026-05-11,31.020000457763672
2026-05-12,31.020000457763672
2026-05-13,31.1200008392334
2026-05-14,31.239999771118164
2026-05-15,31.229999542236328
2026-05-18,31.309999465942383
2026-05-19,31.31999969482422
2026-05-20,31.110000610351562
2026-05-21,31.110000610351562
2026-05-22,31.09000015258789
2026-05-26,31.170000076293945
2026-05-27,31.010000228881836
2026-05-28,31.040000915527344
2026-05-29,31.0
2026-06-01,31.290000915527344
2026-06-02,31.40999984741211
2026-06-03,31.420000076293945
2026-06-04,31.290000915527344
2026-06-05,30.65999984741211
2026-06-08,30.8700008392334
2026-06-09,30.780000686645508
2026-06-10,30.799999237060547
2026-06-11,30.739999771118164
2026-06-12,30.81999969482422
2026-06-15,30.8799991607666
2026-06-16,30.6299991607666
2026-06-17,30.670000076293945
2026-06-18,30.920000076293945
2026-06-22,30.959999084472656
2026-06-23,30.56999969482422
2026-06-24,30.440000534057617
2026-06-25,30.520000457763672
2026-06-26,30.260000228881836
2026-06-29,30.3700008392334
2026-06-30,30.610000610351562
