,FLOT
2016-07-01,37.85995101928711
2016-07-05,37.85995101928711
2016-07-06,37.86743927001953
2016-07-07,37.86743927001953
2016-07-08,37.874916076660156
2016-07-11,37.882423400878906
2016-07-12,37.85247802734375
2016-07-13,37.874916076660156
2016-07-14,37.874916076660156
2016-07-15,37.86743927001953
2016-07-18,37.85995101928711
2016-07-19,37.85247802734375
2016-07-20,37.882423400878906
2016-07-21,37.88990020751953
2016-07-22,37.85995101928711
2016-07-25,37.874916076660156
2016-07-26,37.86743927001953
2016-07-27,37.874916076660156
2016-07-28,37.88990020751953
2016-07-29,37.88990020751953
2016-08-01,37.881656646728516
2016-08-02,37.874183654785156
2016-08-03,37.881656646728516
2016-08-04,37.881656646728516
2016-08-05,37.88914108276367
2016-08-08,37.91163635253906
2016-08-09,37.91911315917969
2016-08-10,37.90413284301758
2016-08-11,37.92662048339844
2016-08-12,37.941593170166016
2016-08-15,37.92662048339844
2016-08-16,37.956546783447266
2016-08-17,37.941593170166016
2016-08-18,37.94908905029297
2016-08-19,37.96405792236328
2016-08-22,37.97905349731445
2016-08-23,38.009010314941406
2016-08-24,37.98652267456055
2016-08-25,37.9940299987793
2016-08-26,37.98652267456055
2016-08-29,38.061431884765625
2016-08-30,37.98652267456055
2016-08-31,38.009010314941406
2016-09-01,37.98127746582031
2016-09-02,38.02625274658203
2016-09-06,38.02625274658203
2016-09-07,38.00374984741211
2016-09-08,38.011253356933594
2016-09-09,38.03373336791992
2016-09-12,38.02625274658203
2016-09-13,38.07126235961914
2016-09-14,38.03373336791992
2016-09-15,38.06373596191406
2016-09-16,38.07126235961914
2016-09-19,38.05622863769531
2016-09-20,38.093727111816406
2016-09-21,38.093727111816406
2016-09-22,38.04873275756836
2016-09-23,38.03373336791992
2016-09-26,38.06373596191406
2016-09-27,38.06373596191406
2016-09-28,38.0787353515625
2016-09-29,38.05622863769531
2016-09-30,38.04873275756836
2016-10-03,38.037479400634766
2016-10-04,38.044986724853516
2016-10-05,38.037479400634766
2016-10-06,38.037479400634766
2016-10-07,38.02998352050781
2016-10-10,38.02246856689453
2016-10-11,38.02998352050781
2016-10-12,38.044986724853516
2016-10-13,38.044986724853516
2016-10-14,38.037479400634766
2016-10-17,38.044986724853516
2016-10-18,38.037479400634766
2016-10-19,38.067481994628906
2016-10-20,38.02246856689453
2016-10-21,38.037479400634766
2016-10-24,38.05999755859375
2016-10-25,38.02998352050781
2016-10-26,38.067481994628906
2016-10-27,38.052490234375
2016-10-28,38.097511291503906
2016-10-31,38.097511291503906
2016-11-01,38.07422637939453
2016-11-02,38.066715240478516
2016-11-03,38.09675598144531
2016-11-04,38.11177444458008
2016-11-07,38.08174133300781
2016-11-08,38.08924865722656
2016-11-09,38.08174133300781
2016-11-10,38.09675598144531
2016-11-11,38.126792907714844
2016-11-14,38.11177444458008
2016-11-15,38.11929702758789
2016-11-16,38.134307861328125
2016-11-17,38.134307861328125
2016-11-18,38.1418342590332
2016-11-21,38.14934539794922
2016-11-22,38.1418342590332
2016-11-23,38.17940139770508
2016-11-25,38.1418342590332
2016-11-28,38.17940139770508
2016-11-29,38.1868896484375
2016-11-30,38.11929702758789
2016-12-01,38.16365051269531
2016-12-02,38.14861297607422
2016-12-05,38.156158447265625
2016-12-06,38.16365051269531
2016-12-07,38.141090393066406
2016-12-08,38.14861297607422
2016-12-09,38.126041412353516
2016-12-12,38.141090393066406
2016-12-13,38.133575439453125
2016-12-14,38.111026763916016
2016-12-15,38.141090393066406
2016-12-16,38.156158447265625
2016-12-19,38.141090393066406
2016-12-20,38.17118453979492
2016-12-21,38.17118453979492
2016-12-22,38.18094253540039
2016-12-23,38.1884765625
2016-12-27,38.1884765625
2016-12-28,38.21110534667969
2016-12-29,38.21110534667969
2016-12-30,38.19601821899414
2017-01-03,38.218605041503906
2017-01-04,38.19601821899414
2017-01-05,38.21110534667969
2017-01-06,38.21110534667969
2017-01-09,38.218605041503906
2017-01-10,38.21110534667969
2017-01-11,38.18094253540039
2017-01-12,38.218605041503906
2017-01-13,38.173439025878906
2017-01-17,38.1884765625
2017-01-18,38.203548431396484
2017-01-19,38.22614288330078
2017-01-20,38.22614288330078
2017-01-23,38.22614288330078
2017-01-24,38.218605041503906
2017-01-25,38.218605041503906
2017-01-26,38.241172790527344
2017-01-27,38.241172790527344
2017-01-30,38.218605041503906
2017-01-31,38.23368453979492
2017-02-01,38.25025939941406
2017-02-02,38.25025939941406
2017-02-03,38.25025939941406
2017-02-06,38.25025939941406
2017-02-07,38.27286911010742
2017-02-08,38.265323638916016
2017-02-09,38.265323638916016
2017-02-10,38.27286911010742
2017-02-13,38.257781982421875
2017-02-14,38.257781982421875
2017-02-15,38.287940979003906
2017-02-16,38.295475006103516
2017-02-17,38.287940979003906
2017-02-21,38.2803955078125
2017-02-22,38.303001403808594
2017-02-23,38.31052780151367
2017-02-24,38.31052780151367
2017-02-27,38.31052780151367
2017-02-28,38.31806945800781
2017-03-01,38.34071350097656
2017-03-02,38.33317947387695
2017-03-03,38.348243713378906
2017-03-06,38.348243713378906
2017-03-07,38.363372802734375
2017-03-08,38.35580825805664
2017-03-09,38.35580825805664
2017-03-10,38.35580825805664
2017-03-13,38.35580825805664
2017-03-14,38.363372802734375
2017-03-15,38.35580825805664
2017-03-16,38.363372802734375
2017-03-17,38.363372802734375
2017-03-20,38.363372802734375
2017-03-21,38.37090301513672
2017-03-22,38.37090301513672
2017-03-23,38.363372802734375
2017-03-24,38.3935432434082
2017-03-27,38.378440856933594
2017-03-28,38.37090301513672
2017-03-29,38.378440856933594
2017-03-30,38.37090301513672
2017-03-31,38.378440856933594
2017-04-03,38.336891174316406
2017-04-04,38.35200119018555
2017-04-05,38.389766693115234
2017-04-06,38.359527587890625
2017-04-07,38.389766693115234
2017-04-10,38.374664306640625
2017-04-11,38.39733123779297
2017-04-12,38.39733123779297
2017-04-13,38.40489196777344
2017-04-17,38.40489196777344
2017-04-18,38.40489196777344
2017-04-19,38.39733123779297
2017-04-20,38.40489196777344
2017-04-21,38.40489196777344
2017-04-24,38.419979095458984
2017-04-25,38.427513122558594
2017-04-26,38.43509292602539
2017-04-27,38.419979095458984
2017-04-28,38.41242599487305
2017-05-01,38.432838439941406
2017-05-02,38.42527770996094
2017-05-03,38.39502716064453
2017-05-04,38.410160064697266
2017-05-05,38.417728424072266
2017-05-08,38.417728424072266
2017-05-09,38.432838439941406
2017-05-10,38.432838439941406
2017-05-11,38.44797897338867
2017-05-12,38.42527770996094
2017-05-15,38.44797897338867
2017-05-16,38.4404182434082
2017-05-17,38.4404182434082
2017-05-18,38.455528259277344
2017-05-19,38.455528259277344
2017-05-22,38.455528259277344
2017-05-23,38.46309280395508
2017-05-24,38.455528259277344
2017-05-25,38.470638275146484
2017-05-26,38.46309280395508
2017-05-30,38.470638275146484
2017-05-31,38.470638275146484
2017-06-01,38.48655319213867
2017-06-02,38.478981018066406
2017-06-05,38.478981018066406
2017-06-06,38.50169372558594
2017-06-07,38.48655319213867
2017-06-08,38.50169372558594
2017-06-09,38.50169372558594
2017-06-12,38.50169372558594
2017-06-13,38.48655319213867
2017-06-14,38.509254455566406
2017-06-15,38.51679992675781
2017-06-16,38.50169372558594
2017-06-19,38.51679992675781
2017-06-20,38.524383544921875
2017-06-21,38.51679992675781
2017-06-22,38.524383544921875
2017-06-23,38.524383544921875
2017-06-26,38.51679992675781
2017-06-27,38.524383544921875
2017-06-28,38.53196334838867
2017-06-29,38.53953170776367
2017-06-30,38.5471076965332
2017-07-03,38.51753234863281
2017-07-05,38.54785919189453
2017-07-06,38.54785919189453
2017-07-07,38.555450439453125
2017-07-10,38.563018798828125
2017-07-11,38.570579528808594
2017-07-12,38.555450439453125
2017-07-13,38.563018798828125
2017-07-14,38.578182220458984
2017-07-17,38.578182220458984
2017-07-18,38.585758209228516
2017-07-19,38.578182220458984
2017-07-20,38.585758209228516
2017-07-21,38.585758209228516
2017-07-24,38.593360900878906
2017-07-25,38.593360900878906
2017-07-26,38.585758209228516
2017-07-27,38.593360900878906
2017-07-28,38.60091018676758
2017-07-31,38.60849380493164
2017-08-01,38.59712219238281
2017-08-02,38.604705810546875
2017-08-03,38.581939697265625
2017-08-04,38.604705810546875
2017-08-07,38.61227035522461
2017-08-08,38.619876861572266
2017-08-09,38.627471923828125
2017-08-10,38.619876861572266
2017-08-11,38.627471923828125
2017-08-14,38.604705810546875
2017-08-15,38.627471923828125
2017-08-16,38.627471923828125
2017-08-17,38.627471923828125
2017-08-18,38.627471923828125
2017-08-21,38.619876861572266
2017-08-22,38.619876861572266
2017-08-23,38.627471923828125
2017-08-24,38.604705810546875
2017-08-25,38.61227035522461
2017-08-28,38.619876861572266
2017-08-29,38.627471923828125
2017-08-30,38.627471923828125
2017-08-31,38.619876861572266
2017-09-01,38.61759948730469
2017-09-05,38.655601501464844
2017-09-06,38.64801788330078
2017-09-07,38.640380859375
2017-09-08,38.640380859375
2017-09-11,38.6328010559082
2017-09-12,38.61759948730469
2017-09-13,38.6328010559082
2017-09-14,38.64801788330078
2017-09-15,38.640380859375
2017-09-18,38.64801788330078
2017-09-19,38.655601501464844
2017-09-20,38.66317367553711
2017-09-21,38.670799255371094
2017-09-22,38.655601501464844
2017-09-25,38.66317367553711
2017-09-26,38.67839813232422
2017-09-27,38.68598556518555
2017-09-28,38.6935920715332
2017-09-29,38.70878601074219
2017-10-02,38.706512451171875
2017-10-03,38.706512451171875
2017-10-04,38.729312896728516
2017-10-05,38.72169494628906
2017-10-06,38.706512451171875
2017-10-09,38.72169494628906
2017-10-10,38.71411895751953
2017-10-11,38.71411895751953
2017-10-12,38.71411895751953
2017-10-13,38.74454116821289
2017-10-16,38.729312896728516
2017-10-17,38.752159118652344
2017-10-18,38.72169494628906
2017-10-19,38.73693084716797
2017-10-20,38.74454116821289
2017-10-23,38.73693084716797
2017-10-24,38.75975799560547
2017-10-25,38.74454116821289
2017-10-26,38.76737976074219
2017-10-27,38.77499008178711
2017-10-30,38.77499008178711
2017-10-31,38.76737976074219
2017-11-01,38.76737594604492
2017-11-02,38.77497863769531
2017-11-03,38.77497863769531
2017-11-06,38.782596588134766
2017-11-07,38.782596588134766
2017-11-08,38.77497863769531
2017-11-09,38.77497863769531
2017-11-10,38.790225982666016
2017-11-13,38.80546951293945
2017-11-14,38.80546951293945
2017-11-15,38.797847747802734
2017-11-16,38.80546951293945
2017-11-17,38.80546951293945
2017-11-20,38.813079833984375
2017-11-21,38.820716857910156
2017-11-22,38.828330993652344
2017-11-24,38.813079833984375
2017-11-27,38.813079833984375
2017-11-28,38.828330993652344
2017-11-29,38.84356689453125
2017-11-30,38.828330993652344
2017-12-01,38.82754135131836
2017-12-04,38.842811584472656
2017-12-05,38.82754135131836
2017-12-06,38.83517074584961
2017-12-07,38.83517074584961
2017-12-08,38.842811584472656
2017-12-11,38.83517074584961
2017-12-12,38.82754135131836
2017-12-13,38.819942474365234
2017-12-14,38.81230545043945
2017-12-15,38.819942474365234
2017-12-18,38.82754135131836
2017-12-19,38.82754135131836
2017-12-20,38.850440979003906
2017-12-21,38.83135986328125
2017-12-22,38.82373046875
2017-12-26,38.80078887939453
2017-12-27,38.80078887939453
2017-12-28,38.82373046875
2017-12-29,38.82373046875
2018-01-02,38.861907958984375
2018-01-03,38.87718963623047
2018-01-04,38.86955261230469
2018-01-05,38.86955261230469
2018-01-08,38.85428237915039
2018-01-09,38.87718963623047
2018-01-10,38.861907958984375
2018-01-11,38.89247512817383
2018-01-12,38.89247512817383
2018-01-16,38.900108337402344
2018-01-17,38.90775680541992
2018-01-18,38.93068313598633
2018-01-19,38.92301940917969
2018-01-22,38.90775680541992
2018-01-23,38.93068313598633
2018-01-24,38.93068313598633
2018-01-25,38.953582763671875
2018-01-26,38.94593048095703
2018-01-29,38.93830490112305
2018-01-30,38.94593048095703
2018-01-31,38.97650146484375
2018-02-01,38.978797912597656
2018-02-02,38.98644256591797
2018-02-05,39.01704406738281
2018-02-06,39.00175857543945
2018-02-07,38.99411392211914
2018-02-08,38.99411392211914
2018-02-09,39.00175857543945
2018-02-12,39.00175857543945
2018-02-13,39.00175857543945
2018-02-14,38.99411392211914
2018-02-15,39.00175857543945
2018-02-16,39.00175857543945
2018-02-20,39.01704406738281
2018-02-21,39.009403228759766
2018-02-22,39.00175857543945
2018-02-23,39.02469253540039
2018-02-26,39.00175857543945
2018-02-27,39.02469253540039
2018-02-28,39.02469253540039
2018-03-01,39.036197662353516
2018-03-02,39.0208625793457
2018-03-05,38.99020767211914
2018-03-06,39.01321029663086
2018-03-07,39.01321029663086
2018-03-08,39.02854919433594
2018-03-09,39.036197662353516
2018-03-12,39.02854919433594
2018-03-13,39.036197662353516
2018-03-14,39.036197662353516
2018-03-15,38.997901916503906
2018-03-16,39.0208625793457
2018-03-19,39.02854919433594
2018-03-20,39.01321029663086
2018-03-21,39.01321029663086
2018-03-22,38.99020767211914
2018-03-23,39.02854919433594
2018-03-26,39.01321029663086
2018-03-27,39.036197662353516
2018-03-28,39.01321029663086
2018-03-29,39.0208625793457
2018-04-02,39.05308532714844
2018-04-03,39.04542922973633
2018-04-04,39.03776168823242
2018-04-05,39.05308532714844
2018-04-06,39.05308532714844
2018-04-09,39.05308532714844
2018-04-10,39.08378982543945
2018-04-11,39.1068115234375
2018-04-12,39.091487884521484
2018-04-13,39.08378982543945
2018-04-16,39.09914779663086
2018-04-17,39.114498138427734
2018-04-18,39.1068115234375
2018-04-19,39.12217330932617
2018-04-20,39.12217330932617
2018-04-23,39.12217330932617
2018-04-24,39.13751983642578
2018-04-25,39.145179748535156
2018-04-26,39.152862548828125
2018-04-27,39.152862548828125
2018-04-30,39.1605224609375
2018-05-01,39.1597900390625
2018-05-02,39.167449951171875
2018-05-03,39.1597900390625
2018-05-04,39.175132751464844
2018-05-07,39.167449951171875
2018-05-08,39.198211669921875
2018-05-09,39.190521240234375
2018-05-10,39.175132751464844
2018-05-11,39.175132751464844
2018-05-14,39.190521240234375
2018-05-15,39.20589828491211
2018-05-16,39.20589828491211
2018-05-17,39.21357727050781
2018-05-18,39.221282958984375
2018-05-21,39.221282958984375
2018-05-22,39.22893524169922
2018-05-23,39.221282958984375
2018-05-24,39.22893524169922
2018-05-25,39.24431228637695
2018-05-29,39.221282958984375
2018-05-30,39.23664093017578
2018-05-31,39.23664093017578
2018-06-01,39.226627349853516
2018-06-04,39.218936920166016
2018-06-05,39.218936920166016
2018-06-06,39.23435592651367
2018-06-07,39.23435592651367
2018-06-08,39.23435592651367
2018-06-11,39.226627349853516
2018-06-12,39.226627349853516
2018-06-13,39.226627349853516
2018-06-14,39.23435592651367
2018-06-15,39.2574348449707
2018-06-18,39.242034912109375
2018-06-19,39.24972915649414
2018-06-20,39.26514434814453
2018-06-21,39.2574348449707
2018-06-22,39.26514434814453
2018-06-25,39.272850036621094
2018-06-26,39.272850036621094
2018-06-27,39.272850036621094
2018-06-28,39.26514434814453
2018-06-29,39.28054428100586
2018-07-02,39.246578216552734
2018-07-03,39.26202392578125
2018-07-05,39.26202392578125
2018-07-06,39.28519058227539
2018-07-09,39.28519058227539
2018-07-10,39.30060958862305
2018-07-11,39.308326721191406
2018-07-12,39.31604766845703
2018-07-13,39.31604766845703
2018-07-16,39.308326721191406
2018-07-17,39.31604766845703
2018-07-18,39.33919906616211
2018-07-19,39.331478118896484
2018-07-20,39.323768615722656
2018-07-23,39.331478118896484
2018-07-24,39.346927642822266
2018-07-25,39.35464859008789
2018-07-26,39.35464859008789
2018-07-27,39.3777961730957
2018-07-30,39.36235809326172
2018-07-31,39.3777961730957
2018-08-01,39.39558792114258
2018-08-02,39.39558792114258
2018-08-03,39.39558792114258
2018-08-06,39.39558792114258
2018-08-07,39.41106033325195
2018-08-08,39.434268951416016
2018-08-09,39.41877746582031
2018-08-10,39.41877746582031
2018-08-13,39.41877746582031
2018-08-14,39.426509857177734
2018-08-15,39.434268951416016
2018-08-16,39.434268951416016
2018-08-17,39.44199752807617
2018-08-20,39.44972610473633
2018-08-21,39.46520233154297
2018-08-22,39.46520233154297
2018-08-23,39.45745849609375
2018-08-24,39.46520233154297
2018-08-27,39.46520233154297
2018-08-28,39.488399505615234
2018-08-29,39.480648040771484
2018-08-30,39.49614334106445
2018-08-31,39.49614334106445
2018-09-04,39.49845504760742
2018-09-05,39.5062141418457
2018-09-06,39.4907112121582
2018-09-07,39.48295593261719
2018-09-10,39.49845504760742
2018-09-11,39.5062141418457
2018-09-12,39.513954162597656
2018-09-13,39.513954162597656
2018-09-14,39.513954162597656
2018-09-17,39.52948760986328
2018-09-18,39.544986724853516
2018-09-19,39.5372200012207
2018-09-20,39.5372200012207
2018-09-21,39.552734375
2018-09-24,39.552734375
2018-09-25,39.552734375
2018-09-26,39.544986724853516
2018-09-27,39.560482025146484
2018-09-28,39.552734375
2018-10-01,39.56826400756836
2018-10-02,39.552734375
2018-10-03,39.56826400756836
2018-10-04,39.58381652832031
2018-10-05,39.59156036376953
2018-10-08,39.58381652832031
2018-10-09,39.58381652832031
2018-10-10,39.59156036376953
2018-10-11,39.576026916503906
2018-10-12,39.56826400756836
2018-10-15,39.59156036376953
2018-10-16,39.59933090209961
2018-10-17,39.56826400756836
2018-10-18,39.58381652832031
2018-10-19,39.59156036376953
2018-10-22,39.59933090209961
2018-10-23,39.58381652832031
2018-10-24,39.56049728393555
2018-10-25,39.576026916503906
2018-10-26,39.576026916503906
2018-10-29,39.59156036376953
2018-10-30,39.58381652832031
2018-10-31,39.607112884521484
2018-11-01,39.59465026855469
2018-11-02,39.602447509765625
2018-11-05,39.61023712158203
2018-11-06,39.61023712158203
2018-11-07,39.6180419921875
2018-11-08,39.61023712158203
2018-11-09,39.63359832763672
2018-11-12,39.64137649536133
2018-11-13,39.63359832763672
2018-11-14,39.62580108642578
2018-11-15,39.62580108642578
2018-11-16,39.62580108642578
2018-11-19,39.59465026855469
2018-11-20,39.56350326538086
2018-11-21,39.540157318115234
2018-11-23,39.55572509765625
2018-11-26,39.547943115234375
2018-11-27,39.547943115234375
2018-11-28,39.547943115234375
2018-11-29,39.5323600769043
2018-11-30,39.493431091308594
2018-12-03,39.41228485107422
2018-12-04,39.26397705078125
2018-12-06,39.2171630859375
2018-12-07,39.310829162597656
2018-12-10,39.27959060668945
2018-12-11,39.310829162597656
2018-12-12,39.38105392456055
2018-12-13,39.36543655395508
2018-12-14,39.38105392456055
2018-12-17,39.38883972167969
2018-12-18,39.3763427734375
2018-12-19,39.368526458740234
2018-12-20,39.29029083251953
2018-12-21,39.337223052978516
2018-12-24,39.29029083251953
2018-12-26,39.34503936767578
2018-12-27,39.391971588134766
2018-12-28,39.391971588134766
2018-12-31,39.399803161621094
2019-01-02,39.368526458740234
2019-01-03,39.391971588134766
2019-01-04,39.38417053222656
2019-01-07,39.399803161621094
2019-01-08,39.43894577026367
2019-01-09,39.47022247314453
2019-01-10,39.47022247314453
2019-01-11,39.49367904663086
2019-01-14,39.50934982299805
2019-01-15,39.55628967285156
2019-01-16,39.571929931640625
2019-01-17,39.57976150512695
2019-01-18,39.62668228149414
2019-01-22,39.642333984375
2019-01-23,39.65799331665039
2019-01-24,39.68928146362305
2019-01-25,39.67362594604492
2019-01-28,39.68144989013672
2019-01-29,39.70494079589844
2019-01-30,39.7283935546875
2019-01-31,39.712745666503906
2019-02-01,39.75667190551758
2019-02-04,39.740970611572266
2019-02-05,39.77237319946289
2019-02-06,39.77237319946289
2019-02-07,39.77237319946289
2019-02-08,39.788047790527344
2019-02-11,39.788047790527344
2019-02-12,39.78019332885742
2019-02-13,39.80375671386719
2019-02-14,39.80375671386719
2019-02-15,39.811580657958984
2019-02-19,39.80375671386719
2019-02-20,39.811580657958984
2019-02-21,39.811580657958984
2019-02-22,39.82725524902344
2019-02-25,39.82725524902344
2019-02-26,39.8350944519043
2019-02-27,39.85862731933594
2019-02-28,39.89000701904297
2019-03-01,39.88528823852539
2019-03-04,39.88528823852539
2019-03-05,39.89314651489258
2019-03-06,39.89314651489258
2019-03-07,39.9167366027832
2019-03-08,39.9167366027832
2019-03-11,39.9167366027832
2019-03-12,39.94033432006836
2019-03-13,39.94033432006836
2019-03-14,39.94033432006836
2019-03-15,39.948184967041016
2019-03-18,39.948184967041016
2019-03-19,39.97177505493164
2019-03-20,39.97177505493164
2019-03-21,39.96392059326172
2019-03-22,39.96392059326172
2019-03-25,39.948184967041016
2019-03-26,39.97963333129883
2019-03-27,39.98749542236328
2019-03-28,40.01108932495117
2019-03-29,40.02680969238281
2019-04-01,40.036277770996094
2019-04-02,40.04414749145508
2019-04-03,40.06781768798828
2019-04-04,40.06781768798828
2019-04-05,40.05202865600586
2019-04-08,40.06781768798828
2019-04-09,40.091453552246094
2019-04-10,40.07569122314453
2019-04-11,40.091453552246094
2019-04-12,40.09932327270508
2019-04-15,40.091453552246094
2019-04-16,40.091453552246094
2019-04-17,40.10719299316406
2019-04-18,40.1151008605957
2019-04-22,40.10719299316406
2019-04-23,40.14664077758789
2019-04-24,40.13874053955078
2019-04-25,40.14664077758789
2019-04-26,40.15450668334961
2019-04-29,40.1702766418457
2019-04-30,40.1702766418457
2019-05-01,40.18134307861328
2019-05-02,40.197147369384766
2019-05-03,40.21293640136719
2019-05-06,40.197147369384766
2019-05-07,40.189239501953125
2019-05-08,40.197147369384766
2019-05-09,40.189239501953125
2019-05-10,40.189239501953125
2019-05-13,40.18134307861328
2019-05-14,40.20502471923828
2019-05-15,40.197147369384766
2019-05-16,40.197147369384766
2019-05-17,40.20502471923828
2019-05-20,40.189239501953125
2019-05-21,40.20502471923828
2019-05-22,40.20502471923828
2019-05-23,40.20502471923828
2019-05-24,40.236637115478516
2019-05-28,40.22084045410156
2019-05-29,40.21293640136719
2019-05-30,40.236637115478516
2019-05-31,40.26035690307617
2019-06-03,40.25955581665039
2019-06-04,40.24372482299805
2019-06-05,40.227882385253906
2019-06-06,40.24372482299805
2019-06-07,40.251651763916016
2019-06-10,40.25955581665039
2019-06-11,40.25955581665039
2019-06-12,40.267494201660156
2019-06-13,40.283329010009766
2019-06-14,40.29916763305664
2019-06-17,40.29125213623047
2019-06-18,40.283329010009766
2019-06-19,40.27539825439453
2019-06-20,40.29125213623047
2019-06-21,40.30709457397461
2019-06-24,40.30709457397461
2019-06-25,40.338775634765625
2019-06-26,40.31501770019531
2019-06-27,40.338775634765625
2019-06-28,40.3466911315918
2019-07-01,40.347496032714844
2019-07-02,40.35541915893555
2019-07-03,40.363372802734375
2019-07-05,40.37131881713867
2019-07-08,40.37131881713867
2019-07-09,40.37925720214844
2019-07-10,40.37925720214844
2019-07-11,40.37925720214844
2019-07-12,40.38720703125
2019-07-15,40.4030876159668
2019-07-16,40.41102981567383
2019-07-17,40.426918029785156
2019-07-18,40.426918029785156
2019-07-19,40.45073318481445
2019-07-22,40.45073318481445
2019-07-23,40.45073318481445
2019-07-24,40.44277572631836
2019-07-25,40.45073318481445
2019-07-26,40.45866775512695
2019-07-29,40.44277572631836
2019-07-30,40.45073318481445
2019-07-31,40.45073318481445
2019-08-01,40.4610710144043
2019-08-02,40.476993560791016
2019-08-05,40.44515609741211
2019-08-06,40.45309829711914
2019-08-07,40.44515609741211
2019-08-08,40.4610710144043
2019-08-09,40.45309829711914
2019-08-12,40.4610710144043
2019-08-13,40.45309829711914
2019-08-14,40.4610710144043
2019-08-15,40.4610710144043
2019-08-16,40.46903610229492
2019-08-19,40.476993560791016
2019-08-20,40.492919921875
2019-08-21,40.476993560791016
2019-08-22,40.50088119506836
2019-08-23,40.50884246826172
2019-08-26,40.50088119506836
2019-08-27,40.492919921875
2019-08-28,40.516807556152344
2019-08-29,40.54066467285156
2019-08-30,40.548641204833984
2019-09-03,40.55341339111328
2019-09-04,40.56938934326172
2019-09-05,40.5614013671875
2019-09-06,40.609275817871094
2019-09-09,40.56938934326172
2019-09-10,40.60131072998047
2019-09-11,40.593326568603516
2019-09-12,40.609275817871094
2019-09-13,40.62525177001953
2019-09-16,40.641178131103516
2019-09-17,40.61726379394531
2019-09-18,40.63322448730469
2019-09-19,40.641178131103516
2019-09-20,40.64917755126953
2019-09-23,40.64917755126953
2019-09-24,40.641178131103516
2019-09-25,40.65715789794922
2019-09-26,40.67312240600586
2019-09-27,40.67312240600586
2019-09-30,40.67312240600586
2019-10-01,40.68431854248047
2019-10-02,40.69231414794922
2019-10-03,40.69231414794922
2019-10-04,40.68431854248047
2019-10-07,40.68431854248047
2019-10-08,40.68431854248047
2019-10-09,40.708316802978516
2019-10-10,40.708316802978516
2019-10-11,40.71631622314453
2019-10-14,40.724308013916016
2019-10-15,40.724308013916016
2019-10-16,40.73229217529297
2019-10-17,40.74030685424805
2019-10-18,40.73229217529297
2019-10-21,40.75629425048828
2019-10-22,40.76430130004883
2019-10-23,40.77229690551758
2019-10-24,40.77229690551758
2019-10-25,40.77229690551758
2019-10-28,40.77229690551758
2019-10-29,40.78828811645508
2019-10-30,40.78828811645508
2019-10-31,40.780296325683594
2019-11-01,40.78511047363281
2019-11-04,40.793128967285156
2019-11-05,40.793128967285156
2019-11-06,40.817161560058594
2019-11-07,40.80913162231445
2019-11-08,40.817161560058594
2019-11-11,40.817161560058594
2019-11-12,40.825172424316406
2019-11-13,40.825172424316406
2019-11-14,40.83318328857422
2019-11-15,40.8411979675293
2019-11-18,40.85722351074219
2019-11-19,40.85722351074219
2019-11-20,40.825172424316406
2019-11-21,40.8411979675293
2019-11-22,40.865257263183594
2019-11-25,40.84922409057617
2019-11-26,40.865257263183594
2019-11-27,40.889286041259766
2019-11-29,40.865257263183594
2019-12-02,40.88690948486328
2019-12-03,40.88690948486328
2019-12-04,40.88690948486328
2019-12-05,40.88690948486328
2019-12-06,40.88690948486328
2019-12-09,40.894954681396484
2019-12-10,40.902984619140625
2019-12-11,40.894954681396484
2019-12-12,40.894954681396484
2019-12-13,40.91904067993164
2019-12-16,40.911006927490234
2019-12-17,40.92708206176758
2019-12-18,40.91904067993164
2019-12-19,40.94801712036133
2019-12-20,40.93996810913086
2019-12-23,40.94801712036133
2019-12-24,40.93996810913086
2019-12-26,40.972129821777344
2019-12-27,40.95603561401367
2019-12-30,40.95603561401367
2019-12-31,40.964073181152344
2020-01-02,40.972129821777344
2020-01-03,41.004329681396484
2020-01-06,40.98822021484375
2020-01-07,40.99627685546875
2020-01-08,40.99627685546875
2020-01-09,41.004329681396484
2020-01-10,41.012351989746094
2020-01-13,41.02040100097656
2020-01-14,41.012351989746094
2020-01-15,41.04453659057617
2020-01-16,41.0365104675293
2020-01-17,41.04453659057617
2020-01-21,41.04453659057617
2020-01-22,41.05258560180664
2020-01-23,41.06063461303711
2020-01-24,41.06867218017578
2020-01-27,41.06867218017578
2020-01-28,41.06063461303711
2020-01-29,41.06063461303711
2020-01-30,41.06867218017578
2020-01-31,41.084754943847656
2020-02-03,41.10410690307617
2020-02-04,41.10410690307617
2020-02-05,41.1444091796875
2020-02-06,41.1444091796875
2020-02-07,41.1363410949707
2020-02-10,41.15244674682617
2020-02-11,41.15244674682617
2020-02-12,41.168582916259766
2020-02-13,41.1282958984375
2020-02-14,41.1605224609375
2020-02-18,41.15244674682617
2020-02-19,41.17664337158203
2020-02-20,41.168582916259766
2020-02-21,41.17664337158203
2020-02-24,41.168582916259766
2020-02-25,41.168582916259766
2020-02-26,41.1444091796875
2020-02-27,41.12022018432617
2020-02-28,41.063804626464844
2020-03-02,41.084800720214844
2020-03-03,41.05250930786133
2020-03-04,41.07672882080078
2020-03-05,41.06058883666992
2020-03-06,41.10094451904297
2020-03-09,39.970703125
2020-03-10,40.46316146850586
2020-03-11,39.96261978149414
2020-03-12,37.23385238647461
2020-03-13,38.90502166748047
2020-03-16,37.65366744995117
2020-03-17,38.17035675048828
2020-03-18,35.885623931884766
2020-03-19,35.60306167602539
2020-03-20,36.52341079711914
2020-03-23,37.14506530761719
2020-03-24,38.598236083984375
2020-03-25,38.783912658691406
2020-03-26,38.816200256347656
2020-03-27,38.775840759277344
2020-03-30,39.042266845703125
2020-03-31,39.349056243896484
2020-04-01,39.419410705566406
2020-04-02,39.516456604003906
2020-04-03,39.62970733642578
2020-04-06,39.67824172973633
2020-04-07,39.90468215942383
2020-04-08,39.88850021362305
2020-04-09,40.066436767578125
2020-04-13,40.18775177001953
2020-04-14,40.163482666015625
2020-04-15,40.244354248046875
2020-04-16,40.26862335205078
2020-04-17,40.31714630126953
2020-04-20,40.292877197265625
2020-04-21,40.33330535888672
2020-04-22,40.244354248046875
2020-04-23,40.31714630126953
2020-04-24,40.33330535888672
2020-04-27,40.341407775878906
2020-04-28,40.35759735107422
2020-04-29,40.38991165161133
2020-04-30,40.4384651184082
2020-05-01,40.41658020019531
2020-05-04,40.449005126953125
2020-05-05,40.45711135864258
2020-05-06,40.45711135864258
2020-05-07,40.45711135864258
2020-05-08,40.50571060180664
2020-05-11,40.513816833496094
2020-05-12,40.538124084472656
2020-05-13,40.562435150146484
2020-05-14,40.554317474365234
2020-05-15,40.57054138183594
2020-05-18,40.594844818115234
2020-05-19,40.61106491088867
2020-05-20,40.6596794128418
2020-05-21,40.667781829833984
2020-05-22,40.6596794128418
2020-05-26,40.675865173339844
2020-05-27,40.70828628540039
2020-05-28,40.748809814453125
2020-05-29,40.740699768066406
2020-06-01,40.786956787109375
2020-06-02,40.81943130493164
2020-06-03,40.770721435546875
2020-06-04,40.84375762939453
2020-06-05,40.8924560546875
2020-06-08,40.90869140625
2020-06-09,40.90058898925781
2020-06-10,40.92490768432617
2020-06-11,40.859981536865234
2020-06-12,40.84375762939453
2020-06-15,40.91680145263672
2020-06-16,40.90869140625
2020-06-17,40.94115447998047
2020-06-18,40.95737075805664
2020-06-19,40.981712341308594
2020-06-22,40.95737075805664
2020-06-23,40.9736213684082
2020-06-24,41.038516998291016
2020-06-25,41.03041076660156
2020-06-26,41.02229690551758
2020-06-29,41.04662322998047
2020-06-30,41.05475997924805
2020-07-01,41.05801010131836
2020-07-02,41.05801010131836
2020-07-06,41.017391204833984
2020-07-07,41.025516510009766
2020-07-08,41.05801010131836
2020-07-09,41.041751861572266
2020-07-10,41.017391204833984
2020-07-13,41.033634185791016
2020-07-14,41.033634185791016
2020-07-15,41.04988479614258
2020-07-16,41.08236312866211
2020-07-17,41.07424545288086
2020-07-20,41.07424545288086
2020-07-21,41.07424545288086
2020-07-22,41.10673141479492
2020-07-23,41.09862518310547
2020-07-24,41.10673141479492
2020-07-27,41.10673141479492
2020-07-28,41.11486053466797
2020-07-29,41.10673141479492
2020-07-30,41.12297439575195
2020-07-31,41.155479431152344
2020-08-03,41.136775970458984
2020-08-04,41.15302658081055
2020-08-05,41.18553924560547
2020-08-06,41.18553924560547
2020-08-07,41.18553924560547
2020-08-10,41.169307708740234
2020-08-11,41.17742156982422
2020-08-12,41.17742156982422
2020-08-13,41.1448974609375
2020-08-14,41.1448974609375
2020-08-17,41.169307708740234
2020-08-18,41.17742156982422
2020-08-19,41.17742156982422
2020-08-20,41.18553924560547
2020-08-21,41.17742156982422
2020-08-24,41.19367218017578
2020-08-25,41.18553924560547
2020-08-26,41.18553924560547
2020-08-27,41.19367218017578
2020-08-28,41.218082427978516
2020-08-31,41.20180130004883
2020-09-01,41.223758697509766
2020-09-02,41.223758697509766
2020-09-03,41.199363708496094
2020-09-04,41.199363708496094
2020-09-08,41.223758697509766
2020-09-09,41.21564483642578
2020-09-10,41.223758697509766
2020-09-11,41.231903076171875
2020-09-14,41.240047454833984
2020-09-15,41.248146057128906
2020-09-16,41.25627899169922
2020-09-17,41.25627899169922
2020-09-18,41.25627899169922
2020-09-21,41.25627899169922
2020-09-22,41.25627899169922
2020-09-23,41.240047454833984
2020-09-24,41.240047454833984
2020-09-25,41.223758697509766
2020-09-28,41.231903076171875
2020-09-29,41.240047454833984
2020-09-30,41.248146057128906
2020-10-01,41.24979782104492
2020-10-02,41.24163055419922
2020-10-05,41.27418899536133
2020-10-06,41.26604080200195
2020-10-07,41.257938385009766
2020-10-08,41.257938385009766
2020-10-09,41.24979782104492
2020-10-12,41.257938385009766
2020-10-13,41.26604080200195
2020-10-14,41.24979782104492
2020-10-15,41.2335205078125
2020-10-16,41.24163055419922
2020-10-19,41.2335205078125
2020-10-20,41.24163055419922
2020-10-21,41.24979782104492
2020-10-22,41.24163055419922
2020-10-23,41.24979782104492
2020-10-26,41.24163055419922
2020-10-27,41.24163055419922
2020-10-28,41.24163055419922
2020-10-29,41.24163055419922
2020-10-30,41.24163055419922
2020-11-02,41.23352813720703
2020-11-03,41.24163818359375
2020-11-04,41.24979782104492
2020-11-05,41.24979782104492
2020-11-06,41.24163818359375
2020-11-09,41.28234100341797
2020-11-10,41.27420425415039
2020-11-11,41.2579345703125
2020-11-12,41.26606369018555
2020-11-13,41.26606369018555
2020-11-16,41.28234100341797
2020-11-17,41.27420425415039
2020-11-18,41.28234100341797
2020-11-19,41.28234100341797
2020-11-20,41.29048156738281
2020-11-23,41.28234100341797
2020-11-24,41.3067626953125
2020-11-25,41.3067626953125
2020-11-27,41.29048156738281
2020-11-30,41.3067626953125
2020-12-01,41.3165397644043
2020-12-02,41.308387756347656
2020-12-03,41.308387756347656
2020-12-04,41.308387756347656
2020-12-07,41.308387756347656
2020-12-08,41.308387756347656
2020-12-09,41.292110443115234
2020-12-10,41.292110443115234
2020-12-11,41.308387756347656
2020-12-14,41.3165397644043
2020-12-15,41.33282470703125
2020-12-16,41.308387756347656
2020-12-17,41.312469482421875
2020-12-18,41.312469482421875
2020-12-21,41.312469482421875
2020-12-22,41.32875442504883
2020-12-23,41.32875442504883
2020-12-24,41.336910247802734
2020-12-28,41.32875442504883
2020-12-29,41.32875442504883
2020-12-30,41.32875442504883
2020-12-31,41.32060623168945
2021-01-04,41.336910247802734
2021-01-05,41.345054626464844
2021-01-06,41.336910247802734
2021-01-07,41.3613395690918
2021-01-08,41.36949920654297
2021-01-11,41.36949920654297
2021-01-12,41.36949920654297
2021-01-13,41.37764358520508
2021-01-14,41.40207290649414
2021-01-15,41.38579177856445
2021-01-19,41.3939323425293
2021-01-20,41.41023635864258
2021-01-21,41.3939323425293
2021-01-22,41.38579177856445
2021-01-25,41.3939323425293
2021-01-26,41.3939323425293
2021-01-27,41.40207290649414
2021-01-28,41.38579177856445
2021-01-29,41.41837692260742
2021-02-01,41.41999816894531
2021-02-02,41.428157806396484
2021-02-03,41.41999816894531
2021-02-04,41.428157806396484
2021-02-05,41.428157806396484
2021-02-08,41.41999816894531
2021-02-09,41.41999816894531
2021-02-10,41.428157806396484
2021-02-11,41.428157806396484
2021-02-12,41.41184997558594
2021-02-16,41.41999816894531
2021-02-17,41.395572662353516
2021-02-18,41.41999816894531
2021-02-19,41.428157806396484
2021-02-22,41.428157806396484
2021-02-23,41.44443893432617
2021-02-24,41.436309814453125
2021-02-25,41.436309814453125
2021-02-26,41.44443893432617
2021-03-01,41.428958892822266
2021-03-02,41.437110900878906
2021-03-03,41.41266632080078
2021-03-04,41.41266632080078
2021-03-05,41.42081069946289
2021-03-08,41.396358489990234
2021-03-09,41.404502868652344
2021-03-10,41.42081069946289
2021-03-11,41.41266632080078
2021-03-12,41.396358489990234
2021-03-15,41.404502868652344
2021-03-16,41.404502868652344
2021-03-17,41.41266632080078
2021-03-18,41.404502868652344
2021-03-19,41.41266632080078
2021-03-22,41.404502868652344
2021-03-23,41.404502868652344
2021-03-24,41.428958892822266
2021-03-25,41.404502868652344
2021-03-26,41.428958892822266
2021-03-29,41.41266632080078
2021-03-30,41.41266632080078
2021-03-31,41.404502868652344
2021-04-01,41.389827728271484
2021-04-05,41.389827728271484
2021-04-06,41.389827728271484
2021-04-07,41.397979736328125
2021-04-08,41.397979736328125
2021-04-09,41.389827728271484
2021-04-12,41.397979736328125
2021-04-13,41.397979736328125
2021-04-14,41.397979736328125
2021-04-15,41.389827728271484
2021-04-16,41.406131744384766
2021-04-19,41.406131744384766
2021-04-20,41.397979736328125
2021-04-21,41.41429138183594
2021-04-22,41.41429138183594
2021-04-23,41.406131744384766
2021-04-26,41.397979736328125
2021-04-27,41.406131744384766
2021-04-28,41.406131744384766
2021-04-29,41.41429138183594
2021-04-30,41.397979736328125
2021-05-03,41.41429901123047
2021-05-04,41.41429901123047
2021-05-05,41.39799118041992
2021-05-06,41.40614318847656
2021-05-07,41.40614318847656
2021-05-10,41.422454833984375
2021-05-11,41.422454833984375
2021-05-12,41.43061447143555
2021-05-13,41.438785552978516
2021-05-14,41.438785552978516
2021-05-17,41.438785552978516
2021-05-18,41.46326446533203
2021-05-19,41.45509719848633
2021-05-20,41.47141647338867
2021-05-21,41.45509719848633
2021-05-24,41.46326446533203
2021-05-25,41.45509719848633
2021-05-26,41.46326446533203
2021-05-27,41.45509719848633
2021-05-28,41.45509719848633
2021-06-01,41.47060012817383
2021-06-02,41.454280853271484
2021-06-03,41.47060012817383
2021-06-04,41.46245193481445
2021-06-07,41.46245193481445
2021-06-08,41.47060012817383
2021-06-09,41.46245193481445
2021-06-10,41.4787712097168
2021-06-11,41.48693084716797
2021-06-14,41.46245193481445
2021-06-15,41.4787712097168
2021-06-16,41.4787712097168
2021-06-17,41.48693084716797
2021-06-18,41.48693084716797
2021-06-21,41.4787712097168
2021-06-22,41.48693084716797
2021-06-23,41.48693084716797
2021-06-24,41.48693084716797
2021-06-25,41.48693084716797
2021-06-28,41.48693084716797
2021-06-29,41.48693084716797
2021-06-30,41.48693084716797
2021-07-01,41.4844856262207
2021-07-02,41.49265670776367
2021-07-06,41.476322174072266
2021-07-07,41.476322174072266
2021-07-08,41.476322174072266
2021-07-09,41.476322174072266
2021-07-12,41.4844856262207
2021-07-13,41.4844856262207
2021-07-14,41.4844856262207
2021-07-15,41.49265670776367
2021-07-16,41.476322174072266
2021-07-19,41.4681510925293
2021-07-20,41.476322174072266
2021-07-21,41.476322174072266
2021-07-22,41.49265670776367
2021-07-23,41.476322174072266
2021-07-26,41.4681510925293
2021-07-27,41.4681510925293
2021-07-28,41.4681510925293
2021-07-29,41.4844856262207
2021-07-30,41.4844856262207
2021-08-02,41.47385787963867
2021-08-03,41.482032775878906
2021-08-04,41.498374938964844
2021-08-05,41.498374938964844
2021-08-06,41.482032775878906
2021-08-09,41.482032775878906
2021-08-10,41.47385787963867
2021-08-11,41.47385787963867
2021-08-12,41.465702056884766
2021-08-13,41.47385787963867
2021-08-16,41.47385787963867
2021-08-17,41.465702056884766
2021-08-18,41.465702056884766
2021-08-19,41.47385787963867
2021-08-20,41.465702056884766
2021-08-23,41.465702056884766
2021-08-24,41.482032775878906
2021-08-25,41.47385787963867
2021-08-26,41.47385787963867
2021-08-27,41.49020767211914
2021-08-30,41.482032775878906
2021-08-31,41.482032775878906
2021-09-01,41.48612594604492
2021-09-02,41.50246047973633
2021-09-03,41.48612594604492
2021-09-07,41.494293212890625
2021-09-08,41.494293212890625
2021-09-09,41.48612594604492
2021-09-10,41.494293212890625
2021-09-13,41.50246047973633
2021-09-14,41.50246047973633
2021-09-15,41.50246047973633
2021-09-16,41.48612594604492
2021-09-17,41.50246047973633
2021-09-20,41.48612594604492
2021-09-21,41.494293212890625
2021-09-22,41.50246047973633
2021-09-23,41.48612594604492
2021-09-24,41.48612594604492
2021-09-27,41.50246047973633
2021-09-28,41.518802642822266
2021-09-29,41.54332733154297
2021-09-30,41.54332733154297
2021-10-01,41.506534576416016
2021-10-04,41.49837112426758
2021-10-05,41.522891998291016
2021-10-06,41.51470947265625
2021-10-07,41.506534576416016
2021-10-08,41.506534576416016
2021-10-11,41.522891998291016
2021-10-12,41.506534576416016
2021-10-13,41.49018859863281
2021-10-14,41.51470947265625
2021-10-15,41.531063079833984
2021-10-18,41.531063079833984
2021-10-19,41.522891998291016
2021-10-20,41.531063079833984
2021-10-21,41.51470947265625
2021-10-22,41.51470947265625
2021-10-25,41.49837112426758
2021-10-26,41.51470947265625
2021-10-27,41.522891998291016
2021-10-28,41.522891998291016
2021-10-29,41.51470947265625
2021-11-01,41.495086669921875
2021-11-02,41.511444091796875
2021-11-03,41.511444091796875
2021-11-04,41.51961898803711
2021-11-05,41.511444091796875
2021-11-08,41.51961898803711
2021-11-09,41.51961898803711
2021-11-10,41.52779006958008
2021-11-11,41.51961898803711
2021-11-12,41.535980224609375
2021-11-15,41.535980224609375
2021-11-16,41.535980224609375
2021-11-17,41.51961898803711
2021-11-18,41.50326156616211
2021-11-19,41.47874450683594
2021-11-22,41.495086669921875
2021-11-23,41.495086669921875
2021-11-24,41.47874450683594
2021-11-26,41.47056198120117
2021-11-29,41.48691940307617
2021-11-30,41.47874450683594
2021-12-01,41.46646499633789
2021-12-02,41.45829391479492
2021-12-03,41.441932678222656
2021-12-06,41.45011520385742
2021-12-07,41.43375015258789
2021-12-08,41.441932678222656
2021-12-09,41.425559997558594
2021-12-10,41.425559997558594
2021-12-13,41.40922164916992
2021-12-14,41.41740798950195
2021-12-15,41.425559997558594
2021-12-16,41.423126220703125
2021-12-17,41.431304931640625
2021-12-20,41.423126220703125
2021-12-21,41.431304931640625
2021-12-22,41.431304931640625
2021-12-23,41.439476013183594
2021-12-27,41.447662353515625
2021-12-28,41.46403884887695
2021-12-29,41.47220230102539
2021-12-30,41.480377197265625
2021-12-31,41.50493621826172
2022-01-03,41.48858642578125
2022-01-04,41.46403884887695
2022-01-05,41.50493621826172
2022-01-06,41.46403884887695
2022-01-07,41.47220230102539
2022-01-10,41.47220230102539
2022-01-11,41.47220230102539
2022-01-12,41.48858642578125
2022-01-13,41.47220230102539
2022-01-14,41.480377197265625
2022-01-18,41.48858642578125
2022-01-19,41.48858642578125
2022-01-20,41.46403884887695
2022-01-21,41.48858642578125
2022-01-24,41.480377197265625
2022-01-25,41.480377197265625
2022-01-26,41.480377197265625
2022-01-27,41.48858642578125
2022-01-28,41.480377197265625
2022-01-31,41.480377197265625
2022-02-01,41.50250244140625
2022-02-02,41.50250244140625
2022-02-03,41.51068115234375
2022-02-04,41.51068115234375
2022-02-07,41.51885223388672
2022-02-08,41.50250244140625
2022-02-09,41.51068115234375
2022-02-10,41.494285583496094
2022-02-11,41.52704620361328
2022-02-14,41.51068115234375
2022-02-15,41.494285583496094
2022-02-16,41.494285583496094
2022-02-17,41.494285583496094
2022-02-18,41.51885223388672
2022-02-22,41.50250244140625
2022-02-23,41.48611831665039
2022-02-24,41.46156692504883
2022-02-25,41.445194244384766
2022-02-28,41.469749450683594
2022-03-01,41.4926872253418
2022-03-02,41.4844856262207
2022-03-03,41.476295471191406
2022-03-04,41.435359954833984
2022-03-07,41.41899871826172
2022-03-08,41.304378509521484
2022-03-09,41.345314025878906
2022-03-10,41.35349655151367
2022-03-11,41.230690002441406
2022-03-14,41.22249221801758
2022-03-15,41.22249221801758
2022-03-16,41.25524139404297
2022-03-17,41.337127685546875
2022-03-18,41.345314025878906
2022-03-21,41.29618835449219
2022-03-22,41.337127685546875
2022-03-23,41.328941345214844
2022-03-24,41.337127685546875
2022-03-25,41.337127685546875
2022-03-28,41.337127685546875
2022-03-29,41.35349655151367
2022-03-30,41.36986541748047
2022-03-31,41.361671447753906
2022-04-01,41.41245651245117
2022-04-04,41.39607238769531
2022-04-05,41.37969207763672
2022-04-06,41.38788604736328
2022-04-07,41.39607238769531
2022-04-08,41.38788604736328
2022-04-11,41.37150955200195
2022-04-12,41.36333084106445
2022-04-13,41.39607238769531
2022-04-14,41.38788604736328
2022-04-18,41.39607238769531
2022-04-19,41.39607238769531
2022-04-20,41.41245651245117
2022-04-21,41.40427017211914
2022-04-22,41.36333084106445
2022-04-25,41.41245651245117
2022-04-26,41.30598831176758
2022-04-27,41.32236862182617
2022-04-28,41.346946716308594
2022-04-29,41.37150955200195
2022-05-02,41.44116973876953
2022-05-03,41.40018844604492
2022-05-04,41.40018844604492
2022-05-05,41.37562561035156
2022-05-06,41.43295669555664
2022-05-09,41.3838005065918
2022-05-10,41.35102844238281
2022-05-11,41.359230041503906
2022-05-12,41.35102844238281
2022-05-13,41.36742401123047
2022-05-16,41.35102844238281
2022-05-17,41.33463668823242
2022-05-18,41.31824493408203
2022-05-19,41.31824493408203
2022-05-20,41.293643951416016
2022-05-23,41.35102844238281
2022-05-24,41.31824493408203
2022-05-25,41.31824493408203
2022-05-26,41.301876068115234
2022-05-27,41.27727508544922
2022-05-31,41.27727508544922
2022-06-01,41.2461051940918
2022-06-02,41.27892303466797
2022-06-03,41.26251220703125
2022-06-06,41.2461051940918
2022-06-07,41.25429916381836
2022-06-08,41.22970962524414
2022-06-09,41.2461051940918
2022-06-10,41.18049240112305
2022-06-13,40.950836181640625
2022-06-14,41.08206558227539
2022-06-15,40.893428802490234
2022-06-16,40.819610595703125
2022-06-17,41.04925537109375
2022-06-21,41.00825119018555
2022-06-22,41.04925537109375
2022-06-23,41.04925537109375
2022-06-24,41.12308120727539
2022-06-27,41.11488342285156
2022-06-28,41.10667037963867
2022-06-29,41.09027099609375
2022-06-30,40.94263458251953
2022-07-01,40.99107360839844
2022-07-05,40.966453552246094
2022-07-06,40.966453552246094
2022-07-07,40.97465896606445
2022-07-08,40.92540740966797
2022-07-11,41.015716552734375
2022-07-12,40.9336051940918
2022-07-13,41.05674743652344
2022-07-14,41.08959197998047
2022-07-15,41.122432708740234
2022-07-18,41.130653381347656
2022-07-19,41.15529251098633
2022-07-20,41.19632339477539
2022-07-21,41.15529251098633
2022-07-22,41.19632339477539
2022-07-25,41.10601806640625
2022-07-26,41.08138656616211
2022-07-27,41.15529251098633
2022-07-28,41.19632339477539
2022-07-29,41.212745666503906
2022-08-01,41.19464111328125
2022-08-02,41.211097717285156
2022-08-03,41.211097717285156
2022-08-04,41.243980407714844
2022-08-05,41.211097717285156
2022-08-08,41.252193450927734
2022-08-09,41.21930694580078
2022-08-10,41.41661071777344
2022-08-11,41.268638610839844
2022-08-12,41.3261833190918
2022-08-15,41.31796646118164
2022-08-16,41.27686309814453
2022-08-17,41.36729049682617
2022-08-18,41.36729049682617
2022-08-19,41.3261833190918
2022-08-22,41.33441162109375
2022-08-23,41.350852966308594
2022-08-24,41.350852966308594
2022-08-25,41.36729049682617
2022-08-26,41.3261833190918
2022-08-29,41.35908126831055
2022-08-30,41.36729049682617
2022-08-31,41.39194869995117
2022-09-01,41.415016174316406
2022-09-02,41.40678405761719
2022-09-06,41.45621109008789
2022-09-07,41.48917007446289
2022-09-08,41.48917007446289
2022-09-09,41.52213668823242
2022-09-12,41.513893127441406
2022-09-13,41.447994232177734
2022-09-14,41.48092269897461
2022-09-15,41.48092269897461
2022-09-16,41.4644660949707
2022-09-19,41.513893127441406
2022-09-20,41.49740982055664
2022-09-21,41.48917007446289
2022-09-22,41.563316345214844
2022-09-23,41.563316345214844
2022-09-26,41.52213668823242
2022-09-27,41.49740982055664
2022-09-28,41.447994232177734
2022-09-29,41.390316009521484
2022-09-30,41.415016174316406
2022-10-03,41.396018981933594
2022-10-04,41.45384216308594
2022-10-05,41.462093353271484
2022-10-06,41.44557571411133
2022-10-07,41.45384216308594
2022-10-10,41.44557571411133
2022-10-11,41.43732452392578
2022-10-12,41.36297607421875
2022-10-13,41.36297607421875
2022-10-14,41.31342697143555
2022-10-17,41.412540435791016
2022-10-18,41.38776397705078
2022-10-19,41.37125015258789
2022-10-20,41.49515151977539
2022-10-21,41.5529670715332
2022-10-24,41.49515151977539
2022-10-25,41.528167724609375
2022-10-26,41.4786262512207
2022-10-27,41.47035598754883
2022-10-28,41.50339126586914
2022-10-31,41.49515151977539
2022-11-01,41.5705451965332
2022-11-02,41.54570007324219
2022-11-03,41.504241943359375
2022-11-04,41.53739929199219
2022-11-07,41.51254653930664
2022-11-08,41.5788459777832
2022-11-09,41.5788459777832
2022-11-10,41.60369873046875
2022-11-11,41.66170120239258
2022-11-14,41.628578186035156
2022-11-15,41.628578186035156
2022-11-16,41.68657302856445
2022-11-17,41.68657302856445
2022-11-18,41.678287506103516
2022-11-21,41.66999816894531
2022-11-22,41.68657302856445
2022-11-23,41.703147888183594
2022-11-25,41.66170120239258
2022-11-28,41.703147888183594
2022-11-29,41.761173248291016
2022-11-30,41.78603744506836
2022-12-01,41.751075744628906
2022-12-02,41.751075744628906
2022-12-05,41.751075744628906
2022-12-06,41.767723083496094
2022-12-07,41.77604293823242
2022-12-08,41.767723083496094
2022-12-09,41.80101013183594
2022-12-12,41.80934143066406
2022-12-13,41.83430862426758
2022-12-14,41.84262466430664
2022-12-15,41.81840133666992
2022-12-16,41.87687683105469
2022-12-19,41.81840133666992
2022-12-20,41.86017608642578
2022-12-21,41.88522720336914
2022-12-22,41.88522720336914
2022-12-23,41.93534469604492
2022-12-27,41.95205307006836
2022-12-28,41.9269905090332
2022-12-29,41.99380874633789
2022-12-30,42.03557205200195
2023-01-03,42.05227279663086
2023-01-04,42.06060791015625
2023-01-05,42.09403610229492
2023-01-06,42.12744140625
2023-01-09,42.11074447631836
2023-01-10,42.11074447631836
2023-01-11,42.102386474609375
2023-01-12,42.09403610229492
2023-01-13,42.12744140625
2023-01-17,42.11074447631836
2023-01-18,42.1692008972168
2023-01-19,42.185890197753906
2023-01-20,42.210960388183594
2023-01-23,42.227657318115234
2023-01-24,42.227657318115234
2023-01-25,42.24435043334961
2023-01-26,42.25271987915039
2023-01-27,42.33622741699219
2023-01-30,42.30282974243164
2023-01-31,42.31119918823242
2023-02-01,42.34724807739258
2023-02-02,42.355648040771484
2023-02-03,42.3388557434082
2023-02-06,42.37241744995117
2023-02-07,42.40597152709961
2023-02-08,42.397586822509766
2023-02-09,42.41436004638672
2023-02-10,42.44792175292969
2023-02-13,42.456302642822266
2023-02-14,42.43113327026367
2023-02-15,42.46469497680664
2023-02-16,42.515045166015625
2023-02-17,42.565372467041016
2023-02-21,42.49827194213867
2023-02-22,42.515045166015625
2023-02-23,42.540191650390625
2023-02-24,42.548583984375
2023-02-27,42.59052276611328
2023-02-28,42.61569595336914
2023-03-01,42.602210998535156
2023-03-02,42.65275955200195
2023-03-03,42.669612884521484
2023-03-06,42.70329284667969
2023-03-07,42.69486999511719
2023-03-08,42.71171569824219
2023-03-09,42.69486999511719
2023-03-10,42.68646240234375
2023-03-13,42.01262664794922
2023-03-14,42.15581512451172
2023-03-15,41.700984954833984
2023-03-16,42.046321868896484
2023-03-17,42.01262664794922
2023-03-20,42.054744720458984
2023-03-21,42.37480926513672
2023-03-22,42.15581512451172
2023-03-23,42.21477508544922
2023-03-24,42.24846649169922
2023-03-27,42.24846649169922
2023-03-28,42.31586456298828
2023-03-29,42.42534255981445
2023-03-30,42.450618743896484
2023-03-31,42.44218826293945
2023-04-03,42.5301628112793
2023-04-04,42.462493896484375
2023-04-05,42.50480270385742
2023-04-06,42.470951080322266
2023-04-10,42.47941589355469
2023-04-11,42.62324523925781
2023-04-12,42.614776611328125
2023-04-13,42.66554641723633
2023-04-14,42.64862060546875
2023-04-17,42.68246841430664
2023-04-18,42.69938659667969
2023-04-19,42.674007415771484
2023-04-20,42.707847595214844
2023-04-21,42.724769592285156
2023-04-24,42.741695404052734
2023-04-25,42.606327056884766
2023-04-26,42.597862243652344
2023-04-27,42.82628631591797
2023-04-28,42.82628631591797
2023-05-01,42.792293548583984
2023-05-02,42.77529525756836
2023-05-03,42.8687858581543
2023-05-04,42.77529525756836
2023-05-05,42.88578414916992
2023-05-08,42.84328842163086
2023-05-09,42.90277862548828
2023-05-10,42.92826843261719
2023-05-11,42.894283294677734
2023-05-12,42.92826843261719
2023-05-15,42.92826843261719
2023-05-16,42.92826843261719
2023-05-17,42.979270935058594
2023-05-18,42.962276458740234
2023-05-19,42.945281982421875
2023-05-22,42.99626541137695
2023-05-23,42.98777389526367
2023-05-24,43.030269622802734
2023-05-25,43.04726028442383
2023-05-26,43.06427001953125
2023-05-30,43.09824752807617
2023-05-31,43.11526870727539
2023-06-01,43.13489532470703
2023-06-02,43.19468307495117
2023-06-05,43.24591064453125
2023-06-06,43.23737335205078
2023-06-07,43.211761474609375
2023-06-08,43.211761474609375
2023-06-09,43.24591064453125
2023-06-12,43.24591064453125
2023-06-13,43.22882843017578
2023-06-14,43.254451751708984
2023-06-15,43.28861618041992
2023-06-16,43.305694580078125
2023-06-20,43.28861618041992
2023-06-21,43.27153015136719
2023-06-22,43.305694580078125
2023-06-23,43.32276916503906
2023-06-26,43.374000549316406
2023-06-27,43.36547088623047
2023-06-28,43.382545471191406
2023-06-29,43.40817642211914
2023-06-30,43.39963912963867
2023-07-03,43.41164779663086
2023-07-05,43.37732696533203
2023-07-06,43.42022705078125
2023-07-07,43.40306854248047
2023-07-10,43.42022705078125
2023-07-11,43.45453643798828
2023-07-12,43.45453643798828
2023-07-13,43.480281829833984
2023-07-14,43.44595718383789
2023-07-17,43.4974365234375
2023-07-18,43.4974365234375
2023-07-19,43.523170471191406
2023-07-20,43.523170471191406
2023-07-21,43.548912048339844
2023-07-24,43.566070556640625
2023-07-25,43.5574951171875
2023-07-26,43.591819763183594
2023-07-27,43.57463836669922
2023-07-28,43.61753845214844
2023-07-31,43.63471221923828
2023-08-01,43.63385009765625
2023-08-02,43.63385009765625
2023-08-03,43.62521743774414
2023-08-04,43.62521743774414
2023-08-07,43.65972137451172
2023-08-08,43.67695617675781
2023-08-09,43.69419860839844
2023-08-10,43.68557357788086
2023-08-11,43.7114372253418
2023-08-14,43.72868728637695
2023-08-15,43.72868728637695
2023-08-16,43.72868728637695
2023-08-17,43.74592208862305
2023-08-18,43.771793365478516
2023-08-21,43.76316452026367
2023-08-22,43.771793365478516
2023-08-23,43.79765319824219
2023-08-24,43.7804069519043
2023-08-25,43.814903259277344
2023-08-28,43.84075927734375
2023-08-29,43.84075927734375
2023-08-30,43.85800552368164
2023-08-31,43.85800552368164
2023-09-01,43.87014389038086
2023-09-05,43.87881088256836
2023-09-06,43.87014389038086
2023-09-07,43.9047966003418
2023-09-08,43.939449310302734
2023-09-11,43.97412109375
2023-09-12,43.9654541015625
2023-09-13,43.956790924072266
2023-09-14,43.99143981933594
2023-09-15,43.97412109375
2023-09-18,44.00011444091797
2023-09-19,44.0087776184082
2023-09-20,44.0261116027832
2023-09-21,44.01744079589844
2023-09-22,44.05209732055664
2023-09-25,44.05209732055664
2023-09-26,44.05209732055664
2023-09-27,44.06076431274414
2023-09-28,44.08675765991211
2023-09-29,44.09541702270508
2023-10-02,44.11893081665039
2023-10-03,44.11893081665039
2023-10-04,44.1102180480957
2023-10-05,44.14506149291992
2023-10-06,44.15375900268555
2023-10-09,44.13633728027344
2023-10-10,44.1624641418457
2023-10-11,44.15375900268555
2023-10-12,44.13633728027344
2023-10-13,44.1624641418457
2023-10-16,44.17118453979492
2023-10-17,44.17118453979492
2023-10-18,44.17118453979492
2023-10-19,44.20600509643555
2023-10-20,44.22341537475586
2023-10-23,44.24083709716797
2023-10-24,44.258243560791016
2023-10-25,44.249542236328125
2023-10-26,44.28437042236328
2023-10-27,44.27566909790039
2023-10-30,44.28437042236328
2023-10-31,44.310482025146484
2023-11-01,44.3131103515625
2023-11-02,44.30435562133789
2023-11-03,44.321868896484375
2023-11-06,44.321868896484375
2023-11-07,44.321868896484375
2023-11-08,44.33062744140625
2023-11-09,44.33062744140625
2023-11-10,44.35687255859375
2023-11-13,44.35687255859375
2023-11-14,44.383121490478516
2023-11-15,44.40062713623047
2023-11-16,44.418113708496094
2023-11-17,44.40062713623047
2023-11-20,44.42687225341797
2023-11-21,44.40937423706055
2023-11-22,44.444366455078125
2023-11-24,44.444366455078125
2023-11-27,44.4531135559082
2023-11-28,44.461883544921875
2023-11-29,44.488128662109375
2023-11-30,44.50563049316406
2023-12-01,44.53376388549805
2023-12-04,44.516178131103516
2023-12-05,44.53376388549805
2023-12-06,44.53376388549805
2023-12-07,44.56015396118164
2023-12-08,44.57774353027344
2023-12-11,44.56894302368164
2023-12-12,44.58652877807617
2023-12-13,44.6305046081543
2023-12-14,44.65083694458008
2023-12-15,44.65083694458008
2023-12-18,44.624324798583984
2023-12-19,44.6331672668457
2023-12-20,44.61548614501953
2023-12-21,44.677345275878906
2023-12-22,44.686180114746094
2023-12-26,44.71269989013672
2023-12-27,44.69502258300781
2023-12-28,44.71269989013672
2023-12-29,44.73921203613281
2024-01-02,44.75688552856445
2024-01-03,44.75688552856445
2024-01-04,44.79224395751953
2024-01-05,44.80107498168945
2024-01-08,44.80990982055664
2024-01-09,44.84526062011719
2024-01-10,44.8364372253418
2024-01-11,44.880619049072266
2024-01-12,44.889461517333984
2024-01-16,44.889461517333984
2024-01-17,44.90714645385742
2024-01-18,44.92481994628906
2024-01-19,44.94248580932617
2024-01-22,44.951332092285156
2024-01-23,44.94248580932617
2024-01-24,44.986690521240234
2024-01-25,45.01319122314453
2024-01-26,45.03087615966797
2024-01-29,45.03087615966797
2024-01-30,45.022037506103516
2024-01-31,45.022037506103516
2024-02-01,45.05668258666992
2024-02-02,45.07444381713867
2024-02-05,45.092220306396484
2024-02-06,45.109981536865234
2024-02-07,45.11886215209961
2024-02-08,45.11886215209961
2024-02-09,45.13664627075195
2024-02-12,45.1455192565918
2024-02-13,45.16328430175781
2024-02-14,45.1899299621582
2024-02-15,45.243228912353516
2024-02-16,45.20770263671875
2024-02-20,45.225467681884766
2024-02-21,45.225467681884766
2024-02-22,45.28765869140625
2024-02-23,45.28765869140625
2024-02-26,45.305423736572266
2024-02-27,45.323184967041016
2024-02-28,45.340965270996094
2024-02-29,45.35871887207031
2024-03-01,45.3596076965332
2024-03-04,45.3596076965332
2024-03-05,45.37746047973633
2024-03-06,45.3685417175293
2024-03-07,45.37746047973633
2024-03-08,45.413169860839844
2024-03-11,45.40423583984375
2024-03-12,45.4488639831543
2024-03-13,45.43994140625
2024-03-14,45.47563934326172
2024-03-15,45.47563934326172
2024-03-18,45.49349594116211
2024-03-19,45.50242233276367
2024-03-20,45.50242233276367
2024-03-21,45.538116455078125
2024-03-22,45.538116455078125
2024-03-25,45.538116455078125
2024-03-26,45.555973052978516
2024-03-27,45.5916748046875
2024-03-28,45.57382583618164
2024-04-01,45.588172912597656
2024-04-02,45.60612487792969
2024-04-03,45.633033752441406
2024-04-04,45.633033752441406
2024-04-05,45.64199447631836
2024-04-08,45.659942626953125
2024-04-09,45.686859130859375
2024-04-10,45.686859130859375
2024-04-11,45.686859130859375
2024-04-12,45.704795837402344
2024-04-15,45.713768005371094
2024-04-16,45.722740173339844
2024-04-17,45.74067306518555
2024-04-18,45.767581939697266
2024-04-19,45.767581939697266
2024-04-22,45.767581939697266
2024-04-23,45.78553009033203
2024-04-24,45.75861358642578
2024-04-25,45.794498443603516
2024-04-26,45.78553009033203
2024-04-29,45.8214111328125
2024-04-30,45.839351654052734
2024-05-01,45.86549758911133
2024-05-02,45.86549758911133
2024-05-03,45.88352584838867
2024-05-06,45.901546478271484
2024-05-07,45.91957473754883
2024-05-08,45.91957473754883
2024-05-09,45.9376106262207
2024-05-10,45.946617126464844
2024-05-13,45.946617126464844
2024-05-14,45.9376106262207
2024-05-15,45.96464538574219
2024-05-16,45.96464538574219
2024-05-17,45.97367477416992
2024-05-20,45.982688903808594
2024-05-21,45.982688903808594
2024-05-22,46.009727478027344
2024-05-23,46.02775192260742
2024-05-24,46.06381607055664
2024-05-28,46.054805755615234
2024-05-29,46.06381607055664
2024-05-30,46.08184051513672
2024-05-31,46.108882904052734
2024-06-03,46.09891891479492
2024-06-04,46.10797119140625
2024-06-05,46.14421081542969
2024-06-06,46.11704635620117
2024-06-07,46.135154724121094
2024-06-10,46.17140197753906
2024-06-11,46.1623420715332
2024-06-12,46.1623420715332
2024-06-13,46.18046569824219
2024-06-14,46.189517974853516
2024-06-17,46.2076530456543
2024-06-18,46.22576141357422
2024-06-20,46.22576141357422
2024-06-21,46.24388122558594
2024-06-24,46.26200485229492
2024-06-25,46.28011703491211
2024-06-26,46.28011703491211
2024-06-27,46.289180755615234
2024-06-28,46.289180755615234
2024-07-01,46.30649185180664
2024-07-02,46.32469177246094
2024-07-03,46.32469177246094
2024-07-05,46.36111068725586
2024-07-08,46.36111068725586
2024-07-09,46.36111068725586
2024-07-10,46.370208740234375
2024-07-11,46.370208740234375
2024-07-12,46.424835205078125
2024-07-15,46.41574478149414
2024-07-16,46.41574478149414
2024-07-17,46.41574478149414
2024-07-18,46.41574478149414
2024-07-19,46.44305419921875
2024-07-22,46.46126174926758
2024-07-23,46.45216369628906
2024-07-24,46.46126174926758
2024-07-25,46.470375061035156
2024-07-26,46.497684478759766
2024-07-29,46.506778717041016
2024-07-30,46.524986267089844
2024-07-31,46.53409957885742
2024-08-01,46.528602600097656
2024-08-02,46.437110900878906
2024-08-05,46.32731246948242
2024-08-06,46.464561462402344
2024-08-07,46.49200439453125
2024-08-08,46.464561462402344
2024-08-09,46.51030731201172
2024-08-12,46.49200439453125
2024-08-13,46.51030731201172
2024-08-14,46.53776550292969
2024-08-15,46.556060791015625
2024-08-16,46.5835075378418
2024-08-19,46.6201171875
2024-08-20,46.6292610168457
2024-08-21,46.63841247558594
2024-08-22,46.65669631958008
2024-08-23,46.693302154541016
2024-08-26,46.68415451049805
2024-08-27,46.68415451049805
2024-08-28,46.67501449584961
2024-08-29,46.67501449584961
2024-08-30,46.729923248291016
2024-09-03,46.72992706298828
2024-09-04,46.748313903808594
2024-09-05,46.739105224609375
2024-09-06,46.757503509521484
2024-09-09,46.775901794433594
2024-09-10,46.81269454956055
2024-09-11,46.81269454956055
2024-09-12,46.81269454956055
2024-09-13,46.84028625488281
2024-09-16,46.84028625488281
2024-09-17,46.87705993652344
2024-09-18,46.87705993652344
2024-09-19,46.87705993652344
2024-09-20,46.88626480102539
2024-09-23,46.904659271240234
2024-09-24,46.92304229736328
2024-09-25,46.9322395324707
2024-09-26,46.92304229736328
2024-09-27,46.941444396972656
2024-09-30,46.941444396972656
2024-10-01,46.9506950378418
2024-10-02,46.9784049987793
2024-10-03,46.996891021728516
2024-10-04,47.03385925292969
2024-10-07,47.02460861206055
2024-10-08,47.03385925292969
2024-10-09,47.03385925292969
2024-10-10,47.02460861206055
2024-10-11,47.043087005615234
2024-10-14,47.03385925292969
2024-10-15,47.043087005615234
2024-10-16,46.94144821166992
2024-10-17,47.0708122253418
2024-10-18,47.080055236816406
2024-10-21,47.089298248291016
2024-10-22,47.1077766418457
2024-10-23,47.11701202392578
2024-10-24,47.135498046875
2024-10-25,47.18170166015625
2024-10-28,47.200172424316406
2024-10-29,47.19093322753906
2024-10-30,47.15396499633789
2024-10-31,47.15396499633789
2024-11-01,47.21247100830078
2024-11-04,47.240333557128906
2024-11-05,47.24960708618164
2024-11-06,47.2681770324707
2024-11-07,47.25889205932617
2024-11-08,47.2960319519043
2024-11-11,47.2867431640625
2024-11-12,47.2960319519043
2024-11-13,47.31459045410156
2024-11-14,47.30531692504883
2024-11-15,47.31459045410156
2024-11-18,47.33316421508789
2024-11-19,47.34245300292969
2024-11-20,47.37031173706055
2024-11-21,47.37031173706055
2024-11-22,47.38888931274414
2024-11-25,47.37959289550781
2024-11-26,47.38888931274414
2024-11-27,47.398162841796875
2024-11-29,47.41672897338867
2024-12-02,47.42792510986328
2024-12-03,47.42792510986328
2024-12-04,47.44657516479492
2024-12-05,47.455894470214844
2024-12-06,47.4838752746582
2024-12-09,47.4838752746582
2024-12-10,47.49319839477539
2024-12-11,47.49319839477539
2024-12-12,47.5118522644043
2024-12-13,47.53050231933594
2024-12-16,47.53982925415039
2024-12-17,47.53982925415039
2024-12-18,47.518280029296875
2024-12-19,47.53700637817383
2024-12-20,47.583839416503906
2024-12-23,47.60258865356445
2024-12-24,47.62131118774414
2024-12-26,47.63067626953125
2024-12-27,47.6494140625
2024-12-30,47.6494140625
2024-12-31,47.65878677368164
2025-01-02,47.677520751953125
2025-01-03,47.686885833740234
2025-01-06,47.686885833740234
2025-01-07,47.70561599731445
2025-01-08,47.71498107910156
2025-01-10,47.7243537902832
2025-01-13,47.74308776855469
2025-01-14,47.75245666503906
2025-01-15,47.77119064331055
2025-01-16,47.77119064331055
2025-01-17,47.77119064331055
2025-01-21,47.78054428100586
2025-01-22,47.78054428100586
2025-01-23,47.799293518066406
2025-01-24,47.799293518066406
2025-01-27,47.808658599853516
2025-01-28,47.827392578125
2025-01-29,47.808658599853516
2025-01-30,47.855491638183594
2025-01-31,47.84611511230469
2025-02-03,47.8668098449707
2025-02-04,47.8856201171875
2025-02-05,47.8856201171875
2025-02-06,47.904422760009766
2025-02-07,47.91383743286133
2025-02-10,47.904422760009766
2025-02-11,47.92323303222656
2025-02-12,47.92323303222656
2025-02-13,47.95144271850586
2025-02-14,47.970252990722656
2025-02-18,47.97965621948242
2025-02-19,47.998470306396484
2025-02-20,47.998470306396484
2025-02-21,48.00787353515625
2025-02-24,48.00787353515625
2025-02-25,48.02667236328125
2025-02-26,48.017276763916016
2025-02-27,48.017276763916016
2025-02-28,48.04548645019531
2025-03-03,48.05586624145508
2025-03-04,48.01811218261719
2025-03-05,48.05586624145508
2025-03-06,48.05586624145508
2025-03-07,48.10306930541992
2025-03-10,48.08418655395508
2025-03-11,48.08418655395508
2025-03-12,48.08418655395508
2025-03-13,48.065311431884766
2025-03-14,48.112510681152344
2025-03-17,48.112510681152344
2025-03-18,48.1219482421875
2025-03-19,48.13138198852539
2025-03-20,48.1219482421875
2025-03-21,48.15026092529297
2025-03-24,48.16913986206055
2025-03-25,48.15970230102539
2025-03-26,48.16913986206055
2025-03-27,48.1785888671875
2025-03-28,48.18802261352539
2025-03-31,48.18802261352539
2025-04-01,48.2259407043457
2025-04-02,48.24489212036133
2025-04-03,48.17854690551758
2025-04-04,47.48662567138672
2025-04-07,47.6856689453125
2025-04-08,47.5529670715332
2025-04-09,47.99845886230469
2025-04-10,47.6856689453125
2025-04-11,47.72358703613281
2025-04-14,47.90366744995117
2025-04-15,48.04584884643555
2025-04-16,48.08375549316406
2025-04-17,48.11219787597656
2025-04-21,48.0363655090332
2025-04-22,48.15011215209961
2025-04-23,48.17854690551758
2025-04-24,48.216453552246094
2025-04-25,48.2259407043457
2025-04-28,48.235416412353516
2025-04-29,48.26384735107422
2025-04-30,48.26384735107422
2025-05-01,48.2524299621582
2025-05-02,48.290504455566406
2025-05-05,48.28097915649414
2025-05-06,48.290504455566406
2025-05-07,48.300010681152344
2025-05-08,48.30952835083008
2025-05-09,48.30952835083008
2025-05-12,48.347599029541016
2025-05-13,48.40470504760742
2025-05-14,48.376155853271484
2025-05-15,48.40470504760742
2025-05-16,48.442779541015625
2025-05-19,48.442779541015625
2025-05-20,48.43325424194336
2025-05-21,48.43325424194336
2025-05-22,48.442779541015625
2025-05-23,48.46181106567383
2025-05-27,48.50939178466797
2025-05-28,48.4998779296875
2025-05-29,48.4998779296875
2025-05-30,48.50939178466797
2025-06-02,48.53901672363281
2025-06-03,48.55813980102539
2025-06-04,48.567691802978516
2025-06-05,48.55813980102539
2025-06-06,48.577247619628906
2025-06-09,48.5868034362793
2025-06-10,48.59635925292969
2025-06-11,48.605918884277344
2025-06-12,48.625030517578125
2025-06-13,48.625030517578125
2025-06-16,48.644142150878906
2025-06-17,48.6536979675293
2025-06-18,48.644142150878906
2025-06-20,48.682369232177734
2025-06-23,48.691932678222656
2025-06-24,48.70148849487305
2025-06-25,48.71104431152344
2025-06-26,48.73015594482422
2025-06-27,48.74925994873047
2025-06-30,48.75883102416992
2025-07-01,48.76362228393555
2025-07-02,48.77322006225586
2025-07-03,48.821197509765625
2025-07-07,48.81159591674805
2025-07-08,48.821197509765625
2025-07-09,48.85957336425781
2025-07-10,48.86916732788086
2025-07-11,48.88836669921875
2025-07-14,48.88836669921875
2025-07-15,48.897953033447266
2025-07-16,48.90755081176758
2025-07-17,48.92674255371094
2025-07-18,48.936336517333984
2025-07-21,48.936336517333984
2025-07-22,48.95553207397461
2025-07-23,48.97472381591797
2025-07-24,48.98431396484375
2025-07-25,49.00350570678711
2025-07-28,49.01310729980469
2025-07-29,48.9939079284668
2025-07-30,49.01310729980469
2025-07-31,48.97472381591797
2025-08-01,49.00362777709961
2025-08-04,49.01325607299805
2025-08-05,49.00362777709961
2025-08-06,49.04216766357422
2025-08-07,49.05180358886719
2025-08-08,49.09033966064453
2025-08-11,49.099979400634766
2025-08-12,49.09033966064453
2025-08-13,49.109615325927734
2025-08-14,49.119239807128906
2025-08-15,49.138519287109375
2025-08-18,49.14814376831055
2025-08-19,49.14814376831055
2025-08-20,49.17706298828125
2025-08-21,49.16741180419922
2025-08-22,49.18669509887695
2025-08-25,49.205970764160156
2025-08-26,49.16741180419922
2025-08-27,49.18669509887695
2025-08-28,49.17706298828125
2025-08-29,49.18669509887695
2025-09-02,49.200233459472656
2025-09-03,49.229270935058594
2025-09-04,49.229270935058594
2025-09-05,49.229270935058594
2025-09-08,49.23894119262695
2025-09-09,49.23894119262695
2025-09-10,49.26795959472656
2025-09-11,49.26795959472656
2025-09-12,49.316349029541016
2025-09-15,49.32601547241211
2025-09-16,49.316349029541016
2025-09-17,49.316349029541016
2025-09-18,49.33570098876953
2025-09-19,49.345375061035156
2025-09-22,49.35504150390625
2025-09-23,49.364723205566406
2025-09-24,49.374393463134766
2025-09-25,49.364723205566406
2025-09-26,49.42278289794922
2025-09-29,49.42278289794922
2025-09-30,49.43244934082031
2025-10-01,49.4499397277832
2025-10-02,49.4499397277832
2025-10-03,49.46936798095703
2025-10-06,49.48879623413086
2025-10-07,49.47908401489258
2025-10-08,49.50822448730469
2025-10-09,49.49850845336914
2025-10-10,49.44022750854492
2025-10-13,49.45965576171875
2025-10-14,49.47908401489258
2025-10-15,49.47908401489258
2025-10-16,49.46936798095703
2025-10-17,49.49850845336914
2025-10-20,49.556800842285156
2025-10-21,49.57623291015625
2025-10-22,49.54709243774414
2025-10-23,49.57623291015625
2025-10-24,49.5859489440918
2025-10-27,49.5859489440918
2025-10-28,49.5859489440918
2025-10-29,49.59566116333008
2025-10-30,49.605377197265625
2025-10-31,49.61509704589844
2025-11-03,49.580955505371094
2025-11-04,49.5907096862793
2025-11-05,49.61996841430664
2025-11-06,49.629730224609375
2025-11-07,49.629730224609375
2025-11-10,49.66874694824219
2025-11-11,49.68824768066406
2025-11-12,49.67850112915039
2025-11-13,49.68824768066406
2025-11-14,49.7175178527832
2025-11-17,49.70775604248047
2025-11-18,49.7175178527832
2025-11-19,49.7175178527832
2025-11-20,49.70775604248047
2025-11-21,49.737022399902344
2025-11-24,49.756526947021484
2025-11-25,49.78579330444336
2025-11-26,49.77603530883789
2025-11-28,49.81505584716797
2025-12-01,49.80820083618164
2025-12-02,49.79841232299805
2025-12-03,49.83757781982422
2025-12-04,49.83757781982422
2025-12-05,49.84736633300781
2025-12-08,49.85715866088867
2025-12-09,49.876739501953125
2025-12-10,49.88653564453125
2025-12-11,49.88653564453125
2025-12-12,49.876739501953125
2025-12-15,49.88653564453125
2025-12-16,49.9061164855957
2025-12-17,49.896324157714844
2025-12-18,49.9061164855957
2025-12-19,49.90906524658203
2025-12-22,49.91889190673828
2025-12-23,49.9287223815918
2025-12-24,49.958213806152344
2025-12-26,49.968048095703125
2025-12-29,49.948387145996094
2025-12-30,49.968048095703125
2025-12-31,49.99754333496094
2026-01-02,49.99754333496094
2026-01-05,50.0172004699707
2026-01-06,50.0172004699707
2026-01-07,50.0172004699707
2026-01-08,50.036861419677734
2026-01-09,50.056522369384766
2026-01-12,50.056522369384766
2026-01-13,50.06635665893555
2026-01-14,50.07617950439453
2026-01-15,50.07617950439453
2026-01-16,50.0958366394043
2026-01-20,50.08601379394531
2026-01-21,50.12533187866211
2026-01-22,50.14499282836914
2026-01-23,50.135162353515625
2026-01-26,50.14499282836914
2026-01-27,50.15482711791992
2026-01-28,50.15482711791992
2026-01-29,50.14499282836914
2026-01-30,50.17448806762695
2026-02-02,50.20802688598633
2026-02-03,50.20802688598633
2026-02-04,50.198158264160156
2026-02-05,50.21788787841797
2026-02-06,50.23762130737305
2026-02-09,50.24747848510742
2026-02-10,50.257347106933594
2026-02-11,50.24747848510742
2026-02-12,50.24747848510742
2026-02-13,50.257347106933594
2026-02-17,50.277069091796875
2026-02-18,50.29679870605469
2026-02-19,50.306663513183594
2026-02-20,50.326393127441406
2026-02-23,50.326393127441406
2026-02-24,50.326393127441406
2026-02-25,50.33625411987305
2026-02-26,50.33625411987305
2026-02-27,50.306663513183594
2026-03-02,50.32051467895508
2026-03-03,50.28093719482422
2026-03-04,50.32051467895508
2026-03-05,50.340309143066406
2026-03-06,50.340309143066406
2026-03-09,50.3502082824707
2026-03-10,50.3502082824707
2026-03-11,50.340309143066406
2026-03-12,50.29083251953125
2026-03-13,50.26114273071289
2026-03-16,50.31061935424805
2026-03-17,50.330413818359375
2026-03-18,50.340309143066406
2026-03-19,50.3502082824707
2026-03-20,50.340309143066406
2026-03-23,50.449161529541016
2026-03-24,50.42937088012695
2026-03-25,50.38978576660156
2026-03-26,50.3502082824707
2026-03-27,50.23145294189453
2026-03-30,50.30072784423828
2026-03-31,50.41947555541992
2026-04-01,50.368831634521484
2026-04-02,50.40855026245117
2026-04-06,50.43834686279297
2026-04-07,50.47807312011719
2026-04-08,50.497928619384766
2026-04-09,50.487998962402344
2026-04-10,50.517791748046875
2026-04-13,50.53765106201172
2026-04-14,50.53765106201172
2026-04-15,50.50786209106445
2026-04-16,50.517791748046875
2026-04-17,50.497928619384766
2026-04-20,50.52772521972656
2026-04-21,50.52772521972656
2026-04-22,50.57737731933594
2026-04-23,50.58730697631836
2026-04-24,50.58730697631836
2026-04-27,50.656822204589844
2026-04-28,50.64689254760742
2026-04-29,50.62702941894531
2026-04-30,50.68661880493164
2026-05-01,50.683624267578125
2026-05-04,50.683624267578125
2026-05-05,50.69358825683594
2026-05-06,50.703556060791016
2026-05-07,50.69358825683594
2026-05-08,50.723487854003906
2026-05-11,50.73345184326172
2026-05-12,50.74341583251953
2026-05-13,50.75338363647461
2026-05-14,50.76334762573242
2026-05-15,50.773311614990234
2026-05-18,50.80320739746094
2026-05-19,50.80320739746094
2026-05-20,50.85303497314453
2026-05-21,50.84307098388672
2026-05-22,50.84307098388672
2026-05-26,50.87296676635742
2026-05-27,50.86300277709961
2026-05-28,50.87296676635742
2026-05-29,50.86300277709961
2026-06-01,50.93000030517578
2026-06-02,50.91999816894531
2026-06-03,50.939998626708984
2026-06-04,50.900001525878906
2026-06-05,50.93000030517578
2026-06-08,50.93000030517578
2026-06-09,50.95000076293945
2026-06-10,50.95000076293945
2026-06-11,50.97999954223633
2026-06-12,50.9900016784668
2026-06-15,50.9900016784668
2026-06-16,50.970001220703125
2026-06-17,50.959999084472656
2026-06-18,51.0
2026-06-22,51.0099983215332
2026-06-23,51.0
2026-06-24,51.02000045776367
2026-06-25,51.02000045776367
2026-06-26,51.04999923706055
2026-06-29,51.04999923706055
2026-06-30,51.04999923706055
