,EUR
2016-06-30,1.0841000080108643
2016-07-03,1.0844000577926636
2016-07-04,1.0820599794387817
2016-07-05,1.0807000398635864
2016-07-06,1.0819000005722046
2016-07-07,1.082900047302246
2016-07-10,1.085800051689148
2016-07-11,1.0865999460220337
2016-07-12,1.0938299894332886
2016-07-13,1.092170000076294
2016-07-14,1.0898100137710571
2016-07-17,1.0875200033187866
2016-07-18,1.0879199504852295
2016-07-19,1.085919976234436
2016-07-20,1.0867600440979004
2016-07-21,1.0865099430084229
2016-07-24,1.0839300155639648
2016-07-25,1.0835800170898438
2016-07-26,1.0899200439453125
2016-07-27,1.0900299549102783
2016-07-28,1.0858399868011475
2016-07-31,1.0826400518417358
2016-08-01,1.0811899900436401
2016-08-02,1.0823999643325806
2016-08-03,1.0847400426864624
2016-08-04,1.084220051765442
2016-08-07,1.0871399641036987
2016-08-08,1.089359998703003
2016-08-09,1.0910600423812866
2016-08-10,1.0892900228500366
2016-08-11,1.0860099792480469
2016-08-14,1.0880999565124512
2016-08-15,1.0880199670791626
2016-08-16,1.0844000577926636
2016-08-17,1.0862499475479126
2016-08-18,1.0832300186157227
2016-08-21,1.086459994316101
2016-08-22,1.0894999504089355
2016-08-23,1.0887099504470825
2016-08-24,1.0893000364303589
2016-08-25,1.0915199518203735
2016-08-28,1.094920039176941
2016-08-29,1.0943200588226318
2016-08-30,1.0961600542068481
2016-08-31,1.097409963607788
2016-09-01,1.0973000526428223
2016-09-04,1.0936299562454224
2016-09-05,1.0928599834442139
2016-09-06,1.0914000272750854
2016-09-07,1.089859962463379
2016-09-08,1.0951600074768066
2016-09-11,1.0957599878311157
2016-09-12,1.0920599699020386
2016-09-13,1.0957000255584717
2016-09-14,1.094499945640564
2016-09-15,1.0923000574111938
2016-09-18,1.0930700302124023
2016-09-19,1.095460057258606
2016-09-20,1.092039942741394
2016-09-21,1.0891000032424927
2016-09-22,1.0862499475479126
2016-09-25,1.0893000364303589
2016-09-26,1.0901199579238892
2016-09-27,1.088670015335083
2016-09-28,1.0892000198364258
2016-09-29,1.0838500261306763
2016-10-02,1.0918099880218506
2016-10-03,1.0915800333023071
2016-10-04,1.0966999530792236
2016-10-05,1.0915800333023071
2016-10-06,1.0925500392913818
2016-10-09,1.0944700241088867
2016-10-10,1.0939500331878662
2016-10-11,1.0925699472427368
2016-10-12,1.0902999639511108
2016-10-13,1.0900700092315674
2016-10-16,1.08610999584198
2016-10-17,1.0880399942398071
2016-10-18,1.0865000486373901
2016-10-19,1.0854699611663818
2016-10-20,1.0849000215530396
2016-10-23,1.0816800594329834
2016-10-24,1.080680012702942
2016-10-25,1.082900047302246
2016-10-26,1.08378005027771
2016-10-27,1.0829600095748901
2016-10-31,1.0846500396728516
2016-11-01,1.0852999687194824
2016-11-02,1.0780500173568726
2016-11-03,1.0795799493789673
2016-11-04,1.0815199613571167
2016-11-07,1.0813599824905396
2016-11-08,1.076300024986267
2016-11-09,1.0790200233459473
2016-11-10,1.0750900506973267
2016-11-11,1.0750000476837158
2016-11-14,1.0710999965667725
2016-11-15,1.0715999603271484
2016-11-16,1.0737899541854858
2016-11-17,1.0716300010681152
2016-11-18,1.0697599649429321
2016-11-21,1.0699100494384766
2016-11-22,1.0720200538635254
2016-11-23,1.0747499465942383
2016-11-24,1.0726300477981567
2016-11-25,1.0734699964523315
2016-11-28,1.0743800401687622
2016-11-29,1.074970006942749
2016-11-30,1.0771600008010864
2016-12-01,1.0770399570465088
2016-12-02,1.0774999856948853
2016-12-05,1.0728800296783447
2016-12-06,1.0830999612808228
2016-12-07,1.0825300216674805
2016-12-08,1.0832699537277222
2016-12-09,1.0788899660110474
2016-12-12,1.0736299753189087
2016-12-13,1.0780199766159058
2016-12-14,1.075279951095581
2016-12-15,1.074429988861084
2016-12-16,1.0727399587631226
2016-12-19,1.0725200176239014
2016-12-20,1.0687199831008911
2016-12-21,1.0690499544143677
2016-12-22,1.070389986038208
2016-12-23,1.0704900026321411
2016-12-26,1.0723999738693237
2016-12-27,1.0734200477600098
2016-12-28,1.0749000310897827
2016-12-29,1.0709400177001953
2016-12-30,1.0752300024032593
2017-01-02,1.072100043296814
2017-01-03,1.0711100101470947
2017-01-04,1.0690100193023682
2017-01-05,1.0709999799728394
2017-01-06,1.0707900524139404
2017-01-09,1.0714999437332153
2017-01-10,1.073639988899231
2017-01-11,1.073009967803955
2017-01-12,1.0732899904251099
2017-01-13,1.072510004043579
2017-01-16,1.0732899904251099
2017-01-17,1.0720499753952026
2017-01-18,1.0727399587631226
2017-01-19,1.0710599422454834
2017-01-20,1.072659969329834
2017-01-23,1.0722500085830688
2017-01-24,1.073009967803955
2017-01-25,1.0739400386810303
2017-01-26,1.0741499662399292
2017-01-27,1.0681099891662598
2017-01-30,1.0686899423599243
2017-01-31,1.0647799968719482
2017-02-01,1.0683000087738037
2017-02-02,1.069200038909912
2017-02-03,1.0679700374603271
2017-02-06,1.0699000358581543
2017-02-07,1.0650099515914917
2017-02-08,1.0653200149536133
2017-02-09,1.06413996219635
2017-02-10,1.06728994846344
2017-02-13,1.06659996509552
2017-02-14,1.0656499862670898
2017-02-15,1.064460039138794
2017-02-16,1.065659999847412
2017-02-17,1.0641900300979614
2017-02-20,1.0645999908447266
2017-02-21,1.0643399953842163
2017-02-22,1.0638600587844849
2017-02-23,1.0666600465774536
2017-02-24,1.0648599863052368
2017-02-27,1.0646100044250488
2017-02-28,1.0684200525283813
2017-03-01,1.0638999938964844
2017-03-02,1.0643600225448608
2017-03-03,1.0646699666976929
2017-03-06,1.0703400373458862
2017-03-07,1.070639967918396
2017-03-08,1.0707800388336182
2017-03-09,1.0694999694824219
2017-03-10,1.0707499980926514
2017-03-13,1.0792900323867798
2017-03-14,1.0730400085449219
2017-03-15,1.0711899995803833
2017-03-16,1.073699951171875
2017-03-17,1.0730199813842773
2017-03-20,1.0714999437332153
2017-03-21,1.072450041770935
2017-03-22,1.0740400552749634
2017-03-23,1.0705300569534302
2017-03-24,1.0709999799728394
2017-03-26,1.0717099905014038
2017-03-27,1.070639967918396
2017-03-28,1.0730799436569214
2017-03-29,1.0722500085830688
2017-03-30,1.069100022315979
2017-04-02,1.0692399740219116
2017-04-03,1.0686700344085693
2017-04-04,1.069640040397644
2017-04-05,1.0711699724197388
2017-04-06,1.0700700283050537
2017-04-09,1.0680999755859375
2017-04-10,1.0681999921798706
2017-04-11,1.0684800148010254
2017-04-12,1.0691699981689453
2017-04-13,1.0673999786376953
2017-04-16,1.066390037536621
2017-04-17,1.0688199996948242
2017-04-18,1.068850040435791
2017-04-19,1.0691299438476562
2017-04-20,1.0702300071716309
2017-04-23,1.0796300172805786
2017-04-24,1.0819000005722046
2017-04-25,1.0855900049209595
2017-04-26,1.0833899974822998
2017-04-27,1.08024001121521
2017-04-30,1.0843100547790527
2017-05-01,1.0860600471496582
2017-05-02,1.0836000442504883
2017-05-03,1.0823999643325806
2017-05-04,1.0828200578689575
2017-05-07,1.0853099822998047
2017-05-08,1.0905400514602661
2017-05-09,1.0958399772644043
2017-05-10,1.0965900421142578
2017-05-11,1.0948899984359741
2017-05-14,1.0937700271606445
2017-05-15,1.0932600498199463
2017-05-16,1.0919599533081055
2017-05-17,1.0923199653625488
2017-05-18,1.0882200002670288
2017-05-21,1.0900499820709229
2017-05-22,1.093559980392456
2017-05-23,1.0914900302886963
2017-05-24,1.092039942741394
2017-05-25,1.0909099578857422
2017-05-28,1.0895299911499023
2017-05-29,1.089750051498413
2017-05-30,1.0901000499725342
2017-05-31,1.0881500244140625
2017-06-01,1.0892000198364258
2017-06-04,1.0860899686813354
2017-06-05,1.0861799716949463
2017-06-06,1.0848000049591064
2017-06-07,1.085710048675537
2017-06-08,1.0839999914169312
2017-06-11,1.0853999853134155
2017-06-12,1.0849699974060059
2017-06-13,1.0859099626541138
2017-06-14,1.0891799926757812
2017-06-15,1.0870200395584106
2017-06-18,1.0902800559997559
2017-06-19,1.0876599550247192
2017-06-20,1.0854300260543823
2017-06-21,1.0858999490737915
2017-06-22,1.083490014076233
2017-06-25,1.0853699445724487
2017-06-26,1.0873099565505981
2017-06-27,1.088879942893982
2017-06-28,1.0920000076293945
2017-06-29,1.0930399894714355
2017-07-02,1.0951999425888062
2017-07-03,1.0952600240707397
2017-07-04,1.0951800346374512
2017-07-05,1.0941599607467651
2017-07-06,1.0969699621200562
2017-07-09,1.0986000299453735
2017-07-11,1.1051900386810303
2017-07-12,1.1018500328063965
2017-07-13,1.1026999950408936
2017-07-16,1.1052900552749634
2017-07-17,1.1048500537872314
2017-07-18,1.1031099557876587
2017-07-19,1.100640058517456
2017-07-20,1.1063400506973267
2017-07-23,1.103469967842102
2017-07-24,1.1026400327682495
2017-07-25,1.1093000173568726
2017-07-26,1.1157699823379517
2017-07-27,1.1263999938964844
2017-07-30,1.1385200023651123
2017-07-31,1.143720030784607
2017-08-01,1.1401499509811401
2017-08-02,1.1501799821853638
2017-08-03,1.149899959564209
2017-08-06,1.1455700397491455
2017-08-07,1.1486799716949463
2017-08-08,1.1437300443649292
2017-08-09,1.1332000494003296
2017-08-10,1.1320300102233887
2017-08-13,1.1383899450302124
2017-08-14,1.1450599431991577
2017-08-15,1.1416000127792358
2017-08-16,1.1363799571990967
2017-08-17,1.1271100044250488
2017-08-20,1.135200023651123
2017-08-21,1.1366000175476074
2017-08-22,1.139240026473999
2017-08-23,1.140220046043396
2017-08-24,1.138759970664978
2017-08-27,1.1417700052261353
2017-08-28,1.139449954032898
2017-08-29,1.1439100503921509
2017-08-30,1.1457899808883667
2017-08-31,1.142699956893921
2017-09-03,1.1415899991989136
2017-09-04,1.140220046043396
2017-09-05,1.1370999813079834
2017-09-06,1.139799952507019
2017-09-07,1.1420600414276123
2017-09-10,1.1386799812316895
2017-09-11,1.1434999704360962
2017-09-12,1.1491999626159668
2017-09-13,1.145490050315857
2017-09-14,1.1460700035095215
2017-09-17,1.146690011024475
2017-09-18,1.1497999429702759
2017-09-19,1.154099941253662
2017-09-20,1.1531100273132324
2017-09-21,1.1588499546051025
2017-09-24,1.157770037651062
2017-09-25,1.1455299854278564
2017-09-26,1.1424100399017334
2017-09-27,1.1417900323867798
2017-09-28,1.143470048904419
2017-10-01,1.1443400382995605
2017-10-02,1.1432600021362305
2017-10-03,1.1431000232696533
2017-10-04,1.1466000080108643
2017-10-05,1.1457300186157227
2017-10-08,1.148210048675537
2017-10-09,1.150189995765686
2017-10-10,1.151379942893982
2017-10-11,1.1545599699020386
2017-10-12,1.15339994430542
2017-10-15,1.1512999534606934
2017-10-16,1.1503100395202637
2017-10-17,1.15106999874115
2017-10-18,1.157080054283142
2017-10-19,1.1566699743270874
2017-10-22,1.158959984779358
2017-10-23,1.157420039176941
2017-10-24,1.1651099920272827
2017-10-25,1.1689000129699707
2017-10-26,1.16143000125885
2017-10-30,1.1581100225448608
2017-10-31,1.1590499877929688
2017-11-01,1.1624200344085693
2017-11-02,1.1657600402832031
2017-11-03,1.1650400161743164
2017-11-06,1.1618000268936157
2017-11-07,1.158560037612915
2017-11-08,1.1581499576568604
2017-11-09,1.1592199802398682
2017-11-10,1.1576499938964844
2017-11-13,1.1621999740600586
2017-11-14,1.162310004234314
2017-11-15,1.1669000387191772
2017-11-17,1.170009970664978
2017-11-20,1.1608999967575073
2017-11-21,1.1657600402832031
2017-11-22,1.1629999876022339
2017-11-23,1.1601999998092651
2017-11-24,1.1632800102233887
2017-11-27,1.1691999435424805
2017-11-28,1.1681900024414062
2017-11-29,1.1660000085830688
2017-11-30,1.166700005531311
2017-12-01,1.1706500053405762
2017-12-04,1.16457998752594
2017-12-05,1.1685400009155273
2017-12-06,1.1680999994277954
2017-12-07,1.167639970779419
2017-12-08,1.170930027961731
2017-12-11,1.1683000326156616
2017-12-12,1.1674400568008423
2017-12-13,1.1641000509262085
2017-12-14,1.1664299964904785
2017-12-15,1.1644200086593628
2017-12-18,1.1639599800109863
2017-12-19,1.1613999605178833
2017-12-20,1.1665199995040894
2017-12-21,1.1714099645614624
2017-12-22,1.1720499992370605
2017-12-25,1.1722999811172485
2017-12-26,1.1740100383758545
2017-12-27,1.1734999418258667
2017-12-28,1.173110008239746
2017-12-29,1.1685999631881714
2018-01-01,1.169800043106079
2018-01-02,1.1706000566482544
2018-01-03,1.1718699932098389
2018-01-04,1.1734600067138672
2018-01-05,1.1758999824523926
2018-01-08,1.1736799478530884
2018-01-09,1.169800043106079
2018-01-10,1.1735700368881226
2018-01-11,1.1688799858093262
2018-01-12,1.1748299598693848
2018-01-15,1.1803699731826782
2018-01-16,1.1815600395202637
2018-01-17,1.176859974861145
2018-01-18,1.17576003074646
2018-01-19,1.1734000444412231
2018-01-22,1.178320050239563
2018-01-23,1.1790800094604492
2018-01-24,1.1775699853897095
2018-01-25,1.1725000143051147
2018-01-26,1.167099952697754
2018-01-29,1.160249948501587
2018-01-30,1.16048002243042
2018-01-31,1.1597299575805664
2018-02-01,1.156499981880188
2018-02-02,1.1583499908447266
2018-02-05,1.1586999893188477
2018-02-06,1.1515899896621704
2018-02-07,1.1589800119400024
2018-02-08,1.156540036201477
2018-02-09,1.146399974822998
2018-02-12,1.1512399911880493
2018-02-13,1.1548000574111938
2018-02-14,1.1553000211715698
2018-02-15,1.1562399864196777
2018-02-16,1.152999997138977
2018-02-19,1.1507999897003174
2018-02-20,1.1522899866104126
2018-02-21,1.1549700498580933
2018-02-22,1.152899980545044
2018-02-23,1.150089979171753
2018-02-26,1.1513400077819824
2018-02-27,1.1558599472045898
2018-02-28,1.148900032043457
2018-03-01,1.1514999866485596
2018-03-02,1.1552400588989258
2018-03-05,1.1536999940872192
2018-03-06,1.1593600511550903
2018-03-07,1.1649199724197388
2018-03-08,1.1710000038146973
2018-03-09,1.1708999872207642
2018-03-12,1.1703100204467773
2018-03-13,1.1687599420547485
2018-03-14,1.1692999601364136
2018-03-15,1.168720006942749
2018-03-16,1.170889973640442
2018-03-19,1.1700899600982666
2018-03-20,1.1732200384140015
2018-03-21,1.1707500219345093
2018-03-22,1.1712000370025635
2018-03-23,1.1664700508117676
2018-03-25,1.170050024986267
2018-03-26,1.176900029182434
2018-03-27,1.1743700504302979
2018-03-28,1.1776000261306763
2018-03-29,1.1763999462127686
2018-04-01,1.1754399538040161
2018-04-02,1.1740700006484985
2018-04-03,1.1766899824142456
2018-04-04,1.179569959640503
2018-04-05,1.1786199808120728
2018-04-08,1.1771600246429443
2018-04-09,1.1781200170516968
2018-04-10,1.1822400093078613
2018-04-11,1.184499979019165
2018-04-12,1.1863000392913818
2018-04-15,1.1876699924468994
2018-04-16,1.1881799697875977
2018-04-17,1.195989966392517
2018-04-18,1.198799967765808
2018-04-19,1.1993299722671509
2018-04-22,1.197700023651123
2018-04-23,1.1941499710083008
2018-04-24,1.1978000402450562
2018-04-25,1.1959099769592285
2018-04-26,1.1975300312042236
2018-04-29,1.1978100538253784
2018-04-30,1.1967799663543701
2018-05-01,1.1950000524520874
2018-05-02,1.194100022315979
2018-05-03,1.195680022239685
2018-05-06,1.1960300207138062
2018-05-07,1.1955100297927856
2018-05-08,1.1883000135421753
2018-05-09,1.1912000179290771
2018-05-10,1.195099949836731
2018-05-13,1.195099949836731
2018-05-14,1.1934000253677368
2018-05-15,1.1836199760437012
2018-05-16,1.1821000576019287
2018-05-17,1.1812000274658203
2018-05-20,1.174299955368042
2018-05-21,1.1753000020980835
2018-05-22,1.1693999767303467
2018-05-23,1.1642500162124634
2018-05-24,1.1620999574661255
2018-05-27,1.159500002861023
2018-05-28,1.154979944229126
2018-05-29,1.142989993095398
2018-05-30,1.1532000303268433
2018-05-31,1.1515899896621704
2018-06-03,1.153499960899353
2018-06-04,1.1561000347137451
2018-06-05,1.154099941253662
2018-06-06,1.1618000268936157
2018-06-07,1.156599998474121
2018-06-10,1.1604399681091309
2018-06-11,1.161270022392273
2018-06-12,1.1594200134277344
2018-06-13,1.1620999574661255
2018-06-14,1.153090000152588
2018-06-17,1.156599998474121
2018-06-18,1.15625
2018-06-19,1.1520400047302246
2018-06-20,1.1532399654388428
2018-06-21,1.1507999897003174
2018-06-24,1.1519500017166138
2018-06-25,1.154979944229126
2018-06-26,1.1543699502944946
2018-06-27,1.152609944343567
2018-06-28,1.1534899473190308
2018-07-01,1.1563999652862549
2018-07-02,1.1562999486923218
2018-07-03,1.1564799547195435
2018-07-04,1.1572699546813965
2018-07-05,1.1612800359725952
2018-07-08,1.162600040435791
2018-07-09,1.165470004081726
2018-07-10,1.1639200448989868
2018-07-11,1.1624000072479248
2018-07-12,1.1697100400924683
2018-07-15,1.1704299449920654
2018-07-16,1.1671299934387207
2018-07-17,1.1657299995422363
2018-07-18,1.163100004196167
2018-07-19,1.1639699935913086
2018-07-22,1.163599967956543
2018-07-23,1.1613999605178833
2018-07-24,1.1607999801635742
2018-07-25,1.1632000207901
2018-07-26,1.1572799682617188
2018-07-29,1.1590499877929688
2018-07-30,1.1569499969482422
2018-07-31,1.157580018043518
2018-08-01,1.1566799879074097
2018-08-02,1.1532100439071655
2018-08-05,1.1498199701309204
2018-08-06,1.151479959487915
2018-08-07,1.1547000408172607
2018-08-08,1.152999997138977
2018-08-09,1.1454099416732788
2018-08-12,1.1331000328063965
2018-08-13,1.1325000524520874
2018-08-14,1.1278300285339355
2018-08-15,1.1265900135040283
2018-08-16,1.1339000463485718
2018-08-19,1.1382999420166016
2018-08-20,1.1381800174713135
2018-08-21,1.1394000053405762
2018-08-22,1.1390999555587769
2018-08-23,1.1381200551986694
2018-08-26,1.144129991531372
2018-08-27,1.144260048866272
2018-08-28,1.1416800022125244
2018-08-29,1.1363999843597412
2018-08-30,1.1298500299453735
2018-09-02,1.1244200468063354
2018-09-03,1.125599980354309
2018-09-04,1.1283799409866333
2018-09-05,1.129830002784729
2018-09-06,1.121840000152588
2018-09-09,1.1198999881744385
2018-09-10,1.1301000118255615
2018-09-11,1.1283999681472778
2018-09-12,1.127940058708191
2018-09-13,1.129699945449829
2018-09-16,1.1244100332260132
2018-09-17,1.123289942741394
2018-09-18,1.1254500150680542
2018-09-19,1.1292500495910645
2018-09-20,1.1291099786758423
2018-09-23,1.1260000467300415
2018-09-24,1.133489966392517
2018-09-25,1.13510000705719
2018-09-26,1.1337900161743164
2018-09-27,1.1368499994277954
2018-09-30,1.1388499736785889
2018-10-01,1.1385899782180786
2018-10-02,1.1363999843597412
2018-10-03,1.138200044631958
2018-10-04,1.1418100595474243
2018-10-07,1.1422699689865112
2018-10-08,1.1404999494552612
2018-10-09,1.1408300399780273
2018-10-10,1.1397199630737305
2018-10-11,1.1475000381469727
2018-10-14,1.1444400548934937
2018-10-15,1.1432000398635864
2018-10-16,1.1463899612426758
2018-10-17,1.1443400382995605
2018-10-18,1.1405800580978394
2018-10-21,1.1466399431228638
2018-10-22,1.1419999599456787
2018-10-23,1.1412700414657593
2018-10-24,1.136299967765808
2018-10-25,1.1371300220489502
2018-10-29,1.1369999647140503
2018-10-30,1.139549970626831
2018-10-31,1.1404099464416504
2018-11-01,1.1405999660491943
2018-11-02,1.1427899599075317
2018-11-05,1.1424200534820557
2018-11-06,1.1461000442504883
2018-11-07,1.1455800533294678
2018-11-08,1.1454999446868896
2018-11-09,1.1433900594711304
2018-11-12,1.1390600204467773
2018-11-13,1.1337000131607056
2018-11-14,1.1378099918365479
2018-11-15,1.1378799676895142
2018-11-16,1.1402000188827515
2018-11-19,1.1406300067901611
2018-11-20,1.1375000476837158
2018-11-21,1.1311999559402466
2018-11-22,1.132200002670288
2018-11-23,1.1339999437332153
2018-11-26,1.1306400299072266
2018-11-27,1.1311800479888916
2018-11-28,1.1280100345611572
2018-11-29,1.1291999816894531
2018-11-30,1.134600043296814
2018-12-03,1.132599949836731
2018-12-04,1.1330900192260742
2018-12-05,1.1312400102615356
2018-12-06,1.1312999725341797
2018-12-07,1.129699945449829
2018-12-10,1.1282800436019897
2018-12-11,1.1237499713897705
2018-12-12,1.1244800090789795
2018-12-13,1.1288399696350098
2018-12-14,1.12909996509552
2018-12-17,1.1276799440383911
2018-12-18,1.1266000270843506
2018-12-19,1.128890037536621
2018-12-20,1.131809949874878
2018-12-21,1.1305500268936157
2018-12-24,1.1301000118255615
2018-12-25,1.1263999938964844
2018-12-26,1.1256099939346313
2018-12-27,1.129639983177185
2018-12-28,1.128309965133667
2018-12-31,1.1252299547195435
2019-01-01,1.132200002670288
2019-01-02,1.125499963760376
2019-01-03,1.1189899444580078
2019-01-04,1.124500036239624
2019-01-07,1.1247199773788452
2019-01-08,1.1240500211715698
2019-01-09,1.1233999729156494
2019-01-10,1.1253399848937988
2019-01-11,1.1323200464248657
2019-01-14,1.1276999711990356
2019-01-15,1.1255099773406982
2019-01-16,1.1271400451660156
2019-01-17,1.128350019454956
2019-01-18,1.1322100162506104
2019-01-21,1.131250023841858
2019-01-22,1.1339000463485718
2019-01-23,1.1329799890518188
2019-01-24,1.1323399543762207
2019-01-25,1.126170039176941
2019-01-28,1.132599949836731
2019-01-29,1.133389949798584
2019-01-30,1.1373399496078491
2019-01-31,1.1411999464035034
2019-02-01,1.137850046157837
2019-02-04,1.1402599811553955
2019-02-05,1.1411999464035034
2019-02-06,1.1405800580978394
2019-02-07,1.1390899419784546
2019-02-08,1.1365000009536743
2019-02-11,1.1315499544143677
2019-02-12,1.132390022277832
2019-02-13,1.1403299570083618
2019-02-14,1.1363999843597412
2019-02-15,1.1350799798965454
2019-02-18,1.134600043296814
2019-02-19,1.1362700462341309
2019-02-20,1.1354700326919556
2019-02-21,1.1348799467086792
2019-02-22,1.1349400281906128
2019-02-25,1.1339999437332153
2019-02-26,1.136549949645996
2019-02-27,1.1389399766921997
2019-02-28,1.1385799646377563
2019-03-01,1.1342300176620483
2019-03-04,1.1358699798583984
2019-03-05,1.1325000524520874
2019-03-06,1.135599970817566
2019-03-07,1.1361700296401978
2019-03-08,1.1319400072097778
2019-03-11,1.132099986076355
2019-03-12,1.1373599767684937
2019-03-13,1.1371099948883057
2019-03-14,1.1367000341415405
2019-03-15,1.1347099542617798
2019-03-18,1.134619951248169
2019-03-19,1.1349300146102905
2019-03-20,1.1340999603271484
2019-03-21,1.132449984550476
2019-03-22,1.128100037574768
2019-03-25,1.1226999759674072
2019-03-26,1.1228599548339844
2019-03-27,1.1204999685287476
2019-03-28,1.119189977645874
2019-03-29,1.1172000169754028
2019-03-31,1.1167999505996704
2019-04-01,1.1196999549865723
2019-04-02,1.118190050125122
2019-04-03,1.121440052986145
2019-04-04,1.12214994430542
2019-04-07,1.1217999458312988
2019-04-08,1.1246000528335571
2019-04-09,1.126099944114685
2019-04-10,1.1300599575042725
2019-04-11,1.1291199922561646
2019-04-14,1.133020043373108
2019-04-15,1.134559988975525
2019-04-16,1.1370500326156616
2019-04-17,1.1416000127792358
2019-04-18,1.1401699781417847
2019-04-21,1.140589952468872
2019-04-22,1.1432499885559082
2019-04-23,1.145009994506836
2019-04-24,1.1380499601364136
2019-04-25,1.1359000205993652
2019-04-28,1.136489987373352
2019-04-29,1.1403800249099731
2019-04-30,1.1429200172424316
2019-05-01,1.1395000219345093
2019-05-02,1.138890027999878
2019-05-05,1.1368999481201172
2019-05-06,1.1395399570465088
2019-05-07,1.140910029411316
2019-05-08,1.1425000429153442
2019-05-09,1.1390999555587769
2019-05-12,1.1353199481964111
2019-05-13,1.1292099952697754
2019-05-14,1.1303000450134277
2019-05-15,1.1298400163650513
2019-05-16,1.1284300088882446
2019-05-19,1.1283999681472778
2019-05-20,1.126099944114685
2019-05-21,1.1286200284957886
2019-05-22,1.125599980354309
2019-05-23,1.1218299865722656
2019-05-26,1.1228599548339844
2019-05-27,1.1237399578094482
2019-05-28,1.124899983406067
2019-05-29,1.122879981994629
2019-05-30,1.1208399534225464
2019-06-02,1.1168500185012817
2019-06-03,1.1161999702453613
2019-06-04,1.1168299913406372
2019-06-05,1.1163300275802612
2019-06-06,1.1177899837493896
2019-06-09,1.1206300258636475
2019-06-10,1.1195499897003174
2019-06-11,1.1241600513458252
2019-06-12,1.1233999729156494
2019-06-13,1.1208300590515137
2019-06-16,1.1202000379562378
2019-06-17,1.1208000183105469
2019-06-18,1.1205400228500366
2019-06-19,1.1154999732971191
2019-06-20,1.108049988746643
2019-06-23,1.1104999780654907
2019-06-24,1.107800006866455
2019-06-25,1.1081000566482544
2019-06-26,1.111680030822754
2019-06-27,1.1105799674987793
2019-06-30,1.1126999855041504
2019-07-01,1.1141999959945679
2019-07-02,1.1125999689102173
2019-07-03,1.11257004737854
2019-07-04,1.1114000082015991
2019-07-07,1.1128000020980835
2019-07-08,1.1150000095367432
2019-07-09,1.1132400035858154
2019-07-10,1.1124000549316406
2019-07-11,1.1145000457763672
2019-07-14,1.1094000339508057
2019-07-15,1.1083999872207642
2019-07-16,1.1077100038528442
2019-07-17,1.1079000234603882
2019-07-18,1.106529951095581
2019-07-21,1.1024999618530273
2019-07-22,1.1010099649429321
2019-07-23,1.0987999439239502
2019-07-24,1.097040057182312
2019-07-25,1.1045000553131104
2019-07-28,1.1053999662399292
2019-07-29,1.1049699783325195
2019-07-30,1.1044800281524658
2019-07-31,1.1005200147628784
2019-08-01,1.096869945526123
2019-08-04,1.0911999940872192
2019-08-05,1.0912699699401855
2019-08-06,1.0932999849319458
2019-08-07,1.092170000076294
2019-08-08,1.0894900560379028
2019-08-11,1.0887099504470825
2019-08-12,1.0870699882507324
2019-08-13,1.090880036354065
2019-08-14,1.0846600532531738
2019-08-15,1.0848000049591064
2019-08-18,1.0862300395965576
2019-08-19,1.087499976158142
2019-08-20,1.0852099657058716
2019-08-21,1.0891000032424927
2019-08-22,1.090190052986145
2019-08-25,1.0839899778366089
2019-08-26,1.086859941482544
2019-08-27,1.0878700017929077
2019-08-28,1.0878000259399414
2019-08-29,1.0903700590133667
2019-09-01,1.0873899459838867
2019-09-02,1.0860999822616577
2019-09-03,1.0827800035476685
2019-09-04,1.0822900533676147
2019-09-05,1.0881999731063843
2019-09-08,1.0891200304031372
2019-09-09,1.0963399410247803
2019-09-10,1.0956300497055054
2019-09-11,1.0943399667739868
2019-09-12,1.095080018043518
2019-09-15,1.093690037727356
2019-09-16,1.0925300121307373
2019-09-17,1.0992000102996826
2019-09-18,1.0995999574661255
2019-09-19,1.0965299606323242
2019-09-22,1.0923099517822266
2019-09-23,1.088089942932129
2019-09-24,1.0859999656677246
2019-09-25,1.0852999687194824
2019-09-26,1.085070013999939
2019-09-29,1.0844000577926636
2019-09-30,1.087399959564209
2019-10-01,1.0854099988937378
2019-10-02,1.0925999879837036
2019-10-03,1.095420002937317
2019-10-06,1.0917999744415283
2019-10-07,1.0915000438690186
2019-10-08,1.0877000093460083
2019-10-09,1.090809941291809
2019-10-10,1.096750020980835
2019-10-13,1.1007000207901
2019-10-14,1.100000023841858
2019-10-15,1.1017500162124634
2019-10-16,1.101199984550476
2019-10-17,1.0985499620437622
2019-10-20,1.0986599922180176
2019-10-21,1.0994700193405151
2019-10-22,1.1009900569915771
2019-10-23,1.1025500297546387
2019-10-24,1.1018999814987183
2019-10-28,1.1021000146865845
2019-10-29,1.1040199995040894
2019-10-30,1.1046299934387207
2019-10-31,1.1030299663543701
2019-11-01,1.1005300283432007
2019-11-04,1.1007100343704224
2019-11-05,1.0998799800872803
2019-11-06,1.0990999937057495
2019-11-07,1.0987000465393066
2019-11-08,1.099370002746582
2019-11-11,1.09906005859375
2019-11-12,1.0957000255584717
2019-11-13,1.0930700302124023
2019-11-14,1.0894999504089355
2019-11-15,1.0895899534225464
2019-11-18,1.093250036239624
2019-11-19,1.0952999591827393
2019-11-20,1.0971100330352783
2019-11-21,1.0973000526428223
2019-11-22,1.0986000299453735
2019-11-25,1.0994999408721924
2019-11-26,1.0973000526428223
2019-11-27,1.0995099544525146
2019-11-28,1.0986900329589844
2019-11-29,1.0993800163269043
2019-12-02,1.1019500494003296
2019-12-03,1.0980700254440308
2019-12-04,1.094099998474121
2019-12-05,1.0951999425888062
2019-12-06,1.0963000059127808
2019-12-09,1.095270037651062
2019-12-10,1.092919945716858
2019-12-11,1.0920300483703613
2019-12-12,1.0937700271606445
2019-12-13,1.1018099784851074
2019-12-16,1.0945199728012085
2019-12-17,1.0950000286102295
2019-12-18,1.0927200317382812
2019-12-19,1.0893900394439697
2019-12-20,1.0880999565124512
2019-12-23,1.0883699655532837
2019-12-24,1.0886600017547607
2019-12-25,1.0865000486373901
2019-12-26,1.086840033531189
2019-12-27,1.08951997756958
2019-12-30,1.0887399911880493
2019-12-31,1.085279941558838
2020-01-01,1.0872000455856323
2020-01-02,1.0856200456619263
2020-01-03,1.0851199626922607
2020-01-06,1.0842499732971191
2020-01-07,1.084280014038086
2020-01-08,1.0806200504302979
2020-01-09,1.0815900564193726
2020-01-10,1.0810199975967407
2020-01-13,1.0817999839782715
2020-01-14,1.0809999704360962
2020-01-15,1.076200008392334
2020-01-16,1.0747699737548828
2020-01-17,1.074620008468628
2020-01-20,1.0740900039672852
2020-01-21,1.0744800567626953
2020-01-22,1.073889970779419
2020-01-23,1.0733799934387207
2020-01-24,1.0719000101089478
2020-01-27,1.0693999528884888
2020-01-28,1.068600058555603
2020-01-29,1.0724400281906128
2020-01-30,1.0716999769210815
2020-01-31,1.0690499544143677
2020-02-03,1.068269968032837
2020-02-04,1.0683200359344482
2020-02-05,1.0705599784851074
2020-02-06,1.0706000328063965
2020-02-07,1.0702999830245972
2020-02-10,1.069290041923523
2020-02-11,1.066390037536621
2020-02-12,1.0652999877929688
2020-02-13,1.063099980354309
2020-02-14,1.0613000392913818
2020-02-17,1.0642199516296387
2020-02-18,1.0627800226211548
2020-02-19,1.0613600015640259
2020-02-20,1.0634000301361084
2020-02-21,1.061269998550415
2020-02-24,1.0608899593353271
2020-02-25,1.062980055809021
2020-02-26,1.0618000030517578
2020-02-27,1.0627399682998657
2020-02-28,1.065310001373291
2020-03-02,1.0653200149536133
2020-03-03,1.0677399635314941
2020-03-04,1.068060040473938
2020-03-05,1.065659999847412
2020-03-06,1.0615299940109253
2020-03-09,1.0559099912643433
2020-03-10,1.0580400228500366
2020-03-11,1.0602099895477295
2020-03-12,1.0573300123214722
2020-03-13,1.0564500093460083
2020-03-16,1.0557700395584106
2020-03-17,1.0575499534606934
2020-03-18,1.056920051574707
2020-03-19,1.0594099760055542
2020-03-20,1.0534499883651733
2020-03-23,1.0532699823379517
2020-03-24,1.0566799640655518
2020-03-25,1.058709979057312
2020-03-26,1.0628999471664429
2020-03-27,1.0624699592590332
2020-03-29,1.0585999488830566
2020-03-30,1.0586999654769897
2020-03-31,1.0601099729537964
2020-04-01,1.058210015296936
2020-04-02,1.0567500591278076
2020-04-05,1.05594003200531
2020-04-06,1.0562900304794312
2020-04-07,1.0559600591659546
2020-04-08,1.0555000305175781
2020-04-09,1.056480050086975
2020-04-12,1.055840015411377
2020-04-13,1.0556299686431885
2020-04-14,1.0544999837875366
2020-04-15,1.05239999294281
2020-04-16,1.0521999597549438
2020-04-19,1.0515999794006348
2020-04-20,1.0514999628067017
2020-04-21,1.0527000427246094
2020-04-22,1.0512399673461914
2020-04-23,1.0519100427627563
2020-04-26,1.0535000562667847
2020-04-27,1.055999994277954
2020-04-28,1.05485999584198
2020-04-29,1.0593700408935547
2020-04-30,1.0577800273895264
2020-05-03,1.0548700094223022
2020-05-04,1.0526000261306763
2020-05-05,1.0541900396347046
2020-05-06,1.0530400276184082
2020-05-07,1.054360032081604
2020-05-10,1.0525000095367432
2020-05-11,1.0515300035476685
2020-05-12,1.0519499778747559
2020-05-13,1.0517499446868896
2020-05-14,1.0516999959945679
2020-05-17,1.0514600276947021
2020-05-18,1.0606499910354614
2020-05-19,1.0612399578094482
2020-05-20,1.0592999458312988
2020-05-21,1.0627000331878662
2020-05-24,1.0593700408935547
2020-05-25,1.0587999820709229
2020-05-26,1.059939980506897
2020-05-27,1.0663700103759766
2020-05-28,1.0681300163269043
2020-05-31,1.0679999589920044
2020-06-01,1.069309949874878
2020-06-02,1.0755000114440918
2020-06-03,1.0801000595092773
2020-06-04,1.083340048789978
2020-06-07,1.0879499912261963
2020-06-08,1.082200050354004
2020-06-09,1.0777100324630737
2020-06-10,1.0724899768829346
2020-06-11,1.0657999515533447
2020-06-14,1.0704699754714966
2020-06-15,1.0758999586105347
2020-06-16,1.0715399980545044
2020-06-17,1.0665299892425537
2020-06-18,1.0667200088500977
2020-06-21,1.0644500255584717
2020-06-22,1.0679199695587158
2020-06-23,1.068519949913025
2020-06-24,1.0667500495910645
2020-06-25,1.0637799501419067
2020-06-28,1.063599944114685
2020-06-29,1.0693999528884888
2020-06-30,1.063599944114685
2020-07-01,1.0640300512313843
2020-07-02,1.0625900030136108
2020-07-05,1.0627000331878662
2020-07-06,1.0653899908065796
2020-07-07,1.0622999668121338
2020-07-08,1.0636999607086182
2020-07-09,1.0614500045776367
2020-07-12,1.0636999607086182
2020-07-13,1.06850004196167
2020-07-14,1.0719300508499146
2020-07-15,1.0776000022888184
2020-07-16,1.07669997215271
2020-07-19,1.0736000537872314
2020-07-20,1.075600028038025
2020-07-21,1.075569987297058
2020-07-22,1.0752700567245483
2020-07-23,1.073099970817566
2020-07-26,1.073140025138855
2020-07-27,1.0821599960327148
2020-07-28,1.075600028038025
2020-07-29,1.0749900341033936
2020-07-30,1.0786800384521484
2020-08-02,1.076200008392334
2020-08-03,1.0791800022125244
2020-08-04,1.0781400203704834
2020-08-05,1.0780600309371948
2020-08-06,1.0805799961090088
2020-08-09,1.075260043144226
2020-08-10,1.0745199918746948
2020-08-11,1.0765800476074219
2020-08-12,1.0753400325775146
2020-08-13,1.0748900175094604
2020-08-16,1.076949954032898
2020-08-17,1.0764700174331665
2020-08-18,1.0782999992370605
2020-08-19,1.0834300518035889
2020-08-20,1.0765999555587769
2020-08-23,1.0758899450302124
2020-08-24,1.0754799842834473
2020-08-25,1.0744999647140503
2020-08-26,1.0743399858474731
2020-08-27,1.0743999481201172
2020-08-30,1.0768500566482544
2020-08-31,1.0788999795913696
2020-09-01,1.0841399431228638
2020-09-02,1.079509973526001
2020-09-03,1.0774600505828857
2020-09-06,1.081089973449707
2020-09-07,1.0831199884414673
2020-09-08,1.080199956893921
2020-09-09,1.0766899585723877
2020-09-10,1.0763200521469116
2020-09-13,1.076200008392334
2020-09-14,1.0780199766159058
2020-09-15,1.0760200023651123
2020-09-16,1.0747400522232056
2020-09-17,1.07614004611969
2020-09-20,1.079200029373169
2020-09-21,1.0768200159072876
2020-09-22,1.076949954032898
2020-09-23,1.0770000219345093
2020-09-24,1.0816800594329834
2020-09-27,1.0799000263214111
2020-09-28,1.078819990158081
2020-09-29,1.079450011253357
2020-09-30,1.0793999433517456
2020-10-01,1.0792399644851685
2020-10-04,1.0758099555969238
2020-10-05,1.078879952430725
2020-10-06,1.0769200325012207
2020-10-07,1.078819990158081
2020-10-08,1.0788899660110474
2020-10-11,1.0757700204849243
2020-10-12,1.073699951171875
2020-10-13,1.0746500492095947
2020-10-14,1.0726100206375122
2020-10-15,1.0704400539398193
2020-10-18,1.0720000267028809
2020-10-19,1.0715700387954712
2020-10-20,1.0725799798965454
2020-10-21,1.0736299753189087
2020-10-22,1.0722399950027466
2020-10-26,1.0716899633407593
2020-10-27,1.072100043296814
2020-10-28,1.0707999467849731
2020-10-29,1.069599986076355
2020-10-30,1.0689599514007568
2020-11-02,1.0677000284194946
2020-11-03,1.0694999694824219
2020-11-04,1.0710200071334839
2020-11-05,1.0693999528884888
2020-11-06,1.068600058555603
2020-11-09,1.069409966468811
2020-11-10,1.0792100429534912
2020-11-11,1.0813100337982178
2020-11-12,1.0797499418258667
2020-11-13,1.0799000263214111
2020-11-16,1.0803099870681763
2020-11-17,1.0819499492645264
2020-11-18,1.0810999870300293
2020-11-19,1.0801000595092773
2020-11-20,1.080970048904419
2020-11-23,1.080399990081787
2020-11-24,1.0806200504302979
2020-11-25,1.08378005027771
2020-11-26,1.0821000337600708
2020-11-27,1.0795999765396118
2020-11-30,1.0823899507522583
2020-12-01,1.0842499732971191
2020-12-02,1.0856000185012817
2020-12-03,1.0836600065231323
2020-12-04,1.0819000005722046
2020-12-07,1.0808299779891968
2020-12-08,1.0788099765777588
2020-12-09,1.076069951057434
2020-12-10,1.0742199420928955
2020-12-11,1.0755800008773804
2020-12-14,1.078029990196228
2020-12-15,1.077299952507019
2020-12-16,1.0762200355529785
2020-12-17,1.0797799825668335
2020-12-18,1.0848599672317505
2020-12-21,1.0814000368118286
2020-12-22,1.0835000276565552
2020-12-23,1.0819799900054932
2020-12-24,1.082200050354004
2020-12-25,1.0839899778366089
2020-12-28,1.085479974746704
2020-12-29,1.0853300094604492
2020-12-30,1.0832099914550781
2020-12-31,1.0741000175476074
2021-01-01,1.0777900218963623
2021-01-04,1.081719994544983
2021-01-05,1.0796600580215454
2021-01-06,1.0801000595092773
2021-01-07,1.0834800004959106
2021-01-08,1.086069941520691
2021-01-11,1.0815900564193726
2021-01-12,1.0816999673843384
2021-01-13,1.0817300081253052
2021-01-14,1.0789300203323364
2021-01-15,1.0793999433517456
2021-01-18,1.0767199993133545
2021-01-19,1.0760999917984009
2021-01-20,1.0779500007629395
2021-01-21,1.0773999691009521
2021-01-22,1.0772000551223755
2021-01-25,1.0773500204086304
2021-01-26,1.0782899856567383
2021-01-27,1.0781999826431274
2021-01-28,1.0760999917984009
2021-01-29,1.077049970626831
2021-02-01,1.080590009689331
2021-02-02,1.0818500518798828
2021-02-03,1.080739974975586
2021-02-04,1.0816999673843384
2021-02-05,1.0817699432373047
2021-02-08,1.0831799507141113
2021-02-09,1.0830800533294678
2021-02-10,1.0814000368118286
2021-02-11,1.0788999795913696
2021-02-12,1.0797699689865112
2021-02-15,1.0809799432754517
2021-02-16,1.0796400308609009
2021-02-17,1.0802199840545654
2021-02-18,1.0821000337600708
2021-02-19,1.0832699537277222
2021-02-22,1.0872600078582764
2021-02-23,1.0896999835968018
2021-02-24,1.0997999906539917
2021-02-25,1.1034200191497803
2021-02-26,1.1011199951171875
2021-03-01,1.0969300270080566
2021-03-02,1.1023199558258057
2021-03-03,1.1059099435806274
2021-03-04,1.108299970626831
2021-03-05,1.1120200157165527
2021-03-08,1.1092300415039062
2021-03-09,1.1093300580978394
2021-03-10,1.104200005531311
2021-03-11,1.1088000535964966
2021-03-12,1.1080399751663208
2021-03-15,1.1105600595474243
2021-03-16,1.1062999963760376
2021-03-17,1.1009000539779663
2021-03-18,1.1049599647521973
2021-03-19,1.1051199436187744
2021-03-22,1.1051599979400635
2021-03-23,1.101789951324463
2021-03-24,1.1064300537109375
2021-03-25,1.1054199934005737
2021-03-26,1.1063400506973267
2021-03-28,1.107450008392334
2021-03-29,1.1051000356674194
2021-03-30,1.1039999723434448
2021-03-31,1.106819987297058
2021-04-01,1.1094000339508057
2021-04-04,1.1086000204086304
2021-04-05,1.1059999465942383
2021-04-06,1.1051599979400635
2021-04-07,1.1031999588012695
2021-04-08,1.1011099815368652
2021-04-11,1.1007000207901
2021-04-12,1.0987199544906616
2021-04-13,1.1001100540161133
2021-04-14,1.1057300567626953
2021-04-15,1.1035499572753906
2021-04-18,1.1017199754714966
2021-04-19,1.1017999649047852
2021-04-20,1.1018999814987183
2021-04-21,1.1035200357437134
2021-04-22,1.1018999814987183
2021-04-25,1.104889988899231
2021-04-26,1.104699969291687
2021-04-27,1.1050100326538086
2021-04-28,1.1029900312423706
2021-04-29,1.1018999814987183
2021-05-02,1.0980000495910645
2021-05-03,1.0992000102996826
2021-05-04,1.0975899696350098
2021-05-05,1.0964499711990356
2021-05-06,1.0950499773025513
2021-05-09,1.0958600044250488
2021-05-10,1.0930999517440796
2021-05-11,1.0975799560546875
2021-05-12,1.0975899696350098
2021-05-13,1.0937999486923218
2021-05-16,1.0951800346374512
2021-05-17,1.0980700254440308
2021-05-18,1.096909999847412
2021-05-19,1.10030996799469
2021-05-20,1.0971699953079224
2021-05-23,1.0930999517440796
2021-05-24,1.095620036125183
2021-05-25,1.0967700481414795
2021-05-26,1.094480037689209
2021-05-27,1.0937700271606445
2021-05-30,1.0971399545669556
2021-05-31,1.0988999605178833
2021-06-01,1.0958900451660156
2021-06-02,1.0966800451278687
2021-06-03,1.095900058746338
2021-06-06,1.0938999652862549
2021-06-07,1.094099998474121
2021-06-08,1.0916999578475952
2021-06-09,1.091040015220642
2021-06-10,1.0890300273895264
2021-06-13,1.0872999429702759
2021-06-14,1.0901600122451782
2021-06-15,1.089460015296936
2021-06-16,1.0898699760437012
2021-06-17,1.093209981918335
2021-06-20,1.0949900150299072
2021-06-21,1.0942100286483765
2021-06-22,1.0964299440383911
2021-06-23,1.0954999923706055
2021-06-24,1.0951499938964844
2021-06-27,1.0945600271224976
2021-06-28,1.0969500541687012
2021-06-29,1.0959299802780151
2021-06-30,1.09660005569458
2021-07-01,1.0967400074005127
2021-07-04,1.0928000211715698
2021-07-05,1.094099998474121
2021-07-06,1.093209981918335
2021-07-07,1.0915600061416626
2021-07-08,1.0836700201034546
2021-07-11,1.0849000215530396
2021-07-12,1.0853999853134155
2021-07-13,1.0819200277328491
2021-07-14,1.082200050354004
2021-07-15,1.0840400457382202
2021-07-18,1.0850000381469727
2021-07-19,1.083299994468689
2021-07-20,1.0853099822998047
2021-07-21,1.082069993019104
2021-07-22,1.0819400548934937
2021-07-25,1.0825200080871582
2021-07-26,1.0808099508285522
2021-07-27,1.080899953842163
2021-07-28,1.0775599479675293
2021-07-29,1.0769599676132202
2021-08-01,1.0749200582504272
2021-08-02,1.0745999813079834
2021-08-03,1.0727900266647339
2021-08-04,1.073099970817566
2021-08-05,1.072700023651123
2021-08-08,1.075659990310669
2021-08-09,1.080780029296875
2021-08-10,1.0816099643707275
2021-08-11,1.0820200443267822
2021-08-12,1.083240032196045
2021-08-15,1.0794999599456787
2021-08-16,1.0747900009155273
2021-08-17,1.0713000297546387
2021-08-18,1.0736000537872314
2021-08-19,1.0729800462722778
2021-08-22,1.0729000568389893
2021-08-23,1.071370005607605
2021-08-24,1.0731500387191772
2021-08-25,1.0755599737167358
2021-08-26,1.0789200067520142
2021-08-29,1.0753999948501587
2021-08-30,1.0819799900054932
2021-08-31,1.0809999704360962
2021-09-01,1.0841000080108643
2021-09-02,1.0857900381088257
2021-09-05,1.0860899686813354
2021-09-06,1.086300015449524
2021-09-07,1.0888500213623047
2021-09-08,1.08951997756958
2021-09-09,1.0836199522018433
2021-09-12,1.0843000411987305
2021-09-13,1.0891000032424927
2021-09-14,1.0859500169754028
2021-09-15,1.086899995803833
2021-09-16,1.090980052947998
2021-09-19,1.093000054359436
2021-09-20,1.0879000425338745
2021-09-21,1.0823999643325806
2021-09-22,1.0826400518417358
2021-09-23,1.0855599641799927
2021-09-26,1.083739995956421
2021-09-27,1.0825599431991577
2021-09-28,1.0857000350952148
2021-09-29,1.083799958229065
2021-09-30,1.0791000127792358
2021-10-03,1.078879952430725
2021-10-04,1.074489951133728
2021-10-05,1.0764800310134888
2021-10-06,1.0719499588012695
2021-10-07,1.073199987411499
2021-10-10,1.0730500221252441
2021-10-11,1.0715999603271484
2021-10-12,1.072909951210022
2021-10-13,1.0715700387954712
2021-10-14,1.0713200569152832
2021-10-17,1.0707999467849731
2021-10-18,1.072450041770935
2021-10-19,1.0735700130462646
2021-10-20,1.0707999467849731
2021-10-21,1.0672999620437622
2021-10-24,1.0668200254440308
2021-10-25,1.0678199529647827
2021-10-26,1.0665700435638428
2021-10-27,1.0649399757385254
2021-10-28,1.0649499893188477
2021-11-01,1.05840003490448
2021-11-02,1.054819941520691
2021-11-03,1.0592999458312988
2021-11-04,1.0585399866104126
2021-11-05,1.054479956626892
2021-11-08,1.0549299716949463
2021-11-09,1.05840003490448
2021-11-10,1.0562000274658203
2021-11-11,1.0542199611663818
2021-11-12,1.0546000003814697
2021-11-15,1.053820013999939
2021-11-16,1.0517699718475342
2021-11-17,1.0529600381851196
2021-11-18,1.0509999990463257
2021-11-19,1.0524100065231323
2021-11-22,1.0475000143051147
2021-11-23,1.0483499765396118
2021-11-24,1.0495100021362305
2021-11-25,1.0463000535964966
2021-11-26,1.048200011253357
2021-11-29,1.0437599420547485
2021-11-30,1.042099952697754
2021-12-01,1.0417399406433105
2021-12-02,1.0420500040054321
2021-12-03,1.0398499965667725
2021-12-06,1.0382399559020996
2021-12-07,1.0442999601364136
2021-12-08,1.042199969291687
2021-12-09,1.0438100099563599
2021-12-10,1.0430999994277954
2021-12-13,1.041890025138855
2021-12-14,1.0407999753952026
2021-12-15,1.040310025215149
2021-12-16,1.0436700582504272
2021-12-17,1.0414700508117676
2021-12-20,1.0380200147628784
2021-12-21,1.0394500494003296
2021-12-22,1.0418399572372437
2021-12-23,1.0413800477981567
2021-12-24,1.0404000282287598
2021-12-27,1.040310025215149
2021-12-28,1.0389900207519531
2021-12-29,1.037500023841858
2021-12-30,1.038040041923523
2021-12-31,1.0346399545669556
2022-01-03,1.0371700525283813
2022-01-04,1.037909984588623
2022-01-05,1.0336799621582031
2022-01-06,1.037600040435791
2022-01-07,1.04066002368927
2022-01-10,1.0431699752807617
2022-01-11,1.0504800081253052
2022-01-12,1.0496100187301636
2022-01-13,1.045740008354187
2022-01-14,1.0437899827957153
2022-01-17,1.0434399843215942
2022-01-18,1.0427000522613525
2022-01-19,1.0389399528503418
2022-01-20,1.038540005683899
2022-01-21,1.03725004196167
2022-01-24,1.034999966621399
2022-01-25,1.0351200103759766
2022-01-26,1.037600040435791
2022-01-27,1.0386600494384766
2022-01-28,1.0374599695205688
2022-01-31,1.0383700132369995
2022-02-01,1.0409799814224243
2022-02-02,1.0383199453353882
2022-02-03,1.038450002670288
2022-02-04,1.0524100065231323
2022-02-07,1.059399962425232
2022-02-08,1.0560699701309204
2022-02-09,1.0564299821853638
2022-02-10,1.0555800199508667
2022-02-11,1.0561000108718872
2022-02-14,1.0508500337600708
2022-02-15,1.0452500581741333
2022-02-16,1.050879955291748
2022-02-17,1.0483800172805786
2022-02-18,1.0453300476074219
2022-02-21,1.0421099662780762
2022-02-22,1.0356500148773193
2022-02-23,1.0439599752426147
2022-02-24,1.0372799634933472
2022-02-25,1.0359599590301514
2022-02-28,1.035979986190796
2022-03-01,1.0289599895477295
2022-03-02,1.0225399732589722
2022-03-03,1.022860050201416
2022-03-04,1.0162999629974365
2022-03-07,1.000480055809021
2022-03-08,1.0055999755859375
2022-03-09,1.0129599571228027
2022-03-10,1.0259100198745728
2022-03-11,1.0235799551010132
2022-03-14,1.0218000411987305
2022-03-15,1.026919960975647
2022-03-16,1.0318900346755981
2022-03-17,1.0376499891281128
2022-03-18,1.038930058479309
2022-03-21,1.0301599502563477
2022-03-22,1.0288599729537964
2022-03-23,1.0295100212097168
2022-03-24,1.024340033531189
2022-03-25,1.023229956626892
2022-03-27,1.0226500034332275
2022-03-28,1.026360034942627
2022-03-29,1.0327399969100952
2022-03-30,1.0302300453186035
2022-03-31,1.022089958190918
2022-04-03,1.0224900245666504
2022-04-04,1.0165200233459473
2022-04-05,1.0137699842453003
2022-04-06,1.0167499780654907
2022-04-07,1.0152499675750732
2022-04-10,1.016800045967102
2022-04-11,1.0131100416183472
2022-04-12,1.0095800161361694
2022-04-13,1.0175299644470215
2022-04-14,1.0203200578689575
2022-04-17,1.0190999507904053
2022-04-18,1.018399953842163
2022-04-19,1.0276299715042114
2022-04-20,1.0296499729156494
2022-04-21,1.0332800149917603
2022-04-24,1.032979965209961
2022-04-25,1.0266599655151367
2022-04-26,1.0241299867630005
2022-04-27,1.0224100351333618
2022-04-28,1.0206999778747559
2022-05-01,1.0260000228881836
2022-05-02,1.027340054512024
2022-05-03,1.0298999547958374
2022-05-04,1.03357994556427
2022-05-05,1.0384999513626099
2022-05-08,1.041700005531311
2022-05-09,1.0491000413894653
2022-05-10,1.048509955406189
2022-05-11,1.0453599691390991
2022-05-12,1.0411100387573242
2022-05-15,1.0423200130462646
2022-05-16,1.0457799434661865
2022-05-17,1.0482200384140015
2022-05-18,1.0336899757385254
2022-05-19,1.0284199714660645
2022-05-22,1.0304499864578247
2022-05-23,1.0318299531936646
2022-05-24,1.0306700468063354
2022-05-25,1.0275100469589233
2022-05-26,1.028730034828186
2022-05-29,1.0276999473571777
2022-05-30,1.0322200059890747
2022-05-31,1.0299400091171265
2022-06-01,1.025689959526062
2022-06-02,1.0292999744415283
2022-06-05,1.0320299863815308
2022-06-06,1.0384399890899658
2022-06-07,1.0412800312042236
2022-06-08,1.04899001121521
2022-06-09,1.0410699844360352
2022-06-12,1.0378299951553345
2022-06-13,1.0379899740219116
2022-06-14,1.0432699918746948
2022-06-15,1.0398900508880615
2022-06-16,1.0195300579071045
2022-06-19,1.017109990119934
2022-06-20,1.017300009727478
2022-06-21,1.017359972000122
2022-06-22,1.0156999826431274
2022-06-23,1.0112899541854858
2022-06-26,1.011389970779419
2022-06-27,1.0115000009536743
2022-06-28,1.0066900253295898
2022-06-29,0.9966899752616882
2022-06-30,1.0006599426269531
2022-07-03,1.0
2022-07-04,1.0023900270462036
2022-07-05,0.9934300184249878
2022-07-06,0.9880599975585938
2022-07-07,0.9900799989700317
2022-07-10,0.9938799738883972
2022-07-11,0.9872999787330627
2022-07-12,0.9848799705505371
2022-07-13,0.984000027179718
2022-07-14,0.9854599833488464
2022-07-17,0.9846000075340271
2022-07-18,0.9916999936103821
2022-07-19,0.9911699891090393
2022-07-20,0.989109992980957
2022-07-21,0.987500011920929
2022-07-24,0.982200026512146
2022-07-25,0.9857199788093567
2022-07-26,0.9746000170707703
2022-07-27,0.9776999950408936
2022-07-28,0.9727299809455872
2022-07-31,0.9726600050926208
2022-08-01,0.9749000072479248
2022-08-02,0.9732999801635742
2022-08-03,0.9762300252914429
2022-08-04,0.977649986743927
2022-08-07,0.9785799980163574
2022-08-08,0.9737799763679504
2022-08-09,0.9740099906921387
2022-08-10,0.9706000089645386
2022-08-11,0.9716299772262573
2022-08-14,0.9657099843025208
2022-08-15,0.9611999988555908
2022-08-16,0.9658399820327759
2022-08-17,0.9682999849319458
2022-08-18,0.9651899933815002
2022-08-21,0.9617999792098999
2022-08-22,0.9585300087928772
2022-08-23,0.9611899852752686
2022-08-24,0.963100016117096
2022-08-25,0.9608399868011475
2022-08-28,0.9625099897384644
2022-08-29,0.968209981918335
2022-08-30,0.9762899875640869
2022-08-31,0.9829000234603882
2022-09-01,0.9765599966049194
2022-09-04,0.9743199944496155
2022-09-05,0.9736999869346619
2022-09-06,0.9740999937057495
2022-09-07,0.9764699935913086
2022-09-08,0.9693999886512756
2022-09-11,0.9666699767112732
2022-09-12,0.9651700258255005
2022-09-13,0.9585999846458435
2022-09-14,0.9603700041770935
2022-09-15,0.9607999920845032
2022-09-18,0.9652799963951111
2022-09-19,0.9668400287628174
2022-09-20,0.9610000252723694
2022-09-21,0.9514999985694885
2022-09-22,0.9599999785423279
2022-09-25,0.9516000151634216
2022-09-26,0.9546399712562561
2022-09-27,0.9514700174331665
2022-09-28,0.9489799737930298
2022-09-29,0.9582599997520447
2022-10-02,0.9651299715042114
2022-10-03,0.9757800102233887
2022-10-04,0.9771400094032288
2022-10-05,0.9726399779319763
2022-10-06,0.9690899848937988
2022-10-09,0.9678999781608582
2022-10-10,0.9705100059509277
2022-10-11,0.9677000045776367
2022-10-12,0.9682300090789795
2022-10-13,0.9783700108528137
2022-10-16,0.9771999716758728
2022-10-17,0.9797999858856201
2022-10-18,0.9800099730491638
2022-10-19,0.9812099933624268
2022-10-20,0.9818000197410583
2022-10-23,0.9838299751281738
2022-10-24,0.9880399703979492
2022-10-25,0.9909999966621399
2022-10-26,0.9939799904823303
2022-10-27,0.9871500134468079
2022-10-31,0.9918199777603149
2022-11-01,0.9900500178337097
2022-11-02,0.9876000285148621
2022-11-03,0.9845499992370605
2022-11-04,0.9880099892616272
2022-11-07,0.989300012588501
2022-11-08,0.9908000230789185
2022-11-09,0.9924100041389465
2022-11-10,0.9854599833488464
2022-11-11,0.9834499955177307
2022-11-14,0.9749699831008911
2022-11-15,0.9734200239181519
2022-11-16,0.9765899777412415
2022-11-17,0.9815499782562256
2022-11-18,0.9873999953269958
2022-11-21,0.9848200082778931
2022-11-22,0.9815999865531921
2022-11-23,0.9804999828338623
2022-11-24,0.9800400137901306
2022-11-25,0.9819200038909912
2022-11-28,0.9821299910545349
2022-11-29,0.9815000295639038
2022-11-30,0.9853900074958801
2022-12-01,0.9837200045585632
2022-12-02,0.9858300089836121
2022-12-05,0.987309992313385
2022-12-06,0.9891200065612793
2022-12-07,0.9859899878501892
2022-12-08,0.9884799718856812
2022-12-09,0.9879299998283386
2022-12-12,0.9837300181388855
2022-12-13,0.9864000082015991
2022-12-14,0.9872000217437744
2022-12-15,0.9867799878120422
2022-12-16,0.986739993095398
2022-12-19,0.9891700148582458
2022-12-20,0.985509991645813
2022-12-21,0.9841600060462952
2022-12-22,0.9829000234603882
2022-12-23,0.9870200157165527
2022-12-26,0.9909999966621399
2022-12-27,0.991569995880127
2022-12-28,0.9886000156402588
2022-12-29,0.9861500263214111
2022-12-30,0.9839000105857849
2023-01-02,0.9879000186920166
2023-01-03,0.98676997423172
2023-01-04,0.9871900081634521
2023-01-05,0.9859600067138672
2023-01-06,0.9848499894142151
2023-01-09,0.9876099824905396
2023-01-10,0.9884399771690369
2023-01-11,0.9904599785804749
2023-01-12,1.0019999742507935
2023-01-13,1.0069700479507446
2023-01-16,1.0030299425125122
2023-01-17,1.00232994556427
2023-01-18,0.9946399927139282
2023-01-19,0.9889199733734131
2023-01-20,0.9920499920845032
2023-01-23,0.9993799924850464
2023-01-24,1.0019999742507935
2023-01-25,1.0042200088500977
2023-01-26,1.0017000436782837
2023-01-27,1.0023399591445923
2023-01-30,1.0010199546813965
2023-01-31,1.0039700269699097
2023-02-01,0.9952999949455261
2023-02-02,0.9990500211715698
2023-02-03,0.9959499835968018
2023-02-06,0.9995200037956238
2023-02-07,0.9954299926757812
2023-02-08,0.9888899922370911
2023-02-09,0.9867500066757202
2023-02-10,0.9904999732971191
2023-02-13,0.9858999848365784
2023-02-14,0.9858099818229675
2023-02-15,0.9893100261688232
2023-02-16,0.987089991569519
2023-02-17,0.9882100224494934
2023-02-20,0.9884700179100037
2023-02-21,0.9861800074577332
2023-02-22,0.9879599809646606
2023-02-23,0.9876099824905396
2023-02-24,0.9894599914550781
2023-02-27,0.9921000003814697
2023-02-28,0.9926400184631348
2023-03-01,0.9963200092315674
2023-03-02,1.0022599697113037
2023-03-03,0.9982500076293945
2023-03-06,0.995419979095459
2023-03-07,0.9943900108337402
2023-03-08,0.9939000010490417
2023-03-09,0.9924799799919128
2023-03-10,0.9873999953269958
2023-03-13,0.9811400175094604
2023-03-14,0.978600025177002
2023-03-15,0.9810199737548828
2023-03-16,0.985509991645813
2023-03-17,0.9862099885940552
2023-03-20,0.9895700216293335
2023-03-21,0.995959997177124
2023-03-22,0.9927899837493896
2023-03-23,0.9962800145149231
2023-03-24,0.9930800199508667
2023-03-26,0.9897000193595886
2023-03-27,0.9888299703598022
2023-03-28,0.9975100159645081
2023-03-29,0.9956700205802917
2023-03-30,0.9959999918937683
2023-04-02,0.9911199808120728
2023-04-03,0.9956600069999695
2023-04-04,0.992330014705658
2023-04-05,0.9882299900054932
2023-04-06,0.9876099824905396
2023-04-09,0.9872000217437744
2023-04-10,0.987820029258728
2023-04-11,0.9858199954032898
2023-04-12,0.9850999712944031
2023-04-13,0.9825299978256226
2023-04-16,0.9829000234603882
2023-04-17,0.981660008430481
2023-04-18,0.9833300113677979
2023-04-19,0.983020007610321
2023-04-20,0.978659987449646
2023-04-23,0.9803599715232849
2023-04-24,0.9807599782943726
2023-04-25,0.9790899753570557
2023-04-26,0.9839400053024292
2023-04-27,0.9861199855804443
2023-04-30,0.9853000044822693
2023-05-01,0.9826700091362
2023-05-02,0.9825000166893005
2023-05-03,0.9777500033378601
2023-05-04,0.9758599996566772
2023-05-07,0.9818000197410583
2023-05-08,0.9785400032997131
2023-05-09,0.9760199785232544
2023-05-10,0.9766899943351746
2023-05-11,0.9756500124931335
2023-05-14,0.9748799800872803
2023-05-15,0.9736199975013733
2023-05-16,0.9740999937057495
2023-05-17,0.9736999869346619
2023-05-18,0.9749299883842468
2023-05-21,0.972029983997345
2023-05-22,0.9710000157356262
2023-05-23,0.970740020275116
2023-05-24,0.9726200103759766
2023-05-25,0.9705899953842163
2023-05-28,0.9710999727249146
2023-05-29,0.9683700203895569
2023-05-30,0.9721999764442444
2023-05-31,0.9730100035667419
2023-06-01,0.9743800163269043
2023-06-04,0.9731000065803528
2023-06-05,0.9703699946403503
2023-06-06,0.970329999923706
2023-06-07,0.9738199710845947
2023-06-08,0.9691299796104431
2023-06-11,0.9713000059127808
2023-06-12,0.9776899814605713
2023-06-13,0.9766200184822083
2023-06-14,0.9759699702262878
2023-06-15,0.9760000109672546
2023-06-18,0.9785000085830688
2023-06-19,0.9785799980163574
2023-06-20,0.9802299737930298
2023-06-21,0.9808800220489502
2023-06-22,0.9804999828338623
2023-06-25,0.9768999814987183
2023-06-26,0.9771999716758728
2023-06-27,0.979200005531311
2023-06-28,0.9787600040435791
2023-06-29,0.9771599769592285
2023-07-02,0.9764000177383423
2023-07-03,0.9778000116348267
2023-07-04,0.975820004940033
2023-07-05,0.9753000140190125
2023-07-06,0.9749100208282471
2023-07-09,0.9748899936676025
2023-07-10,0.9740700125694275
2023-07-11,0.967769980430603
2023-07-12,0.9654099941253662
2023-07-13,0.9641799926757812
2023-07-16,0.9677799940109253
2023-07-17,0.9667999744415283
2023-07-18,0.9630299806594849
2023-07-19,0.961329996585846
2023-07-20,0.9645199775695801
2023-07-23,0.963670015335083
2023-07-24,0.9623200297355652
2023-07-25,0.9553200006484985
2023-07-26,0.9544500112533569
2023-07-27,0.9538400173187256
2023-07-30,0.958869993686676
2023-07-31,0.9585700035095215
2023-08-01,0.9604799747467041
2023-08-02,0.960099995136261
2023-08-03,0.9574300050735474
2023-08-06,0.9617699980735779
2023-08-07,0.9604399800300598
2023-08-08,0.9595400094985962
2023-08-09,0.9626100063323975
2023-08-10,0.9629200100898743
2023-08-13,0.9593799710273743
2023-08-14,0.9577000141143799
2023-08-15,0.9578999876976013
2023-08-16,0.957069993019104
2023-08-17,0.9550399780273438
2023-08-20,0.9594799876213074
2023-08-21,0.9573400020599365
2023-08-22,0.9546200037002563
2023-08-23,0.9532999992370605
2023-08-24,0.9559100270271301
2023-08-27,0.955299973487854
2023-08-28,0.9564099907875061
2023-08-29,0.955299973487854
2023-08-30,0.9596800208091736
2023-08-31,0.9577199816703796
2023-09-03,0.9539999961853027
2023-09-04,0.9547799825668335
2023-09-05,0.9538400173187256
2023-09-06,0.9558699727058411
2023-09-07,0.9549400210380554
2023-09-10,0.9559299945831299
2023-09-11,0.9578499794006348
2023-09-12,0.9585199952125549
2023-09-13,0.958899974822998
2023-09-14,0.9531000256538391
2023-09-17,0.9567800164222717
2023-09-18,0.9593700170516968
2023-09-19,0.9584500193595886
2023-09-20,0.9579399824142456
2023-09-21,0.9643099904060364
2023-09-24,0.9658799767494202
2023-09-25,0.9660400152206421
2023-09-26,0.9678999781608582
2023-09-27,0.9673100113868713
2023-09-28,0.9662200212478638
2023-10-01,0.9670699834823608
2023-10-02,0.9619699716567993
2023-10-03,0.9642000198364258
2023-10-04,0.9631699919700623
2023-10-05,0.9625599980354309
2023-10-08,0.9604099988937378
2023-10-09,0.9573000073432922
2023-10-10,0.9592499732971191
2023-10-11,0.9572100043296814
2023-10-12,0.9564800262451172
2023-10-15,0.9495999813079834
2023-10-16,0.9502999782562256
2023-10-17,0.9516100287437439
2023-10-18,0.9471200108528137
2023-10-19,0.9439100027084351
2023-10-22,0.9458799958229065
2023-10-23,0.9504200220108032
2023-10-24,0.9461699724197388
2023-10-25,0.9474499821662903
2023-10-26,0.9495199918746948
2023-10-30,0.9531099796295166
2023-10-31,0.9575099945068359
2023-11-01,0.962440013885498
2023-11-02,0.9586600065231323
2023-11-03,0.9618800282478333
2023-11-06,0.964900016784668
2023-11-07,0.9638199806213379
2023-11-08,0.9625999927520752
2023-11-09,0.9629200100898743
2023-11-10,0.9634400010108948
2023-11-13,0.964169979095459
2023-11-14,0.964460015296936
2023-11-15,0.9671599864959717
2023-11-16,0.9628700017929077
2023-11-17,0.9642400145530701
2023-11-20,0.9662500023841858
2023-11-21,0.9679499864578247
2023-11-22,0.9643999934196472
2023-11-23,0.9625399708747864
2023-11-24,0.964460015296936
2023-11-27,0.9651700258255005
2023-11-28,0.9643800258636475
2023-11-29,0.9650999903678894
2023-11-30,0.9583500027656555
2023-12-01,0.952709972858429
2023-12-04,0.944890022277832
2023-12-05,0.9453999996185303
2023-12-06,0.9444199800491333
2023-12-07,0.9416199922561646
2023-12-08,0.9446600079536438
2023-12-11,0.9469199776649475
2023-12-12,0.9453999996185303
2023-12-13,0.9449700117111206
2023-12-14,0.9478499889373779
2023-12-15,0.9532600045204163
2023-12-18,0.9485700130462646
2023-12-19,0.9471799731254578
2023-12-20,0.9451000094413757
2023-12-21,0.9440199732780457
2023-12-22,0.9423900246620178
2023-12-25,0.9422199726104736
2023-12-26,0.9431700110435486
2023-12-27,0.9426900148391724
2023-12-28,0.9358000159263611
2023-12-29,0.933459997177124
2024-01-01,0.9283699989318848
2024-01-02,0.9291700124740601
2024-01-03,0.9302499890327454
2024-01-04,0.9276999831199646
2024-01-05,0.9305999875068665
2024-01-08,0.9308300018310547
2024-01-09,0.9286999702453613
2024-01-10,0.931850016117096
2024-01-11,0.9333800077438354
2024-01-12,0.934499979019165
2024-01-15,0.9339600205421448
2024-01-16,0.9369099736213684
2024-01-17,0.9371799826622009
2024-01-18,0.9408000111579895
2024-01-19,0.944350004196167
2024-01-22,0.9459199905395508
2024-01-23,0.945389986038208
2024-01-24,0.9441999793052673
2024-01-25,0.9390699863433838
2024-01-26,0.9403600096702576
2024-01-29,0.9369800090789795
2024-01-30,0.933139979839325
2024-01-31,0.934499979019165
2024-02-01,0.9316200017929077
2024-02-02,0.9326000213623047
2024-02-05,0.9345800280570984
2024-02-06,0.9352399706840515
2024-02-07,0.9352800250053406
2024-02-08,0.9419699907302856
2024-02-09,0.9412999749183655
2024-02-12,0.9439100027084351
2024-02-13,0.9433000087738037
2024-02-14,0.9502800107002258
2024-02-15,0.9498999714851379
2024-02-16,0.9478499889373779
2024-02-19,0.9497500061988831
2024-02-20,0.9512500166893005
2024-02-21,0.9532999992370605
2024-02-22,0.9513499736785889
2024-02-23,0.9526799917221069
2024-02-26,0.95346999168396
2024-02-27,0.9548199772834778
2024-02-28,0.953000009059906
2024-02-29,0.9523100256919861
2024-03-01,0.9557099938392639
2024-03-04,0.9577100276947021
2024-03-05,0.9607999920845032
2024-03-06,0.9591599702835083
2024-03-07,0.9614400267601013
2024-03-08,0.9606999754905701
2024-03-11,0.9602299928665161
2024-03-12,0.9589999914169312
2024-03-13,0.9587000012397766
2024-03-14,0.9620800018310547
2024-03-15,0.9623399972915649
2024-03-18,0.9615600109100342
2024-03-19,0.9650300145149231
2024-03-20,0.9652199745178223
2024-03-21,0.9685800075531006
2024-03-22,0.9750000238418579
2024-03-25,0.9700899720191956
2024-03-26,0.9748499989509583
2024-03-27,0.9788399934768677
2024-03-28,0.979200005531311
2024-03-29,0.9724000096321106
2024-03-31,0.9734600186347961
2024-04-01,0.9717400074005127
2024-04-02,0.9775500297546387
2024-04-03,0.9785900115966797
2024-04-04,0.9769399762153625
2024-04-07,0.9779999852180481
2024-04-08,0.9830300211906433
2024-04-09,0.9805899858474731
2024-04-10,0.9807199835777283
2024-04-11,0.9759200215339661
2024-04-14,0.9729599952697754
2024-04-15,0.9688100218772888
2024-04-16,0.9692400097846985
2024-04-17,0.9715499877929688
2024-04-18,0.9711300134658813
2024-04-21,0.9709600210189819
2024-04-22,0.9714999794960022
2024-04-23,0.9757800102233887
2024-04-24,0.9783899784088135
2024-04-25,0.9789299964904785
2024-04-28,0.9782999753952026
2024-04-29,0.9760000109672546
2024-04-30,0.9807800054550171
2024-05-01,0.9821699857711792
2024-05-02,0.976170003414154
2024-05-05,0.974590003490448
2024-05-06,0.9762300252914429
2024-05-07,0.9767699837684631
2024-05-08,0.9757800102233887
2024-05-09,0.9766899943351746
2024-05-12,0.9762600064277649
2024-05-13,0.9797999858856201
2024-05-14,0.9806200265884399
2024-05-15,0.9806200265884399
2024-05-16,0.9846500158309937
2024-05-19,0.9882100224494934
2024-05-20,0.9883999824523926
2024-05-21,0.9890999794006348
2024-05-22,0.9907000064849854
2024-05-23,0.9886500239372253
2024-05-26,0.991890013217926
2024-05-27,0.9919000267982483
2024-05-28,0.9900400042533875
2024-05-29,0.9862800240516663
2024-05-30,0.9784799814224243
2024-06-02,0.9781799912452698
2024-06-03,0.9762300252914429
2024-06-04,0.968500018119812
2024-06-05,0.9706400036811829
2024-06-06,0.968999981880188
2024-06-09,0.9659600257873535
2024-06-10,0.9650200009346008
2024-06-11,0.9642199873924255
2024-06-12,0.966949999332428
2024-06-13,0.9599300026893616
2024-06-16,0.953249990940094
2024-06-17,0.9541100263595581
2024-06-18,0.9495999813079834
2024-06-19,0.9505100250244141
2024-06-20,0.9543700218200684
2024-06-23,0.9559000134468079
2024-06-24,0.9585999846458435
2024-06-25,0.9587799906730652
2024-06-26,0.9579799771308899
2024-06-27,0.9621999859809875
2024-06-30,0.9664499759674072
2024-07-01,0.9697399735450745
2024-07-02,0.971310019493103
2024-07-03,0.972100019454956
2024-07-04,0.9731699824333191
2024-07-07,0.9691699743270874
2024-07-08,0.9723399877548218
2024-07-09,0.9706199765205383
2024-07-10,0.9741700291633606
2024-07-11,0.9742299914360046
2024-07-14,0.9761999845504761
2024-07-15,0.9758999943733215
2024-07-16,0.9738699793815613
2024-07-17,0.9650700092315674
2024-07-18,0.9673200249671936
2024-07-21,0.9678300023078918
2024-07-22,0.9686999917030334
2024-07-23,0.9672499895095825
2024-07-24,0.9592499732971191
2024-07-25,0.9556599855422974
2024-07-28,0.9598699808120728
2024-07-29,0.9586799740791321
2024-07-30,0.9539899826049805
2024-07-31,0.9504799842834473
2024-08-01,0.941569983959198
2024-08-04,0.9340400099754333
2024-08-05,0.9360799789428711
2024-08-06,0.9315000176429749
2024-08-07,0.9389299750328064
2024-08-08,0.9462599754333496
2024-08-11,0.9440199732780457
2024-08-12,0.9457100033760071
2024-08-13,0.9514099955558777
2024-08-14,0.9524800181388855
2024-08-15,0.9574099779129028
2024-08-18,0.9564800262451172
2024-08-19,0.956250011920929
2024-08-20,0.9498900175094604
2024-08-21,0.9494199752807617
2024-08-22,0.9468500018119812
2024-08-25,0.9479399919509888
2024-08-26,0.9457399845123291
2024-08-27,0.9407399892807007
2024-08-28,0.936489999294281
2024-08-29,0.9384099841117859
2024-09-01,0.939520001411438
2024-09-02,0.9422199726104736
2024-09-03,0.9390699863433838
2024-09-04,0.9374300241470337
2024-09-05,0.9375399947166443
2024-09-08,0.935670018196106
2024-09-09,0.9373000264167786
2024-09-10,0.9330400228500366
2024-09-11,0.9387999773025513
2024-09-12,0.9414600133895874
2024-09-15,0.9402400255203247
2024-09-16,0.9400100111961365
2024-09-17,0.94132000207901
2024-09-18,0.9416599869728088
2024-09-19,0.9460999965667725
2024-09-22,0.9495400190353394
2024-09-23,0.9414899945259094
2024-09-24,0.9417600035667419
2024-09-25,0.9467700123786926
2024-09-26,0.945900022983551
2024-09-29,0.9395700097084045
2024-09-30,0.9413400292396545
2024-10-01,0.9363200068473816
2024-10-02,0.9388599991798401
2024-10-03,0.9400100111961365
2024-10-06,0.942110002040863
2024-10-07,0.9378399848937988
2024-10-08,0.9409000277519226
2024-10-09,0.9415000081062317
2024-10-10,0.9365599751472473
2024-10-13,0.9374899864196777
2024-10-14,0.9406599998474121
2024-10-15,0.9387400150299072
2024-10-16,0.939740002155304
2024-10-17,0.9377700090408325
2024-10-20,0.9400299787521362
2024-10-21,0.9360600113868713
2024-10-22,0.934469997882843
2024-10-23,0.9341999888420105
2024-10-24,0.9372100234031677
2024-10-28,0.9375900030136108
2024-10-29,0.9354699850082397
2024-10-30,0.9383500218391418
2024-10-31,0.9408100247383118
2024-11-01,0.9398699998855591
2024-11-04,0.9434199929237366
2024-11-05,0.9397000074386597
2024-11-06,0.9429600238800049
2024-11-07,0.9397299885749817
2024-11-08,0.9421300292015076
2024-11-11,0.9385899901390076
2024-11-12,0.9385300278663635
2024-11-13,0.9366000294685364
2024-11-14,0.93572998046875
2024-11-15,0.9376000165939331
2024-11-18,0.9360799789428711
2024-11-19,0.9357100129127502
2024-11-20,0.9355999827384949
2024-11-21,0.9319000244140625
2024-11-22,0.9284399747848511
2024-11-25,0.9331499934196472
2024-11-26,0.9282900094985962
2024-11-27,0.9297599792480469
2024-11-28,0.931879997253418
2024-11-29,0.931850016117096
2024-12-02,0.9300500154495239
2024-12-03,0.9306600093841553
2024-12-04,0.9315900206565857
2024-12-05,0.9289900064468384
2024-12-06,0.9297900199890137
2024-12-09,0.9283000230789185
2024-12-10,0.927299976348877
2024-12-11,0.9295899868011475
2024-12-12,0.9279099702835083
2024-12-13,0.9340100288391113
2024-12-16,0.9372000098228455
2024-12-17,0.9401800036430359
2024-12-18,0.9366199970245361
2024-12-19,0.9332500100135803
2024-12-20,0.9317200183868408
2024-12-23,0.931689977645874
2024-12-24,0.9348599910736084
2024-12-25,0.9387000203132629
2024-12-26,0.9352499842643738
2024-12-27,0.9368299841880798
2024-12-30,0.9405199885368347
2024-12-31,0.9398999810218811
2025-01-02,0.9396399855613708
2025-01-03,0.9364100098609924
2025-01-06,0.937030017375946
2025-01-07,0.9398199915885925
2025-01-08,0.9406800270080566
2025-01-09,0.9395700097084045
2025-01-10,0.9391499757766724
2025-01-13,0.9391199946403503
2025-01-14,0.9399799704551697
2025-01-15,0.9403899908065796
2025-01-16,0.9390000104904175
2025-01-17,0.9386600255966187
2025-01-20,0.9399600028991699
2025-01-21,0.9441400170326233
2025-01-22,0.9434400200843811
2025-01-23,0.9432899951934814
2025-01-24,0.9451799988746643
2025-01-27,0.9492200016975403
2025-01-28,0.9442200064659119
2025-01-29,0.9428799748420715
2025-01-30,0.9447699785232544
2025-01-31,0.945609986782074
2025-02-03,0.9377800226211548
2025-02-04,0.9413899779319763
2025-02-05,0.9389399886131287
2025-02-06,0.9374200105667114
2025-02-07,0.9399300217628479
2025-02-10,0.939079999923706
2025-02-11,0.938730001449585
2025-02-12,0.9462299942970276
2025-02-13,0.9491199851036072
2025-02-14,0.9448999762535095
2025-02-17,0.9438300132751465
2025-02-18,0.9443699717521667
2025-02-19,0.9440600275993347
2025-02-20,0.9425299763679504
2025-02-21,0.9429900050163269
2025-02-24,0.9410600066184998
2025-02-25,0.9386900067329407
2025-02-26,0.9388499855995178
2025-02-27,0.9380099773406982
2025-02-28,0.9354199767112732
2025-03-03,0.9398599863052368
2025-03-04,0.9402099847793579
2025-03-05,0.9451299905776978
2025-03-06,0.961430013179779
2025-03-07,0.9528200030326843
2025-03-10,0.9528200030326843
2025-03-11,0.9537799954414368
2025-03-12,0.964139997959137
2025-03-13,0.959850013256073
2025-03-14,0.9580600261688232
2025-03-17,0.9619500041007996
2025-03-18,0.9621800184249878
2025-03-19,0.9589800238609314
2025-03-20,0.9563999772071838
2025-03-21,0.9569299817085266
2025-03-24,0.9566699862480164
2025-03-25,0.9535899758338928
2025-03-26,0.9520999789237976
2025-03-27,0.949720025062561
2025-03-28,0.9521099925041199
2025-03-30,0.9534000158309937
2025-03-31,0.9561100006103516
2025-04-01,0.9539399743080139
2025-04-02,0.956089973449707
2025-04-03,0.9488300085067749
2025-04-06,0.9353500008583069
2025-04-07,0.9383500218391418
2025-04-08,0.9285500049591064
2025-04-09,0.9367899894714355
2025-04-10,0.92399001121521
2025-04-13,0.9279000163078308
2025-04-14,0.9252499938011169
2025-04-15,0.9268500208854675
2025-04-16,0.9273999929428101
2025-04-21,0.9313700199127197
2025-04-22,0.9376800060272217
2025-04-23,0.9399200081825256
2025-04-24,0.9423499703407288
2025-04-27,0.9397100210189819
2025-04-28,0.9368500113487244
2025-04-29,0.9377599954605103
2025-04-30,0.9353100061416626
2025-05-01,0.9364299774169922
2025-05-04,0.9330899715423584
2025-05-05,0.9298800230026245
2025-05-06,0.9364399909973145
2025-05-07,0.9315000176429749
2025-05-08,0.9335700273513794
2025-05-11,0.9362499713897705
2025-05-12,0.9373900294303894
2025-05-13,0.938979983329773
2025-05-14,0.9406999945640564
2025-05-15,0.9343000054359436
2025-05-18,0.9346100091934204
2025-05-19,0.9379100203514099
2025-05-20,0.9331799745559692
2025-05-21,0.9348499774932861
2025-05-22,0.9345200061798096
2025-05-25,0.9352700114250183
2025-05-26,0.9342700242996216
2025-05-27,0.9378100037574768
2025-05-28,0.935230016708374
2025-05-29,0.9352099895477295
2025-06-01,0.9333900213241577
2025-06-02,0.9344499707221985
2025-06-03,0.9367700219154358
2025-06-04,0.9342600107192993
2025-06-05,0.9383100271224976
2025-06-08,0.9368199706077576
2025-06-09,0.9383900165557861
2025-06-10,0.9400799870491028
2025-06-11,0.9419800043106079
2025-06-12,0.9384999871253967
2025-06-15,0.9365000128746033
2025-06-16,0.9399099946022034
2025-06-17,0.9379199743270874
2025-06-18,0.9399099946022034
2025-06-19,0.9396700263023376
2025-06-22,0.9404199719429016
2025-06-23,0.9424800276756287
2025-06-24,0.9349200129508972
2025-06-25,0.9390599727630615
2025-06-26,0.9362999796867371
2025-06-29,0.9361100196838379
2025-06-30,0.934440016746521
2025-07-01,0.9334099888801575
2025-07-02,0.9341800212860107
2025-07-03,0.9347299933433533
2025-07-06,0.9355999827384949
2025-07-07,0.9355199933052063
2025-07-08,0.9330700039863586
2025-07-09,0.9301699995994568
2025-07-10,0.9322400093078613
2025-07-13,0.9307699799537659
2025-07-14,0.9308000206947327
2025-07-15,0.9302099943161011
2025-07-16,0.93190997838974
2025-07-17,0.9325500130653381
2025-07-20,0.9317899942398071
2025-07-21,0.9333199858665466
2025-07-22,0.9316200017929077
2025-07-23,0.9326000213623047
2025-07-24,0.9344099760055542
2025-07-27,0.9350200295448303
2025-07-28,0.9314699769020081
2025-07-29,0.9303699731826782
2025-07-30,0.929390013217926
2025-07-31,0.9296600222587585
2025-08-03,0.9315400123596191
2025-08-04,0.9348899722099304
2025-08-05,0.9343100190162659
2025-08-06,0.9400299787521362
2025-08-07,0.9407100081443787
2025-08-10,0.940530002117157
2025-08-11,0.9432200193405151
2025-08-12,0.94132000207901
2025-08-13,0.9423999786376953
2025-08-14,0.9409000277519226
2025-08-17,0.9441699981689453
2025-08-18,0.9420400261878967
2025-08-19,0.9404100179672241
2025-08-20,0.9368399977684021
2025-08-21,0.9390400052070618
2025-08-24,0.9393699765205383
2025-08-25,0.9363600015640259
2025-08-26,0.93545001745224
2025-08-27,0.9335700273513794
2025-08-28,0.9363099932670593
2025-08-31,0.9358999729156494
2025-09-01,0.9373999834060669
2025-09-02,0.9368199706077576
2025-09-03,0.937250018119812
2025-09-04,0.9384700059890747
2025-09-07,0.9360600113868713
2025-09-08,0.9330099821090698
2025-09-09,0.9332000017166138
2025-09-10,0.9346399903297424
2025-09-11,0.933929979801178
2025-09-14,0.9341700077056885
2025-09-15,0.934719979763031
2025-09-16,0.932919979095459
2025-09-17,0.9322199821472168
2025-09-18,0.934249997138977
2025-09-21,0.9344599843025208
2025-09-22,0.9350500106811523
2025-09-23,0.9349700212478638
2025-09-24,0.9332600235939026
2025-09-25,0.9330300092697144
2025-09-28,0.933489978313446
2025-09-29,0.9353700280189514
2025-09-30,0.9345399737358093
2025-10-01,0.9350200295448303
2025-10-02,0.934499979019165
2025-10-05,0.9336400032043457
2025-10-06,0.930840015411377
2025-10-07,0.930649995803833
2025-10-08,0.9320700168609619
2025-10-09,0.9323899745941162
2025-10-12,0.9308099746704102
2025-10-13,0.930180013179779
2025-10-14,0.92985999584198
2025-10-15,0.9276300072669983
2025-10-16,0.9263499975204468
2025-10-19,0.9250100255012512
2025-10-20,0.9226899743080139
2025-10-21,0.9241300225257874
2025-10-22,0.9240599870681763
2025-10-23,0.9236500263214111
2025-10-27,0.9258800148963928
2025-10-28,0.9257799983024597
2025-10-29,0.9240999817848206
2025-10-30,0.9282900094985962
2025-10-31,0.9275599718093872
2025-11-03,0.9278200268745422
2025-11-04,0.9308900237083435
2025-11-05,0.9305999875068665
2025-11-06,0.930869996547699
2025-11-07,0.9309099912643433
2025-11-10,0.9316200017929077
2025-11-11,0.9304599761962891
2025-11-12,0.927299976348877
2025-11-13,0.9247499704360962
2025-11-14,0.9225299954414368
2025-11-17,0.9225000143051147
2025-11-18,0.922819972038269
2025-11-19,0.9266200065612793
2025-11-20,0.9293599724769592
2025-11-21,0.9290400147438049
2025-11-24,0.9305999875068665
2025-11-25,0.9314299821853638
2025-11-26,0.9343600273132324
2025-11-27,0.9321600198745728
2025-11-28,0.9332699775695801
2025-12-01,0.9319300055503845
2025-12-02,0.9340400099754333
2025-12-03,0.9337000250816345
2025-12-04,0.9330099821090698
2025-12-05,0.9357600212097168
2025-12-08,0.9368100166320801
2025-12-09,0.938979983329773
2025-12-10,0.9371899962425232
2025-12-11,0.9352800250053406
2025-12-12,0.9329800009727478
2025-12-15,0.9344199895858765
2025-12-16,0.9356300234794617
2025-12-17,0.9342799782752991
2025-12-18,0.9336599707603455
2025-12-19,0.9309399724006653
2025-12-22,0.931659996509552
2025-12-23,0.9310799837112427
2025-12-24,0.9287800192832947
2025-12-26,0.9286800026893616
2025-12-29,0.9290000200271606
2025-12-30,0.9287700057029724
2025-12-31,0.9300600290298462
2026-01-02,0.9306100010871887
2026-01-05,0.9285799860954285
2026-01-06,0.9279199838638306
2026-01-07,0.9299700260162354
2026-01-08,0.9314000010490417
2026-01-09,0.9315999746322632
2026-01-12,0.931659996509552
2026-01-13,0.9302300214767456
2026-01-14,0.9325900077819824
2026-01-15,0.9313099980354309
2026-01-16,0.932669997215271
2026-01-19,0.9284399747848511
2026-01-20,0.9286400079727173
2026-01-21,0.9259799718856812
2026-01-22,0.9295399785041809
2026-01-23,0.9274299740791321
2026-01-26,0.9224299788475037
2026-01-27,0.923009991645813
2026-01-28,0.9171000123023987
2026-01-29,0.917110025882721
2026-01-30,0.9146599769592285
2026-02-02,0.9165499806404114
2026-02-03,0.9190700054168701
2026-02-04,0.9165599942207336
2026-02-05,0.9172700047492981
2026-02-06,0.915910005569458
2026-02-09,0.9174000024795532
2026-02-10,0.9131799936294556
2026-02-11,0.9137300252914429
2026-02-12,0.9157800078392029
2026-02-13,0.9132599830627441
2026-02-16,0.911620020866394
2026-02-17,0.912060022354126
2026-02-18,0.9127799868583679
2026-02-19,0.9105499982833862
2026-02-20,0.9124900102615356
2026-02-23,0.9132300019264221
2026-02-24,0.913070023059845
2026-02-25,0.9110199809074402
2026-02-26,0.9122300148010254
2026-02-27,0.9125699996948242
2026-03-02,0.9048600196838379
2026-03-03,0.9107400178909302
2026-03-04,0.9078900218009949
2026-03-05,0.9064800143241882
2026-03-06,0.9061700105667114
2026-03-09,0.9001200199127197
2026-03-10,0.9036300182342529
2026-03-11,0.9039899706840515
2026-03-12,0.9023200273513794
2026-03-13,0.9047799706459045
2026-03-16,0.9032300114631653
2026-03-17,0.9061700105667114
2026-03-18,0.9057400226593018
2026-03-19,0.9086300134658813
2026-03-20,0.9132000207901001
2026-03-23,0.9107300043106079
2026-03-24,0.913070023059845
2026-03-25,0.9152100086212158
2026-03-26,0.915120005607605
2026-03-27,0.9166399836540222
2026-03-29,0.9190800189971924
2026-03-30,0.9163900017738342
2026-03-31,0.9232000112533569
2026-04-01,0.9202100038528442
2026-04-02,0.9217100143432617
2026-04-05,0.9220499992370605
2026-04-06,0.9210799932479858
2026-04-07,0.9236699938774109
2026-04-08,0.9226700067520142
2026-04-09,0.9246000051498413
2026-04-12,0.92535001039505
2026-04-13,0.9215400218963623
2026-04-14,0.9213200211524963
2026-04-15,0.9224399924278259
2026-04-16,0.9225999712944031
2026-04-19,0.9200000166893005
2026-04-20,0.9174100160598755
2026-04-21,0.9166399836540222
2026-04-22,0.9186499714851379
2026-04-23,0.9186000227928162
2026-04-26,0.9205999970436096
2026-04-27,0.9205800294876099
2026-04-28,0.9244800209999084
2026-04-29,0.923799991607666
2026-04-30,0.9167400002479553
2026-05-03,0.9159700274467468
2026-05-04,0.9165300130844116
2026-05-05,0.9154000282287598
2026-05-06,0.9149199724197388
2026-05-07,0.9154800176620483
2026-05-10,0.9151800274848938
2026-05-11,0.9165700078010559
2026-05-12,0.91593998670578
2026-05-13,0.9157800078392029
2026-05-14,0.9145100116729736
2026-05-17,0.914330005645752
2026-05-18,0.9142699837684631
2026-05-19,0.9155200123786926
2026-05-20,0.9149799942970276
2026-05-21,0.9136000275611877
2026-05-24,0.9106699824333191
2026-05-25,0.911300003528595
2026-05-26,0.9135900139808655
2026-05-27,0.9150999784469604
2026-05-28,0.9132900238037109
2026-05-31,0.9107400178909302
2026-06-01,0.9147999882698059
2026-06-02,0.9160799980163574
2026-06-03,0.9183300137519836
2026-06-04,0.9164000153541565
2026-06-07,0.9176899790763855
2026-06-08,0.9201099872589111
2026-06-09,0.9217299818992615
2026-06-10,0.922760009765625
2026-06-11,0.9203299880027771
2026-06-14,0.9211699962615967
2026-06-15,0.9208999872207642
2026-06-16,0.9207500219345093
2026-06-17,0.9198600053787231
2026-06-18,0.9222599864006042
2026-06-21,0.9261500239372253
2026-06-22,0.9241999983787537
2026-06-23,0.9213299751281738
2026-06-24,0.922569990158081
2026-06-25,0.921019971370697
2026-06-28,0.9222400188446045
2026-06-29,0.9223999977111816
2026-07-01,0.9228699803352356
