,GBP
2016-06-30,1.3006000518798828
2016-07-03,1.2941999435424805
2016-07-04,1.2890000343322754
2016-07-05,1.2654199600219727
2016-07-06,1.2596999406814575
2016-07-07,1.2638599872589111
2016-07-10,1.2725800275802612
2016-07-11,1.2752000093460083
2016-07-12,1.3131099939346313
2016-07-13,1.2910900115966797
2016-07-14,1.3104000091552734
2016-07-17,1.3012700080871582
2016-07-18,1.3035900592803955
2016-07-19,1.2922500371932983
2016-07-20,1.3076599836349487
2016-07-21,1.303879976272583
2016-07-24,1.2971500158309937
2016-07-25,1.292099952697754
2016-07-26,1.3045300245285034
2016-07-27,1.3032200336456299
2016-07-28,1.28889000415802
2016-07-31,1.2809499502182007
2016-08-01,1.2761499881744385
2016-08-02,1.2866699695587158
2016-08-03,1.2962299585342407
2016-08-04,1.2782299518585205
2016-08-07,1.2828500270843506
2016-08-08,1.2806899547576904
2016-08-09,1.2762900590896606
2016-08-10,1.2677199840545654
2016-08-11,1.262760043144226
2016-08-14,1.2580900192260742
2016-08-15,1.253250002861023
2016-08-16,1.2531399726867676
2016-08-17,1.2539399862289429
2016-08-18,1.2562999725341797
2016-08-21,1.2556899785995483
2016-08-22,1.2639700174331665
2016-08-23,1.2711299657821655
2016-08-24,1.28016996383667
2016-08-25,1.2756999731063843
2016-08-28,1.2836300134658813
2016-08-29,1.2813999652862549
2016-08-30,1.286910057067871
2016-08-31,1.2916500568389893
2016-09-01,1.300570011138916
2016-09-04,1.3029600381851196
2016-09-05,1.3044699430465698
2016-09-06,1.301650047302246
2016-09-07,1.2934999465942383
2016-09-08,1.2932100296020508
2016-09-11,1.2939399480819702
2016-09-12,1.2956299781799316
2016-09-13,1.288699984550476
2016-09-14,1.2908600568771362
2016-09-15,1.2862999439239502
2016-09-18,1.274839997291565
2016-09-19,1.2773900032043457
2016-09-20,1.2710800170898438
2016-09-21,1.2684500217437744
2016-09-22,1.2678799629211426
2016-09-25,1.257789969444275
2016-09-26,1.2564200162887573
2016-09-27,1.2627099752426147
2016-09-28,1.2649999856948853
2016-09-29,1.2524000406265259
2016-10-02,1.256700038909912
2016-10-03,1.2518099546432495
2016-10-04,1.2455699443817139
2016-10-05,1.2421000003814697
2016-10-06,1.215000033378601
2016-10-09,1.2155200242996216
2016-10-10,1.2117700576782227
2016-10-11,1.2122700214385986
2016-10-12,1.2065000534057617
2016-10-13,1.2058600187301636
2016-10-16,1.2061400413513184
2016-10-17,1.207129955291748
2016-10-18,1.2180700302124023
2016-10-19,1.2156200408935547
2016-10-20,1.2162100076675415
2016-10-23,1.2143000364303589
2016-10-24,1.2143399715423584
2016-10-25,1.2109500169754028
2016-10-26,1.2151999473571777
2016-10-27,1.2093100547790527
2016-10-31,1.2057900428771973
2016-11-01,1.2102899551391602
2016-11-02,1.1931699514389038
2016-11-03,1.1971900463104248
2016-11-04,1.2144999504089355
2016-11-07,1.2164000272750854
2016-11-08,1.207550048828125
2016-11-09,1.2130000591278076
2016-11-10,1.222540020942688
2016-11-11,1.239240050315857
2016-11-14,1.2439700365066528
2016-11-15,1.248170018196106
2016-11-16,1.2469700574874878
2016-11-17,1.2450499534606934
2016-11-18,1.2497999668121338
2016-11-21,1.2458300590515137
2016-11-22,1.2589399814605713
2016-11-23,1.255769968032837
2016-11-24,1.2646700143814087
2016-11-25,1.265910029411316
2016-11-28,1.2634899616241455
2016-11-29,1.2560499906539917
2016-11-30,1.2634899616241455
2016-12-01,1.2726999521255493
2016-12-02,1.2719999551773071
2016-12-05,1.2845699787139893
2016-12-06,1.2813600301742554
2016-12-07,1.2795000076293945
2016-12-08,1.2712299823760986
2016-12-09,1.2780499458312988
2016-12-12,1.2823100090026855
2016-12-13,1.2841399908065796
2016-12-14,1.2809900045394897
2016-12-15,1.2810900211334229
2016-12-16,1.279129981994629
2016-12-19,1.282099962234497
2016-12-20,1.2723499536514282
2016-12-21,1.2720400094985962
2016-12-22,1.2678899765014648
2016-12-23,1.2596900463104248
2016-12-26,1.2607200145721436
2016-12-27,1.2603700160980225
2016-12-28,1.2613500356674194
2016-12-29,1.2567700147628784
2016-12-30,1.2494200468063354
2017-01-02,1.2569700479507446
2017-01-03,1.2575700283050537
2017-01-04,1.2560399770736694
2017-01-05,1.2571200132369995
2017-01-06,1.2540899515151978
2017-01-09,1.247040033340454
2017-01-10,1.2341500520706177
2017-01-11,1.2374600172042847
2017-01-12,1.2370799779891968
2017-01-13,1.2289799451828003
2017-01-16,1.215559959411621
2017-01-17,1.2172800302505493
2017-01-18,1.2423100471496582
2017-01-19,1.2354300022125244
2017-01-20,1.2414000034332275
2017-01-23,1.2395000457763672
2017-01-24,1.2481000423431396
2017-01-25,1.2545000314712524
2017-01-26,1.2620899677276611
2017-01-27,1.2592799663543701
2017-01-30,1.2559000253677368
2017-01-31,1.2429200410842896
2017-02-01,1.2449400424957275
2017-02-02,1.2568299770355225
2017-02-03,1.242400050163269
2017-02-06,1.2386599779129028
2017-02-07,1.235949993133545
2017-02-08,1.2467299699783325
2017-02-09,1.2467700242996216
2017-02-10,1.2514400482177734
2017-02-13,1.2538100481033325
2017-02-14,1.2590399980545044
2017-02-15,1.2547600269317627
2017-02-16,1.2527199983596802
2017-02-17,1.245300054550171
2017-02-20,1.245650053024292
2017-02-21,1.2511999607086182
2017-02-22,1.2600799798965454
2017-02-23,1.258929967880249
2017-02-24,1.2631399631500244
2017-02-27,1.2507599592208862
2017-02-28,1.2554899454116821
2017-03-01,1.2458100318908691
2017-03-02,1.2397300004959106
2017-03-03,1.243530035018921
2017-03-06,1.239300012588501
2017-03-07,1.2386599779129028
2017-03-08,1.236199975013733
2017-03-09,1.2348099946975708
2017-03-10,1.23048996925354
2017-03-13,1.2285799980163574
2017-03-14,1.2295000553131104
2017-03-15,1.2270300388336182
2017-03-16,1.2280299663543701
2017-03-17,1.2298699617385864
2017-03-20,1.2351000308990479
2017-03-21,1.2353800535202026
2017-03-22,1.2397899627685547
2017-03-23,1.237470030784607
2017-03-24,1.2431399822235107
2017-03-26,1.236340045928955
2017-03-27,1.2376999855041504
2017-03-28,1.2321499586105347
2017-03-29,1.2397099733352661
2017-03-30,1.2482099533081055
2017-04-02,1.25655996799469
2017-04-03,1.2509900331497192
2017-04-04,1.245859980583191
2017-04-05,1.253100037574768
2017-04-06,1.253350019454956
2017-04-09,1.2490400075912476
2017-04-10,1.2522900104522705
2017-04-11,1.2577400207519531
2017-04-12,1.257449984550476
2017-04-13,1.2568999528884888
2017-04-16,1.2596299648284912
2017-04-17,1.260890007019043
2017-04-18,1.2796299457550049
2017-04-19,1.2752900123596191
2017-04-20,1.2786400318145752
2017-04-23,1.2733900547027588
2017-04-24,1.2722400426864624
2017-04-25,1.2747600078582764
2017-04-26,1.275730013847351
2017-04-27,1.2820199728012085
2017-04-30,1.2854000329971313
2017-05-01,1.2838000059127808
2017-05-02,1.2824300527572632
2017-05-03,1.2793999910354614
2017-05-04,1.2744899988174438
2017-05-07,1.283310055732727
2017-05-08,1.2917399406433105
2017-05-09,1.303380012512207
2017-05-10,1.3044999837875366
2017-05-11,1.2989599704742432
2017-05-14,1.2896499633789062
2017-05-15,1.2844300270080566
2017-05-16,1.271239995956421
2017-05-17,1.2697299718856812
2017-05-18,1.2690000534057617
2017-05-21,1.2657999992370605
2017-05-22,1.2644799947738647
2017-05-23,1.264840006828308
2017-05-24,1.2620400190353394
2017-05-25,1.2582000494003296
2017-05-28,1.2492200136184692
2017-05-29,1.254699945449829
2017-05-30,1.2496999502182007
2017-05-31,1.246269941329956
2017-06-01,1.2514599561691284
2017-06-04,1.2391200065612793
2017-06-05,1.245300054550171
2017-06-06,1.2418999671936035
2017-06-07,1.250380039215088
2017-06-08,1.2329000234603882
2017-06-11,1.2342000007629395
2017-06-12,1.2275999784469604
2017-06-13,1.2347999811172485
2017-06-14,1.23881995677948
2017-06-15,1.2438000440597534
2017-06-18,1.2430000305175781
2017-06-19,1.2424900531768799
2017-06-20,1.2310600280761719
2017-06-21,1.2325400114059448
2017-06-22,1.231950044631958
2017-06-25,1.2350399494171143
2017-06-26,1.2370500564575195
2017-06-27,1.2305799722671509
2017-06-28,1.2414000034332275
2017-06-29,1.2431600093841553
2017-07-02,1.2479599714279175
2017-07-03,1.2470999956130981
2017-07-04,1.24714994430542
2017-07-05,1.2469600439071655
2017-07-06,1.2452800273895264
2017-07-09,1.2419999837875366
2017-07-11,1.238669991493225
2017-07-12,1.2441600561141968
2017-07-13,1.2517900466918945
2017-07-16,1.2626999616622925
2017-07-17,1.2567399740219116
2017-07-18,1.245169997215271
2017-07-19,1.24399995803833
2017-07-20,1.233299970626831
2017-07-23,1.2284400463104248
2017-07-24,1.234279990196228
2017-07-25,1.2409800291061401
2017-07-26,1.2475800514221191
2017-07-27,1.2598999738693237
2017-07-30,1.2737699747085571
2017-07-31,1.2762500047683716
2017-08-01,1.2749700546264648
2017-08-02,1.2837799787521362
2017-08-03,1.2720400094985962
2017-08-06,1.268839955329895
2017-08-07,1.2687000036239624
2017-08-08,1.263450026512146
2017-08-09,1.2537399530410767
2017-08-10,1.2479599714279175
2017-08-13,1.251979947090149
2017-08-14,1.2606099843978882
2017-08-15,1.251039981842041
2017-08-16,1.2442400455474854
2017-08-17,1.2379300594329834
2017-08-20,1.2430000305175781
2017-08-21,1.2410099506378174
2017-08-22,1.2420300245285034
2017-08-23,1.2349400520324707
2017-08-24,1.2353999614715576
2017-08-27,1.2327100038528442
2017-08-28,1.2310400009155273
2017-08-29,1.2348599433898926
2017-08-30,1.2449899911880493
2017-08-31,1.2414000034332275
2017-09-03,1.2454899549484253
2017-09-04,1.239050030708313
2017-09-05,1.2436599731445312
2017-09-06,1.2466000318527222
2017-09-07,1.2441600561141968
2017-09-10,1.2503199577331543
2017-09-11,1.2590999603271484
2017-09-12,1.2753000259399414
2017-09-13,1.272420048713684
2017-09-14,1.2878799438476562
2017-09-17,1.303920030593872
2017-09-18,1.2993600368499756
2017-09-19,1.3007400035858154
2017-09-20,1.3104699850082397
2017-09-21,1.3172600269317627
2017-09-24,1.311079978942871
2017-09-25,1.3021199703216553
2017-09-26,1.3032599687576294
2017-09-27,1.3020000457763672
2017-09-28,1.3034000396728516
2017-10-01,1.2964999675750732
2017-10-02,1.2933800220489502
2017-10-03,1.2883700132369995
2017-10-04,1.2905000448226929
2017-10-05,1.2826800346374512
2017-10-08,1.2792600393295288
2017-10-09,1.2873799800872803
2017-10-10,1.2872999906539917
2017-10-11,1.288140058517456
2017-10-12,1.2929999828338623
2017-10-15,1.294700026512146
2017-10-16,1.292549967765808
2017-10-17,1.290060043334961
2017-10-18,1.2960000038146973
2017-10-19,1.2834999561309814
2017-10-22,1.300510048866272
2017-10-23,1.2999999523162842
2017-10-24,1.300719976425171
2017-10-25,1.3123699426651
2017-10-26,1.310230016708374
2017-10-30,1.3105900287628174
2017-10-31,1.3140599727630615
2017-11-01,1.3259799480438232
2017-11-02,1.328629970550537
2017-11-03,1.3040000200271606
2017-11-06,1.3080999851226807
2017-11-07,1.314229965209961
2017-11-08,1.3149299621582031
2017-11-09,1.3109099864959717
2017-11-10,1.306399941444397
2017-11-13,1.307379961013794
2017-11-14,1.3070000410079956
2017-11-15,1.301740050315857
2017-11-17,1.3113000392913818
2017-11-20,1.3064899444580078
2017-11-21,1.315000057220459
2017-11-22,1.3122999668121338
2017-11-23,1.3078099489212036
2017-11-24,1.305999994277954
2017-11-27,1.3062399625778198
2017-11-28,1.307070016860962
2017-11-29,1.3151999711990356
2017-11-30,1.3206599950790405
2017-12-01,1.3309099674224854
2017-12-04,1.324970006942749
2017-12-05,1.3265899419784546
2017-12-06,1.324429988861084
2017-12-07,1.3245899677276611
2017-12-08,1.340999960899353
2017-12-11,1.3295999765396118
2017-12-12,1.3231600522994995
2017-12-13,1.3204799890518188
2017-12-14,1.3213399648666382
2017-12-15,1.3282999992370605
2017-12-18,1.3197400569915771
2017-12-19,1.3184499740600586
2017-12-20,1.319000005722046
2017-12-21,1.3186399936676025
2017-12-22,1.3224999904632568
2017-12-25,1.3217999935150146
2017-12-26,1.3225599527359009
2017-12-27,1.3234000205993652
2017-12-28,1.3211899995803833
2017-12-29,1.3151899576187134
2018-01-01,1.315999984741211
2018-01-02,1.3166999816894531
2018-01-03,1.3203999996185303
2018-01-04,1.3201500177383423
2018-01-05,1.3204400539398193
2018-01-08,1.3234599828720093
2018-01-09,1.3259999752044678
2018-01-10,1.3312599658966064
2018-01-11,1.320989966392517
2018-01-12,1.3210699558258057
2018-01-15,1.3293999433517456
2018-01-16,1.3286199569702148
2018-01-17,1.3232799768447876
2018-01-18,1.3342599868774414
2018-01-19,1.3318400382995605
2018-01-22,1.3353999853134155
2018-01-23,1.3451000452041626
2018-01-24,1.3403799533843994
2018-01-25,1.3453999757766724
2018-01-26,1.3324899673461914
2018-01-29,1.3208400011062622
2018-01-30,1.3191800117492676
2018-01-31,1.3227900266647339
2018-02-01,1.3222500085830688
2018-02-02,1.3209099769592285
2018-02-05,1.3137099742889404
2018-02-06,1.2982800006866455
2018-02-07,1.3063499927520752
2018-02-08,1.3081300258636475
2018-02-09,1.3028099536895752
2018-02-12,1.2990399599075317
2018-02-13,1.2997000217437744
2018-02-14,1.2983700037002563
2018-02-15,1.2998100519180298
2018-02-16,1.3004399538040161
2018-02-19,1.3007899522781372
2018-02-20,1.3003300428390503
2018-02-21,1.3107999563217163
2018-02-22,1.3054300546646118
2018-02-23,1.3015999794006348
2018-02-26,1.3087300062179565
2018-02-27,1.3107000589370728
2018-02-28,1.306149959564209
2018-03-01,1.29885995388031
2018-03-02,1.2966400384902954
2018-03-05,1.2925599813461304
2018-03-06,1.301200032234192
2018-03-07,1.3039100170135498
2018-03-08,1.3114999532699585
2018-03-09,1.3133399486541748
2018-03-12,1.3172399997711182
2018-03-13,1.3171199560165405
2018-03-14,1.3178999423980713
2018-03-15,1.3193299770355225
2018-03-16,1.3257999420166016
2018-03-19,1.3281999826431274
2018-03-20,1.3336800336837769
2018-03-21,1.3385800123214722
2018-03-22,1.3415900468826294
2018-03-23,1.3354899883270264
2018-03-25,1.3398100137710571
2018-03-26,1.345270037651062
2018-03-27,1.3416199684143066
2018-03-28,1.346750020980835
2018-03-29,1.3408299684524536
2018-04-01,1.3399300575256348
2018-04-02,1.3411999940872192
2018-04-03,1.3481800556182861
2018-04-04,1.3524500131607056
2018-04-05,1.347540020942688
2018-04-08,1.3515199422836304
2018-04-09,1.351199984550476
2018-04-10,1.3560999631881714
2018-04-11,1.3581899404525757
2018-04-12,1.3699100017547607
2018-04-15,1.3719700574874878
2018-04-16,1.3758000135421753
2018-04-17,1.381790041923523
2018-04-18,1.3753000497817993
2018-04-19,1.3683099746704102
2018-04-22,1.3662999868392944
2018-04-23,1.3632400035858154
2018-04-24,1.3695000410079956
2018-04-25,1.3693000078201294
2018-04-26,1.3765300512313843
2018-04-29,1.3604999780654907
2018-04-30,1.3640700578689575
2018-05-01,1.356160044670105
2018-05-02,1.3562099933624268
2018-05-03,1.3534899950027466
2018-05-06,1.3538899421691895
2018-05-07,1.359320044517517
2018-05-08,1.3567999601364136
2018-05-09,1.3617700338363647
2018-05-10,1.3559999465942383
2018-05-13,1.354889988899231
2018-05-14,1.3564499616622925
2018-05-15,1.3516000509262085
2018-05-16,1.3552500009536743
2018-05-17,1.3532500267028809
2018-05-20,1.3449100255966187
2018-05-21,1.3387000560760498
2018-05-22,1.333109974861145
2018-05-23,1.3291499614715576
2018-05-24,1.3264600038528442
2018-05-27,1.3202699422836304
2018-05-28,1.3224600553512573
2018-05-29,1.312980055809021
2018-05-30,1.313040018081665
2018-05-31,1.308750033378601
2018-06-03,1.3200000524520874
2018-06-04,1.3157399892807007
2018-06-05,1.319409966468811
2018-06-06,1.3232100009918213
2018-06-07,1.3157600164413452
2018-06-10,1.3208199739456177
2018-06-11,1.3189300298690796
2018-06-12,1.3196300268173218
2018-06-13,1.3174999952316284
2018-06-14,1.3214499950408936
2018-06-17,1.3242499828338623
2018-06-18,1.3180400133132935
2018-06-19,1.309440016746521
2018-06-20,1.3116999864578247
2018-06-21,1.3135099411010742
2018-06-24,1.3100500106811523
2018-06-25,1.310520052909851
2018-06-26,1.309939980506897
2018-06-27,1.307669997215271
2018-06-28,1.3042000532150269
2018-07-01,1.3075000047683716
2018-07-02,1.3050999641418457
2018-07-03,1.308709979057312
2018-07-04,1.3125
2018-07-05,1.3130899667739868
2018-07-08,1.3150999546051025
2018-07-09,1.313889980316162
2018-07-10,1.3157099485397339
2018-07-11,1.3147000074386597
2018-07-12,1.3213000297546387
2018-07-15,1.3255499601364136
2018-07-16,1.3192499876022339
2018-07-17,1.3108899593353271
2018-07-18,1.305899977684021
2018-07-19,1.3004800081253052
2018-07-22,1.3026100397109985
2018-07-23,1.301200032234192
2018-07-24,1.3064299821853638
2018-07-25,1.3079400062561035
2018-07-26,1.3026000261306763
2018-07-29,1.3031200170516968
2018-07-30,1.2977099418640137
2018-07-31,1.2991299629211426
2018-08-01,1.3015700578689575
2018-08-02,1.2956500053405762
2018-08-05,1.2930999994277954
2018-08-06,1.289430022239685
2018-08-07,1.2881200313568115
2018-08-08,1.2789000272750854
2018-08-09,1.2750699520111084
2018-08-12,1.2688000202178955
2018-08-13,1.2676000595092773
2018-08-14,1.2642600536346436
2018-08-15,1.2606300115585327
2018-08-16,1.2676000595092773
2018-08-19,1.268470048904419
2018-08-20,1.268180012702942
2018-08-21,1.270300030708313
2018-08-22,1.2685999870300293
2018-08-23,1.2632100582122803
2018-08-26,1.263100028038025
2018-08-27,1.2629499435424805
2018-08-28,1.256500005722046
2018-08-29,1.2647000551223755
2018-08-30,1.2601900100708008
2018-09-02,1.2525999546051025
2018-09-03,1.247189998626709
2018-09-04,1.2521599531173706
2018-09-05,1.2538299560546875
2018-09-06,1.247730016708374
2018-09-09,1.2522000074386597
2018-09-10,1.2695800065994263
2018-09-11,1.2662700414657593
2018-09-12,1.2655099630355835
2018-09-13,1.2667200565338135
2018-09-16,1.2640999555587769
2018-09-17,1.2654600143432617
2018-09-18,1.268839955329895
2018-09-19,1.271049976348877
2018-09-20,1.2723000049591064
2018-09-23,1.2533999681472778
2018-09-24,1.2650099992752075
2018-09-25,1.2719000577926636
2018-09-26,1.2710000276565552
2018-09-27,1.2773799896240234
2018-09-30,1.2794300317764282
2018-10-01,1.2828099727630615
2018-10-02,1.2768900394439697
2018-10-03,1.283229947090149
2018-10-04,1.2908999919891357
2018-10-07,1.3012399673461914
2018-10-08,1.2990700006484985
2018-10-09,1.3046400547027588
2018-10-10,1.3050700426101685
2018-10-11,1.3099700212478638
2018-10-14,1.2982900142669678
2018-10-15,1.2982300519943237
2018-10-16,1.3059300184249878
2018-10-17,1.3035999536514282
2018-10-18,1.2963900566101074
2018-10-21,1.3016799688339233
2018-10-22,1.2914400100708008
2018-10-23,1.2911800146102905
2018-10-24,1.284500002861023
2018-10-25,1.2819000482559204
2018-10-29,1.2798999547958374
2018-10-30,1.2822799682617188
2018-10-31,1.2770999670028687
2018-11-01,1.2868000268936157
2018-11-02,1.3030400276184082
2018-11-05,1.3035999536514282
2018-11-06,1.3110400438308716
2018-11-07,1.313230037689209
2018-11-08,1.3151500225067139
2018-11-09,1.3141100406646729
2018-11-12,1.3014099597930908
2018-11-13,1.2985999584197998
2018-11-14,1.3089900016784668
2018-11-15,1.3062399625778198
2018-11-16,1.285249948501587
2018-11-19,1.2823699712753296
2018-11-20,1.2768700122833252
2018-11-21,1.2720500230789185
2018-11-22,1.2700999975204468
2018-11-23,1.2803000211715698
2018-11-26,1.2776999473571777
2018-11-27,1.2789100408554077
2018-11-28,1.2718000411987305
2018-11-29,1.273300051689148
2018-11-30,1.2731599807739258
2018-12-03,1.2731000185012817
2018-12-04,1.2697700262069702
2018-12-05,1.268489956855774
2018-12-06,1.2688599824905396
2018-12-07,1.2690199613571167
2018-12-10,1.2588200569152832
2018-12-11,1.2424399852752686
2018-12-12,1.240399956703186
2018-12-13,1.2533400058746338
2018-12-14,1.257099986076355
2018-12-17,1.2552299499511719
2018-12-18,1.252150058746338
2018-12-19,1.2555999755859375
2018-12-20,1.2549599409103394
2018-12-21,1.250040054321289
2018-12-24,1.2568800449371338
2018-12-25,1.253999948501587
2018-12-26,1.2508100271224976
2018-12-27,1.2573599815368652
2018-12-28,1.248129963874817
2018-12-31,1.2481000423431396
2019-01-01,1.2526999711990356
2019-01-02,1.2523399591445923
2019-01-03,1.2375600337982178
2019-01-04,1.2465800046920776
2019-01-07,1.2551900148391724
2019-01-08,1.2517000436782837
2019-01-09,1.2490999698638916
2019-01-10,1.2464900016784668
2019-01-11,1.2547999620437622
2019-01-14,1.2642300128936768
2019-01-15,1.2629799842834473
2019-01-16,1.270799994468689
2019-01-17,1.2755199670791626
2019-01-18,1.2903000116348267
2019-01-21,1.2790000438690186
2019-01-22,1.2854399681091309
2019-01-23,1.2917799949645996
2019-01-24,1.3008999824523926
2019-01-25,1.306089997291565
2019-01-28,1.3106000423431396
2019-01-29,1.30485999584198
2019-01-30,1.3004000186920166
2019-01-31,1.3032000064849854
2019-02-01,1.3028899431228638
2019-02-04,1.3016799688339233
2019-02-05,1.299970030784607
2019-02-06,1.2951600551605225
2019-02-07,1.2960599660873413
2019-02-08,1.2978700399398804
2019-02-11,1.2926199436187744
2019-02-12,1.2914199829101562
2019-02-13,1.296929955482483
2019-02-14,1.2965999841690063
2019-02-15,1.285979986190796
2019-02-18,1.2961000204086304
2019-02-19,1.2981200218200684
2019-02-20,1.307669997215271
2019-02-21,1.3047499656677246
2019-02-22,1.305109977722168
2019-02-25,1.305999994277954
2019-02-26,1.3127100467681885
2019-02-27,1.3251800537109375
2019-02-28,1.3323099613189697
2019-03-01,1.3228100538253784
2019-03-04,1.3217999935150146
2019-03-05,1.3161699771881104
2019-03-06,1.3211499452590942
2019-03-07,1.323699951171875
2019-03-08,1.3233000040054321
2019-03-11,1.3091000318527222
2019-03-12,1.3380199670791626
2019-03-13,1.316140055656433
2019-03-14,1.3323999643325806
2019-03-15,1.330180048942566
2019-03-18,1.3327000141143799
2019-03-19,1.3276000022888184
2019-03-20,1.3252400159835815
2019-03-21,1.3085600137710571
2019-03-22,1.3021999597549438
2019-03-25,1.3125300407409668
2019-03-26,1.311229944229126
2019-03-27,1.3125900030136108
2019-03-28,1.3081599473953247
2019-03-29,1.2985899448394775
2019-03-31,1.2958600521087646
2019-04-01,1.3056999444961548
2019-04-02,1.3101199865341187
2019-04-03,1.3138799667358398
2019-04-04,1.307129979133606
2019-04-07,1.3037199974060059
2019-04-08,1.3048499822616577
2019-04-09,1.3050299882888794
2019-04-10,1.3125900030136108
2019-04-11,1.309000015258789
2019-04-14,1.31141996383667
2019-04-15,1.3147799968719482
2019-04-16,1.3143099546432495
2019-04-17,1.317620038986206
2019-04-18,1.3184499740600586
2019-04-21,1.317929983139038
2019-04-22,1.3180099725723267
2019-04-23,1.319659948348999
2019-04-24,1.3165899515151978
2019-04-25,1.3152199983596802
2019-04-28,1.316830039024353
2019-04-29,1.3184000253677368
2019-04-30,1.328629970550537
2019-05-01,1.3278800249099731
2019-05-02,1.3283799886703491
2019-05-05,1.3366999626159668
2019-05-06,1.3323800563812256
2019-05-07,1.3321000337600708
2019-05-08,1.3275099992752075
2019-05-09,1.3207800388336182
2019-05-12,1.3143999576568604
2019-05-13,1.3031400442123413
2019-05-14,1.3018100261688232
2019-05-15,1.2950999736785889
2019-05-16,1.2924000024795532
2019-05-19,1.2865899801254272
2019-05-20,1.283400058746338
2019-05-21,1.284540057182312
2019-05-22,1.2776999473571777
2019-05-23,1.2698700428009033
2019-05-26,1.274399995803833
2019-05-27,1.2731399536132812
2019-05-28,1.2745000123977661
2019-05-29,1.273300051689148
2019-05-30,1.2696599960327148
2019-06-02,1.2632700204849243
2019-06-03,1.256809949874878
2019-06-04,1.2605600357055664
2019-06-05,1.2611000537872314
2019-06-06,1.2585300207138062
2019-06-09,1.2594000101089478
2019-06-10,1.255270004272461
2019-06-11,1.2625399827957153
2019-06-12,1.2625000476837158
2019-06-13,1.259809970855713
2019-06-16,1.2580599784851074
2019-06-17,1.2523599863052368
2019-06-18,1.2574100494384766
2019-06-19,1.2561099529266357
2019-06-20,1.2466399669647217
2019-06-23,1.2437700033187866
2019-06-24,1.2381000518798828
2019-06-25,1.236989974975586
2019-06-26,1.2406200170516968
2019-06-27,1.237589955329895
2019-06-30,1.2431299686431885
2019-07-01,1.2481800317764282
2019-07-02,1.2409000396728516
2019-07-03,1.2400000095367432
2019-07-04,1.2388700246810913
2019-07-07,1.241529941558838
2019-07-08,1.24399995803833
2019-07-09,1.2377500534057617
2019-07-10,1.2355999946594238
2019-07-11,1.2403899431228638
2019-07-14,1.2373100519180298
2019-07-15,1.2320799827575684
2019-07-16,1.2261600494384766
2019-07-17,1.2266000509262085
2019-07-18,1.2322800159454346
2019-07-21,1.2296700477600098
2019-07-22,1.2253999710083008
2019-07-23,1.2254600524902344
2019-07-24,1.229099988937378
2019-07-25,1.2339999675750732
2019-07-28,1.2292499542236328
2019-07-29,1.2113699913024902
2019-07-30,1.203969955444336
2019-07-31,1.208050012588501
2019-08-01,1.2002700567245483
2019-08-04,1.1937099695205688
2019-08-05,1.179960012435913
2019-08-06,1.1871999502182007
2019-08-07,1.1837600469589233
2019-08-08,1.182629942893982
2019-08-11,1.1676900386810303
2019-08-12,1.170300006866455
2019-08-13,1.1771999597549438
2019-08-14,1.1735999584197998
2019-08-15,1.1805700063705444
2019-08-18,1.1904000043869019
2019-08-19,1.1900500059127808
2019-08-20,1.1893099546432495
2019-08-21,1.1907999515533447
2019-08-22,1.2050000429153442
2019-08-25,1.1927599906921387
2019-08-26,1.1965800523757935
2019-08-27,1.2049200534820557
2019-08-28,1.1989400386810303
2019-08-29,1.2013399600982666
2019-09-01,1.2028299570083618
2019-09-02,1.195039987564087
2019-09-03,1.1930899620056152
2019-09-04,1.2008999586105347
2019-09-05,1.2153199911117554
2019-09-08,1.2138999700546265
2019-09-09,1.2250399589538574
2019-09-10,1.224869966506958
2019-09-11,1.2255799770355225
2019-09-12,1.2211699485778809
2019-09-15,1.2330000400543213
2019-09-16,1.2338000535964966
2019-09-17,1.2408499717712402
2019-09-18,1.243149995803833
2019-09-19,1.2432600259780884
2019-09-22,1.2359000444412231
2019-09-23,1.2306300401687622
2019-09-24,1.2309000492095947
2019-09-25,1.2248300313949585
2019-09-26,1.2243000268936157
2019-09-29,1.2181899547576904
2019-09-30,1.2259000539779663
2019-10-01,1.2200700044631958
2019-10-02,1.2262500524520874
2019-10-03,1.2318099737167358
2019-10-06,1.225909948348999
2019-10-07,1.2223199605941772
2019-10-08,1.2126599550247192
2019-10-09,1.2124600410461426
2019-10-10,1.2383699417114258
2019-10-13,1.2589999437332153
2019-10-14,1.2580100297927856
2019-10-15,1.2740000486373901
2019-10-16,1.2748299837112427
2019-10-17,1.270400047302246
2019-10-20,1.2704299688339233
2019-10-21,1.2786400318145752
2019-10-22,1.2745599746704102
2019-10-23,1.2795100212097168
2019-10-24,1.2739499807357788
2019-10-28,1.2756099700927734
2019-10-29,1.2788699865341187
2019-10-30,1.2788000106811523
2019-10-31,1.2760299444198608
2019-11-01,1.2762700319290161
2019-11-04,1.2752799987792969
2019-11-05,1.2737300395965576
2019-11-06,1.278380036354065
2019-11-07,1.2759300470352173
2019-11-08,1.2751699686050415
2019-11-11,1.2757799625396729
2019-11-12,1.2762999534606934
2019-11-13,1.275670051574707
2019-11-14,1.2719600200653076
2019-11-15,1.2735899686813354
2019-11-18,1.2777600288391113
2019-11-19,1.2808799743652344
2019-11-20,1.2802799940109253
2019-11-21,1.2800999879837036
2019-11-22,1.2822999954223633
2019-11-25,1.281999945640564
2019-11-26,1.2853800058364868
2019-11-27,1.2828999757766724
2019-11-28,1.2905999422073364
2019-11-29,1.2891700267791748
2019-12-02,1.2913199663162231
2019-12-03,1.2826199531555176
2019-12-04,1.2830400466918945
2019-12-05,1.2954599857330322
2019-12-06,1.2988899946212769
2019-12-09,1.30131995677948
2019-12-10,1.2984700202941895
2019-12-11,1.2922999858856201
2019-12-12,1.2967599630355835
2019-12-13,1.3271199464797974
2019-12-16,1.3137999773025513
2019-12-17,1.3047399520874023
2019-12-18,1.285730004310608
2019-12-19,1.282099962234497
2019-12-20,1.273300051689148
2019-12-23,1.2774100303649902
2019-12-24,1.2698999643325806
2019-12-25,1.267699956893921
2019-12-26,1.2705399990081787
2019-12-27,1.2755999565124512
2019-12-30,1.274649977684021
2019-12-31,1.2700300216674805
2020-01-01,1.2826999425888062
2020-01-02,1.282189965248108
2020-01-03,1.2771899700164795
2020-01-06,1.2705299854278564
2020-01-07,1.2755099534988403
2020-01-08,1.270300030708313
2020-01-09,1.2753299474716187
2020-01-10,1.2718499898910522
2020-01-13,1.2692500352859497
2020-01-14,1.2607799768447876
2020-01-15,1.259310007095337
2020-01-16,1.2566399574279785
2020-01-17,1.2616699934005737
2020-01-20,1.2592699527740479
2020-01-21,1.2592099905014038
2020-01-22,1.2635999917984009
2020-01-23,1.2714699506759644
2020-01-24,1.2717000246047974
2020-01-27,1.266950011253357
2020-01-28,1.2665400505065918
2020-01-29,1.267109990119934
2020-01-30,1.2668999433517456
2020-01-31,1.2683000564575195
2020-02-03,1.2697700262069702
2020-02-04,1.2550699710845947
2020-02-05,1.2629400491714478
2020-02-06,1.264799952507019
2020-02-07,1.2601100206375122
2020-02-10,1.2588800191879272
2020-02-11,1.2620999813079834
2020-02-12,1.2640899419784546
2020-02-13,1.2665599584579468
2020-02-14,1.2768299579620361
2020-02-17,1.281209945678711
2020-02-18,1.2753900289535522
2020-02-19,1.2780100107192993
2020-02-20,1.2713700532913208
2020-02-21,1.267199993133545
2020-02-24,1.2678200006484985
2020-02-25,1.2663700580596924
2020-02-26,1.2691099643707275
2020-02-27,1.2600699663162231
2020-02-28,1.2485400438308716
2020-03-02,1.2344199419021606
2020-03-03,1.2232099771499634
2020-03-04,1.224910020828247
2020-03-05,1.2311999797821045
2020-03-06,1.2246999740600586
2020-03-09,1.2145999670028687
2020-03-10,1.213539958000183
2020-03-11,1.2092299461364746
2020-03-12,1.2034000158309937
2020-03-13,1.1868499517440796
2020-03-16,1.1729899644851685
2020-03-17,1.1617499589920044
2020-03-18,1.162950038909912
2020-03-19,1.1232600212097168
2020-03-20,1.135849952697754
2020-03-23,1.1446000337600708
2020-03-24,1.1379499435424805
2020-03-25,1.155500054359436
2020-03-26,1.1563400030136108
2020-03-27,1.1726200580596924
2020-03-29,1.1833399534225464
2020-03-30,1.1872400045394897
2020-03-31,1.192579984664917
2020-04-01,1.196179986000061
2020-04-02,1.2072999477386475
2020-04-05,1.1937999725341797
2020-04-06,1.1967699527740479
2020-04-07,1.1956100463867188
2020-04-08,1.2040300369262695
2020-04-09,1.203909993171692
2020-04-12,1.2032899856567383
2020-04-13,1.2103400230407715
2020-04-14,1.2117300033569336
2020-04-15,1.2082300186157227
2020-04-16,1.2101000547409058
2020-04-19,1.2083300352096558
2020-04-20,1.2041399478912354
2020-04-21,1.1925899982452393
2020-04-22,1.1985000371932983
2020-04-23,1.205780029296875
2020-04-26,1.2037999629974365
2020-04-27,1.2120399475097656
2020-04-28,1.210819959640503
2020-04-29,1.2145400047302246
2020-04-30,1.215749979019165
2020-05-03,1.1986500024795532
2020-05-04,1.201550006866455
2020-05-05,1.2102099657058716
2020-05-06,1.2019599676132202
2020-05-07,1.203950047492981
2020-05-10,1.205399990081787
2020-05-11,1.1995999813079834
2020-05-12,1.1881799697875977
2020-05-13,1.189579963684082
2020-05-14,1.19035005569458
2020-05-17,1.174489974975586
2020-05-18,1.1853899955749512
2020-05-19,1.1900399923324585
2020-05-20,1.180400013923645
2020-05-21,1.1862499713897705
2020-05-24,1.183459997177124
2020-05-25,1.185230016708374
2020-05-26,1.1904900074005127
2020-05-27,1.187059998512268
2020-05-28,1.1877100467681885
2020-05-31,1.1859500408172607
2020-06-01,1.1999900341033936
2020-06-02,1.2096699476242065
2020-06-03,1.2086800336837769
2020-06-04,1.2047799825668335
2020-06-07,1.223039984703064
2020-06-08,1.2193700075149536
2020-06-09,1.2088199853897095
2020-06-10,1.19937002658844
2020-06-11,1.1871000528335571
2020-06-14,1.1899900436401367
2020-06-15,1.1993299722671509
2020-06-16,1.1967899799346924
2020-06-17,1.1907199621200562
2020-06-18,1.1825000047683716
2020-06-21,1.175860047340393
2020-06-22,1.1835700273513794
2020-06-23,1.1829299926757812
2020-06-24,1.176800012588501
2020-06-25,1.1781200170516968
2020-06-28,1.1697399616241455
2020-06-29,1.1706600189208984
2020-06-30,1.1729999780654907
2020-07-01,1.1787199974060059
2020-07-02,1.1786099672317505
2020-07-05,1.1787899732589722
2020-07-06,1.1767499446868896
2020-07-07,1.1818699836730957
2020-07-08,1.18340003490448
2020-07-09,1.185230016708374
2020-07-12,1.1875
2020-07-13,1.1819000244140625
2020-07-14,1.1806999444961548
2020-07-15,1.1890000104904175
2020-07-16,1.1871700286865234
2020-07-19,1.179479956626892
2020-07-20,1.1885700225830078
2020-07-21,1.1870700120925903
2020-07-22,1.1834499835968018
2020-07-23,1.1778500080108643
2020-07-26,1.1783499717712402
2020-07-27,1.1850600242614746
2020-07-28,1.186210036277771
2020-07-29,1.1844199895858765
2020-07-30,1.191849946975708
2020-08-02,1.1966700553894043
2020-08-03,1.2000000476837158
2020-08-04,1.1940699815750122
2020-08-05,1.1918100118637085
2020-08-06,1.195449948310852
2020-08-09,1.1911100149154663
2020-08-10,1.197119951248169
2020-08-11,1.1971399784088135
2020-08-12,1.1895400285720825
2020-08-13,1.1888699531555176
2020-08-16,1.1907000541687012
2020-08-17,1.1880600452423096
2020-08-18,1.1964000463485718
2020-08-19,1.1991000175476074
2020-08-20,1.198930025100708
2020-08-23,1.1938999891281128
2020-08-24,1.1918400526046753
2020-08-25,1.1937999725341797
2020-08-26,1.1992299556732178
2020-08-27,1.1995699405670166
2020-08-30,1.2066999673843384
2020-08-31,1.207900047302246
2020-09-01,1.218369960784912
2020-09-02,1.2165299654006958
2020-09-03,1.2065000534057617
2020-09-06,1.210010051727295
2020-09-07,1.2055100202560425
2020-09-08,1.190369963645935
2020-09-09,1.1855900287628174
2020-09-10,1.1657700538635254
2020-09-13,1.1639100313186646
2020-09-14,1.1669000387191772
2020-09-15,1.1705100536346436
2020-09-16,1.1799499988555908
2020-09-17,1.1784100532531738
2020-09-20,1.1781699657440186
2020-09-21,1.1729999780654907
2020-09-22,1.1721800565719604
2020-09-23,1.1747000217437744
2020-09-24,1.1820600032806396
2020-09-27,1.184630036354065
2020-09-28,1.189039945602417
2020-09-29,1.1827800273895264
2020-09-30,1.1892999410629272
2020-10-01,1.1840800046920776
2020-10-04,1.1869100332260132
2020-10-05,1.1887799501419067
2020-10-06,1.1819000244140625
2020-10-07,1.1843600273132324
2020-10-08,1.1864700317382812
2020-10-11,1.1863399744033813
2020-10-12,1.187399983406067
2020-10-13,1.183750033378601
2020-10-14,1.1883200407028198
2020-10-15,1.1792700290679932
2020-10-18,1.1828700304031372
2020-10-19,1.1789400577545166
2020-10-20,1.174489974975586
2020-10-21,1.1892399787902832
2020-10-22,1.1867899894714355
2020-10-26,1.1806800365447998
2020-10-27,1.1817599534988403
2020-10-28,1.184309959411621
2020-10-29,1.1826499700546265
2020-10-30,1.1835399866104126
2020-11-02,1.1854499578475952
2020-11-03,1.187000036239624
2020-11-04,1.1946200132369995
2020-11-05,1.1816999912261963
2020-11-06,1.1880899667739868
2020-11-09,1.18517005443573
2020-11-10,1.201859951019287
2020-11-11,1.2132699489593506
2020-11-12,1.2121000289916992
2020-11-13,1.2002999782562256
2020-11-16,1.2057000398635864
2020-11-17,1.206130027770996
2020-11-18,1.2077000141143799
2020-11-19,1.2087500095367432
2020-11-20,1.2069000005722046
2020-11-23,1.2113200426101685
2020-11-24,1.2160600423812866
2020-11-25,1.2171299457550049
2020-11-26,1.215559959411621
2020-11-27,1.2103300094604492
2020-11-30,1.2054100036621094
2020-12-01,1.2111999988555908
2020-12-02,1.2072199583053589
2020-12-03,1.1959400177001953
2020-12-04,1.1984399557113647
2020-12-07,1.1963000297546387
2020-12-08,1.1894700527191162
2020-12-09,1.1875
2020-12-10,1.188730001449585
2020-12-11,1.1785900592803955
2020-12-14,1.183210015296936
2020-12-15,1.1817799806594849
2020-12-16,1.1904900074005127
2020-12-17,1.1953699588775635
2020-12-18,1.200410008430481
2020-12-21,1.186710000038147
2020-12-22,1.1909899711608887
2020-12-23,1.1896100044250488
2020-12-24,1.1989699602127075
2020-12-25,1.2022299766540527
2020-12-28,1.206969976425171
2020-12-29,1.1958999633789062
2020-12-30,1.1934399604797363
2020-12-31,1.2014800310134888
2021-01-01,1.2266199588775635
2021-01-04,1.2082600593566895
2021-01-05,1.1957900524139404
2021-01-06,1.1967600584030151
2021-01-07,1.1962100267410278
2021-01-08,1.200950026512146
2021-01-11,1.1995799541473389
2021-01-12,1.2029500007629395
2021-01-13,1.2110999822616577
2021-01-14,1.2106399536132812
2021-01-15,1.2152899503707886
2021-01-18,1.2110899686813354
2021-01-19,1.2098000049591064
2021-01-20,1.2115600109100342
2021-01-21,1.2153300046920776
2021-01-22,1.2153799533843994
2021-01-25,1.2118300199508667
2021-01-26,1.2144299745559692
2021-01-27,1.218000054359436
2021-01-28,1.2153600454330444
2021-01-29,1.2195500135421753
2021-02-01,1.2207900285720825
2021-02-02,1.2261199951171875
2021-02-03,1.2260500192642212
2021-02-04,1.2261500358581543
2021-02-05,1.2360999584197998
2021-02-08,1.2350000143051147
2021-02-09,1.2351100444793701
2021-02-10,1.232800006866455
2021-02-11,1.2310600280761719
2021-02-12,1.2291799783706665
2021-02-15,1.2368299961090088
2021-02-16,1.238029956817627
2021-02-17,1.24058997631073
2021-02-18,1.2457599639892578
2021-02-19,1.2510299682617188
2021-02-22,1.258080005645752
2021-02-23,1.26010000705719
2021-02-24,1.2776299715042114
2021-02-25,1.282539963722229
2021-02-26,1.2682100534439087
2021-03-01,1.2677199840545654
2021-03-02,1.274340033531189
2021-03-03,1.276769995689392
2021-03-04,1.2810399532318115
2021-03-05,1.2907700538635254
2021-03-08,1.2885299921035767
2021-03-09,1.2938400506973267
2021-03-10,1.288789987564087
2021-03-11,1.295240044593811
2021-03-12,1.2934499979019165
2021-03-15,1.2944799661636353
2021-03-16,1.2892600297927856
2021-03-17,1.2858599424362183
2021-03-18,1.2884999513626099
2021-03-19,1.2911299467086792
2021-03-22,1.2863999605178833
2021-03-23,1.2797499895095825
2021-03-24,1.2830599546432495
2021-03-25,1.2805299758911133
2021-03-26,1.2916100025177002
2021-03-28,1.2956199645996094
2021-03-29,1.2933000326156616
2021-03-30,1.2945400476455688
2021-03-31,1.300920009613037
2021-04-01,1.3030999898910522
2021-04-04,1.3027100563049316
2021-04-05,1.3021999597549438
2021-04-06,1.287600040435791
2021-04-07,1.2768000364303589
2021-04-08,1.2689299583435059
2021-04-11,1.2686599493026733
2021-04-12,1.2684999704360962
2021-04-13,1.266160011291504
2021-04-14,1.2710000276565552
2021-04-15,1.2706999778747559
2021-04-18,1.2719099521636963
2021-04-19,1.2798999547958374
2021-04-20,1.276710033416748
2021-04-21,1.27701997756958
2021-04-22,1.269129991531372
2021-04-25,1.2669399976730347
2021-04-26,1.270799994468689
2021-04-27,1.2707200050354004
2021-04-28,1.2682199478149414
2021-04-29,1.267799973487854
2021-05-02,1.2613999843597412
2021-05-03,1.267259955406189
2021-05-04,1.268589973449707
2021-05-05,1.2699600458145142
2021-05-06,1.2610700130462646
2021-05-09,1.2642199993133545
2021-05-10,1.272130012512207
2021-05-11,1.277340054512024
2021-05-12,1.2777600288391113
2021-05-13,1.2724800109863281
2021-05-16,1.270900011062622
2021-05-17,1.277959942817688
2021-05-18,1.2732900381088257
2021-05-19,1.2751699686050415
2021-05-20,1.2730400562286377
2021-05-23,1.269129991531372
2021-05-24,1.2696399688720703
2021-05-25,1.2664999961853027
2021-05-26,1.2671300172805786
2021-05-27,1.2739299535751343
2021-05-30,1.2762399911880493
2021-05-31,1.2780499458312988
2021-06-01,1.2695599794387817
2021-06-02,1.2727700471878052
2021-06-03,1.2746599912643433
2021-06-06,1.2736799716949463
2021-06-07,1.2724800109863281
2021-06-08,1.2687000036239624
2021-06-09,1.2641700506210327
2021-06-10,1.2676299810409546
2021-06-13,1.267300009727478
2021-06-14,1.2688699960708618
2021-06-15,1.2651599645614624
2021-06-16,1.271090030670166
2021-06-17,1.2789499759674072
2021-06-20,1.2744799852371216
2021-06-21,1.2790700197219849
2021-06-22,1.281350016593933
2021-06-23,1.2823799848556519
2021-06-24,1.2776299715042114
2021-06-27,1.2735799551010132
2021-06-28,1.2761900424957275
2021-06-29,1.2744799852371216
2021-06-30,1.2791600227355957
2021-07-01,1.2739100456237793
2021-07-04,1.2748899459838867
2021-07-05,1.2775499820709229
2021-07-06,1.2763400077819824
2021-07-07,1.277359962463379
2021-07-08,1.2613400220870972
2021-07-11,1.270359992980957
2021-07-12,1.270359992980957
2021-07-13,1.268239974975586
2021-07-14,1.2671400308609009
2021-07-15,1.2691199779510498
2021-07-18,1.2640000581741333
2021-07-19,1.2557200193405151
2021-07-20,1.255929946899414
2021-07-21,1.2581199407577515
2021-07-22,1.2656999826431274
2021-07-25,1.2649400234222412
2021-07-26,1.2657500505447388
2021-07-27,1.2692699432373047
2021-07-28,1.2649600505828857
2021-07-29,1.2646000385284424
2021-08-01,1.2587499618530273
2021-08-02,1.257449984550476
2021-08-03,1.257789969444275
2021-08-04,1.2589999437332153
2021-08-05,1.262619972229004
2021-08-08,1.2696000337600708
2021-08-09,1.2749099731445312
2021-08-10,1.2769500017166138
2021-08-11,1.2775800228118896
2021-08-12,1.2748899459838867
2021-08-15,1.269029974937439
2021-08-16,1.262850046157837
2021-08-17,1.2567399740219116
2021-08-18,1.2609800100326538
2021-08-19,1.25246000289917
2021-08-22,1.2495900392532349
2021-08-23,1.2517000436782837
2021-08-24,1.253250002861023
2021-08-25,1.2575299739837646
2021-08-26,1.257599949836731
2021-08-29,1.25409996509552
2021-08-30,1.261680006980896
2021-08-31,1.2587100267410278
2021-09-01,1.260599970817566
2021-09-02,1.2652599811553955
2021-09-05,1.2664200067520142
2021-09-06,1.2660900354385376
2021-09-07,1.2668499946594238
2021-09-08,1.2690600156784058
2021-09-09,1.2683299779891968
2021-09-12,1.2705999612808228
2021-09-13,1.2760000228881836
2021-09-14,1.270490050315857
2021-09-15,1.2735899686813354
2021-09-16,1.2795100212097168
2021-09-19,1.279520034790039
2021-09-20,1.2673499584197998
2021-09-21,1.2612600326538086
2021-09-22,1.2612600326538086
2021-09-23,1.268630027770996
2021-09-26,1.2634600400924683
2021-09-27,1.2681399583816528
2021-09-28,1.2580000162124634
2021-09-29,1.2543400526046753
2021-09-30,1.255810022354126
2021-10-03,1.2613500356674194
2021-10-04,1.258470058441162
2021-10-05,1.2649799585342407
2021-10-06,1.2609100341796875
2021-10-07,1.264549970626831
2021-10-10,1.2632800340652466
2021-10-11,1.2604000568389893
2021-10-12,1.2632999420166016
2021-10-13,1.2630499601364136
2021-10-14,1.2633700370788574
2021-10-17,1.270799994468689
2021-10-18,1.2682000398635864
2021-10-19,1.2728899717330933
2021-10-20,1.2698999643325806
2021-10-21,1.2661800384521484
2021-10-24,1.2613799571990967
2021-10-25,1.2660499811172485
2021-10-26,1.2659000158309937
2021-10-27,1.2607300281524658
2021-10-28,1.2575500011444092
2021-11-01,1.2534500360488892
2021-11-02,1.2415800094604492
2021-11-03,1.2452000379562378
2021-11-04,1.247879981994629
2021-11-05,1.2323999404907227
2021-11-08,1.2302600145339966
2021-11-09,1.2386000156402588
2021-11-10,1.235260009765625
2021-11-11,1.230870008468628
2021-11-12,1.2310800552368164
2021-11-15,1.2356799840927124
2021-11-16,1.2406699657440186
2021-11-17,1.2489500045776367
2021-11-18,1.2523599863052368
2021-11-19,1.249619960784912
2021-11-22,1.2483400106430054
2021-11-23,1.249400019645691
2021-11-24,1.2483899593353271
2021-11-25,1.2449599504470825
2021-11-26,1.2449699640274048
2021-11-29,1.2330399751663208
2021-11-30,1.228600025177002
2021-12-01,1.2224199771881104
2021-12-02,1.2222800254821777
2021-12-03,1.2232099771499634
2021-12-06,1.2156200408935547
2021-12-07,1.2272000312805176
2021-12-08,1.2244900465011597
2021-12-09,1.2153899669647217
2021-12-10,1.2214900255203247
2021-12-13,1.2210400104522705
2021-12-14,1.2187000513076782
2021-12-15,1.2225300073623657
2021-12-16,1.2259199619293213
2021-12-17,1.2239500284194946
2021-12-20,1.2213599681854248
2021-12-21,1.2174500226974487
2021-12-22,1.2245999574661255
2021-12-23,1.2272700071334839
2021-12-24,1.2315000295639038
2021-12-27,1.2315000295639038
2021-12-28,1.2324199676513672
2021-12-29,1.231850028038025
2021-12-30,1.2332700490951538
2021-12-31,1.2330700159072876
2022-01-03,1.2331299781799316
2022-01-04,1.238010048866272
2022-01-05,1.2394499778747559
2022-01-06,1.2434300184249878
2022-01-07,1.2468600273132324
2022-01-10,1.248810052871704
2022-01-11,1.2589999437332153
2022-01-12,1.258870005607605
2022-01-13,1.2526999711990356
2022-01-14,1.249269962310791
2022-01-17,1.2503600120544434
2022-01-18,1.247249960899353
2022-01-19,1.2470899820327759
2022-01-20,1.24590003490448
2022-01-21,1.2465900182724
2022-01-24,1.2369999885559082
2022-01-25,1.2328599691390991
2022-01-26,1.2395999431610107
2022-01-27,1.2443000078201294
2022-01-28,1.246000051498413
2022-01-31,1.2479300498962402
2022-02-01,1.246340036392212
2022-02-02,1.2454999685287476
2022-02-03,1.2464100122451782
2022-02-04,1.2514699697494507
2022-02-07,1.2518999576568604
2022-02-08,1.2494900226593018
2022-02-09,1.253059983253479
2022-02-10,1.2506400346755981
2022-02-11,1.2542099952697754
2022-02-14,1.2547099590301514
2022-02-15,1.250980019569397
2022-02-16,1.2530200481414795
2022-02-17,1.2520999908447266
2022-02-18,1.25246000289917
2022-02-21,1.2516499757766724
2022-02-22,1.2447400093078613
2022-02-23,1.2522000074386597
2022-02-24,1.2426400184631348
2022-02-25,1.2376999855041504
2022-02-28,1.2390799522399902
2022-03-01,1.2312999963760376
2022-03-02,1.2248400449752808
2022-03-03,1.2330600023269653
2022-03-04,1.2249399423599243
2022-03-07,1.2156200408935547
2022-03-08,1.2133599519729614
2022-03-09,1.2175500392913818
2022-03-10,1.2215499877929688
2022-03-11,1.217650055885315
2022-03-14,1.219789981842041
2022-03-15,1.2207200527191162
2022-03-16,1.22707998752594
2022-03-17,1.2369099855422974
2022-03-18,1.2315599918365479
2022-03-21,1.2276500463485718
2022-03-22,1.2297500371932983
2022-03-23,1.2381700277328491
2022-03-24,1.229099988937378
2022-03-25,1.2264200448989868
2022-03-27,1.2265000343322754
2022-03-28,1.2232099771499634
2022-03-29,1.2190099954605103
2022-03-30,1.2123899459838867
2022-03-31,1.2136199474334717
2022-04-03,1.2131999731063843
2022-04-04,1.2144900560379028
2022-04-05,1.2155100107192993
2022-04-06,1.219290018081665
2022-04-07,1.2211500406265259
2022-04-10,1.2173999547958374
2022-04-11,1.2129000425338745
2022-04-12,1.2125699520111084
2022-04-13,1.2252000570297241
2022-04-14,1.2318799495697021
2022-04-17,1.2303999662399292
2022-04-18,1.2288899421691895
2022-04-19,1.238860011100769
2022-04-20,1.2402900457382202
2022-04-21,1.2421799898147583
2022-04-24,1.2259800434112549
2022-04-25,1.220729947090149
2022-04-26,1.2107199430465698
2022-04-27,1.2147200107574463
2022-04-28,1.2111200094223022
2022-05-01,1.2247200012207031
2022-05-02,1.2218199968338013
2022-05-03,1.2233699560165405
2022-05-04,1.227810025215149
2022-05-05,1.2179399728775024
2022-05-08,1.2193800210952759
2022-05-09,1.2249699831008911
2022-05-10,1.2254199981689453
2022-05-11,1.2165000438690186
2022-05-12,1.2240500450134277
2022-05-15,1.2284799814224243
2022-05-16,1.2343699932098389
2022-05-17,1.2407900094985962
2022-05-18,1.2182400226593018
2022-05-19,1.211400032043457
2022-05-22,1.2190300226211548
2022-05-23,1.2137700319290161
2022-05-24,1.2043399810791016
2022-05-25,1.2100399732589722
2022-05-26,1.20933997631073
2022-05-29,1.2094800472259521
2022-05-30,1.2117400169372559
2022-05-31,1.2094199657440186
2022-06-01,1.2017699480056763
2022-06-02,1.2042100429534912
2022-06-05,1.2020000219345093
2022-06-06,1.2164100408554077
2022-06-07,1.2252800464630127
2022-06-08,1.2269200086593628
2022-06-09,1.2247799634933472
2022-06-12,1.214400053024292
2022-06-13,1.210379958152771
2022-06-14,1.2005399465560913
2022-06-15,1.2106800079345703
2022-06-16,1.194200038909912
2022-06-19,1.1854699850082397
2022-06-20,1.184880018234253
2022-06-21,1.1848599910736084
2022-06-22,1.1781400442123413
2022-06-23,1.1785199642181396
2022-06-26,1.1756700277328491
2022-06-27,1.1729999780654907
2022-06-28,1.166100025177002
2022-06-29,1.1573200225830078
2022-06-30,1.1612900495529175
2022-07-03,1.1600500345230103
2022-07-04,1.1639100313186646
2022-07-05,1.157189965248108
2022-07-06,1.1566100120544434
2022-07-07,1.1711499691009521
2022-07-10,1.1747599840164185
2022-07-11,1.1694300174713135
2022-07-12,1.166059970855713
2022-07-13,1.1633399724960327
2022-07-14,1.163599967956543
2022-07-17,1.159600019454956
2022-07-18,1.1677199602127075
2022-07-19,1.1627399921417236
2022-07-20,1.1627999544143677
2022-07-21,1.159000039100647
2022-07-24,1.1544599533081055
2022-07-25,1.1622400283813477
2022-07-26,1.1580599546432495
2022-07-27,1.165310025215149
2022-07-28,1.161810040473938
2022-07-31,1.1592999696731567
2022-08-01,1.1641700267791748
2022-08-02,1.163640022277832
2022-08-03,1.1666100025177002
2022-08-04,1.1598999500274658
2022-08-07,1.1603200435638428
2022-08-08,1.1536600589752197
2022-08-09,1.151729941368103
2022-08-10,1.1506600379943848
2022-08-11,1.1481000185012817
2022-08-14,1.1421300172805786
2022-08-15,1.1404000520706177
2022-08-16,1.1487200260162354
2022-08-17,1.145740032196045
2022-08-18,1.1412999629974365
2022-08-21,1.1330000162124634
2022-08-22,1.134660005569458
2022-08-23,1.1408699750900269
2022-08-24,1.1394799947738647
2022-08-25,1.1391500234603882
2022-08-28,1.1325000524520874
2022-08-29,1.1337499618530273
2022-08-30,1.135390043258667
2022-08-31,1.1354800462722778
2022-09-01,1.1331000328063965
2022-09-04,1.128250002861023
2022-09-05,1.1317299604415894
2022-09-06,1.133239984512329
2022-09-07,1.1252700090408325
2022-09-08,1.1157000064849854
2022-09-11,1.1152399778366089
2022-09-12,1.113569974899292
2022-09-13,1.1047099828720093
2022-09-14,1.1104199886322021
2022-09-15,1.1014200448989868
2022-09-18,1.1011099815368652
2022-09-19,1.1031299829483032
2022-09-20,1.096709966659546
2022-09-21,1.0893499851226807
2022-09-22,1.0987600088119507
2022-09-25,1.0604900121688843
2022-09-26,1.0683900117874146
2022-09-27,1.0635700225830078
2022-09-28,1.0591200590133667
2022-09-29,1.0886800289154053
2022-10-02,1.0977799892425537
2022-10-03,1.1247400045394897
2022-10-04,1.1205699443817139
2022-10-05,1.1140400171279907
2022-10-06,1.1049699783325195
2022-10-09,1.1010799407958984
2022-10-10,1.106950044631958
2022-10-11,1.0939199924468994
2022-10-12,1.107409954071045
2022-10-13,1.1318600177764893
2022-10-16,1.1283700466156006
2022-10-17,1.1302200555801392
2022-10-18,1.1269899606704712
2022-10-19,1.1261800527572632
2022-10-20,1.126170039176941
2022-10-23,1.1318999528884888
2022-10-24,1.1298199892044067
2022-10-25,1.1400099992752075
2022-10-26,1.1462299823760986
2022-10-27,1.1452699899673462
2022-10-31,1.1552599668502808
2022-11-01,1.1481800079345703
2022-11-02,1.1483700275421143
2022-11-03,1.1420199871063232
2022-11-04,1.1319799423217773
2022-11-07,1.1293400526046753
2022-11-08,1.1388800144195557
2022-11-09,1.1371300220489502
2022-11-10,1.1177899837493896
2022-11-11,1.1285300254821777
2022-11-14,1.1137700080871582
2022-11-15,1.1083600521087646
2022-11-16,1.1200900077819824
2022-11-17,1.1250900030136108
2022-11-18,1.1299699544906616
2022-11-21,1.1328999996185303
2022-11-22,1.1334500312805176
2022-11-23,1.1311800479888916
2022-11-24,1.1357500553131104
2022-11-25,1.1424399614334106
2022-11-28,1.1418800354003906
2022-11-29,1.134559988975525
2022-11-30,1.139870047569275
2022-12-01,1.139639973640442
2022-12-02,1.1477500200271606
2022-12-05,1.151360034942627
2022-12-06,1.1487900018692017
2022-12-07,1.1427500247955322
2022-12-08,1.148229956626892
2022-12-09,1.144919991493225
2022-12-12,1.1441700458526611
2022-12-13,1.1480000019073486
2022-12-14,1.1476900577545166
2022-12-15,1.1477299928665161
2022-12-16,1.1307499408721924
2022-12-19,1.1363199949264526
2022-12-20,1.128309965133667
2022-12-21,1.1286699771881104
2022-12-22,1.1186000108718872
2022-12-23,1.120460033416748
2022-12-26,1.1253999471664429
2022-12-27,1.1255899667739868
2022-12-28,1.1173499822616577
2022-12-29,1.1156500577926636
2022-12-30,1.1123000383377075
2023-01-02,1.1180100440979004
2023-01-03,1.1143499612808228
2023-01-04,1.1201599836349487
2023-01-05,1.1205500364303589
2023-01-06,1.1147899627685547
2023-01-09,1.1228100061416626
2023-01-10,1.1218700408935547
2023-01-11,1.1210099458694458
2023-01-12,1.1316399574279785
2023-01-13,1.132599949836731
2023-01-16,1.1328699588775635
2023-01-17,1.1295299530029297
2023-01-18,1.1323699951171875
2023-01-19,1.1307200193405151
2023-01-20,1.1345200538635254
2023-01-23,1.1410900354385376
2023-01-24,1.1408499479293823
2023-01-25,1.1368199586868286
2023-01-26,1.1379799842834473
2023-01-27,1.1420199871063232
2023-01-30,1.1416900157928467
2023-01-31,1.1426199674606323
2023-02-01,1.1275500059127808
2023-02-02,1.1237000226974487
2023-02-03,1.1159000396728516
2023-02-06,1.11558997631073
2023-02-07,1.1157900094985962
2023-02-08,1.1106499433517456
2023-02-09,1.1114100217819214
2023-02-10,1.117050051689148
2023-02-13,1.113219976425171
2023-02-14,1.116420030593872
2023-02-15,1.1217600107192993
2023-02-16,1.1113799810409546
2023-02-17,1.109179973602295
2023-02-20,1.1130499839782715
2023-02-21,1.111340045928955
2023-02-22,1.1230499744415283
2023-02-23,1.1215699911117554
2023-02-24,1.1219099760055542
2023-02-27,1.1233500242233276
2023-02-28,1.1282600164413452
2023-03-01,1.1333400011062622
2023-03-02,1.1297800540924072
2023-03-03,1.1255199909210205
2023-03-06,1.1267000436782837
2023-03-07,1.1188100576400757
2023-03-08,1.1142499446868896
2023-03-09,1.1148500442504883
2023-03-10,1.1119500398635864
2023-03-13,1.1090799570083618
2023-03-14,1.1100499629974365
2023-03-15,1.1111400127410889
2023-03-16,1.123479962348938
2023-03-17,1.1250900030136108
2023-03-20,1.129289984703064
2023-03-21,1.1403700113296509
2023-03-22,1.126230001449585
2023-03-23,1.1254299879074097
2023-03-24,1.1253999471664429
2023-03-26,1.125
2023-03-27,1.1250799894332886
2023-03-28,1.134809970855713
2023-03-29,1.1304600238800049
2023-03-30,1.1312700510025024
2023-04-02,1.1271799802780151
2023-04-03,1.1337300539016724
2023-04-04,1.1319500207901
2023-04-05,1.1294000148773193
2023-04-06,1.1247999668121338
2023-04-09,1.1240299940109253
2023-04-10,1.12608003616333
2023-04-11,1.1224100589752197
2023-04-12,1.11899995803833
2023-04-13,1.1134400367736816
2023-04-16,1.1095199584960938
2023-04-17,1.1118600368499756
2023-04-18,1.113219976425171
2023-04-19,1.1152700185775757
2023-04-20,1.1101100444793701
2023-04-23,1.1102299690246582
2023-04-24,1.108739972114563
2023-04-25,1.1070899963378906
2023-04-26,1.1109600067138672
2023-04-27,1.1169899702072144
2023-04-30,1.1235599517822266
2023-05-01,1.118299961090088
2023-05-02,1.1129800081253052
2023-05-03,1.1099400520324707
2023-05-04,1.1140999794006348
2023-05-07,1.125499963760376
2023-05-08,1.1222000122070312
2023-05-09,1.1237200498580933
2023-05-10,1.1228599548339844
2023-05-11,1.11844003200531
2023-05-14,1.118299961090088
2023-05-15,1.1214499473571777
2023-05-16,1.118939995765686
2023-05-17,1.121500015258789
2023-05-18,1.123039960861206
2023-05-21,1.1191799640655518
2023-05-22,1.1168500185012817
2023-05-23,1.1190999746322632
2023-05-24,1.1184699535369873
2023-05-25,1.1146199703216553
2023-05-28,1.1181600093841553
2023-05-29,1.1168500185012817
2023-05-30,1.1245100498199463
2023-05-31,1.1325700283050537
2023-06-01,1.1342400312423706
2023-06-04,1.1306999921798706
2023-06-05,1.1262500286102295
2023-06-06,1.1271899938583374
2023-06-07,1.131790041923523
2023-06-08,1.1288599967956543
2023-06-11,1.1362199783325195
2023-06-12,1.1369099617004395
2023-06-13,1.1411700248718262
2023-06-14,1.1402699947357178
2023-06-15,1.1397600173950195
2023-06-18,1.1476000547409058
2023-06-19,1.1461000442504883
2023-06-20,1.1458699703216553
2023-06-21,1.139299988746643
2023-06-22,1.140720009803772
2023-06-25,1.1402100324630737
2023-06-26,1.138260006904602
2023-06-27,1.1389700174331665
2023-06-28,1.1334400177001953
2023-06-29,1.1341400146484375
2023-07-02,1.136199951171875
2023-07-03,1.1369999647140503
2023-07-04,1.140089988708496
2023-07-05,1.1414400339126587
2023-07-06,1.1406699419021606
2023-07-09,1.1412299871444702
2023-07-10,1.1386100053787231
2023-07-11,1.1362299919128418
2023-07-12,1.126170039176941
2023-07-13,1.1277999877929688
2023-07-16,1.1282999515533447
2023-07-17,1.124400019645691
2023-07-18,1.1175999641418457
2023-07-19,1.1098500490188599
2023-07-20,1.1150699853897095
2023-07-23,1.1133500337600708
2023-07-24,1.114490032196045
2023-07-25,1.1145000457763672
2023-07-26,1.1136800050735474
2023-07-27,1.1112099885940552
2023-07-30,1.1179900169372559
2023-07-31,1.118630051612854
2023-08-01,1.1164400577545166
2023-08-02,1.1159199476242065
2023-08-03,1.1116000413894653
2023-08-06,1.1143100261688232
2023-08-07,1.1157200336456299
2023-08-08,1.115630030632019
2023-08-09,1.1154199838638306
2023-08-10,1.1108700037002563
2023-08-13,1.1127899885177612
2023-08-14,1.1136800050735474
2023-08-15,1.115939974784851
2023-08-16,1.1201200485229492
2023-08-17,1.1195900440216064
2023-08-20,1.1241300106048584
2023-08-21,1.1209399700164795
2023-08-22,1.1204899549484253
2023-08-23,1.116070032119751
2023-08-24,1.1147099733352661
2023-08-27,1.1137900352478027
2023-08-28,1.114150047302246
2023-08-29,1.110550045967102
2023-08-30,1.1161500215530396
2023-08-31,1.119230031967163
2023-09-03,1.1145000457763672
2023-09-04,1.1167700290679932
2023-09-05,1.1178799867630005
2023-09-06,1.1139600276947021
2023-09-07,1.1134999990463257
2023-09-10,1.113919973373413
2023-09-11,1.1146199703216553
2023-09-12,1.1134300231933594
2023-09-13,1.1158299446105957
2023-09-14,1.111299991607666
2023-09-17,1.1118299961090088
2023-09-18,1.111050009727478
2023-09-19,1.111989974975586
2023-09-20,1.1086699962615967
2023-09-21,1.1117700338363647
2023-09-24,1.1103800535202026
2023-09-25,1.113759994506836
2023-09-26,1.1121000051498413
2023-09-27,1.1173499822616577
2023-09-28,1.116320013999939
2023-10-01,1.1161199808120728
2023-10-02,1.109760046005249
2023-10-03,1.1123199462890625
2023-10-04,1.1122900247573853
2023-10-05,1.1119799613952637
2023-10-08,1.1106599569320679
2023-10-09,1.108199954032898
2023-10-10,1.1115299463272095
2023-10-11,1.1095399856567383
2023-10-12,1.1058900356292725
2023-10-15,1.096500039100647
2023-10-16,1.0995800495147705
2023-10-17,1.0961300134658813
2023-10-18,1.091249942779541
2023-10-19,1.0822399854660034
2023-10-22,1.0860999822616577
2023-10-23,1.0911500453948975
2023-10-24,1.0859700441360474
2023-10-25,1.085170030593872
2023-10-26,1.0906599760055542
2023-10-30,1.09306001663208
2023-10-31,1.097390055656433
2023-11-01,1.105299949645996
2023-11-02,1.103060007095337
2023-11-03,1.1045399904251099
2023-11-06,1.1124600172042847
2023-11-07,1.110010027885437
2023-11-08,1.1060800552368164
2023-11-09,1.104099988937378
2023-11-10,1.1031800508499146
2023-11-13,1.1028800010681152
2023-11-14,1.1064300537109375
2023-11-15,1.1102999448776245
2023-11-16,1.1018699407577515
2023-11-17,1.1029499769210815
2023-11-20,1.1032600402832031
2023-11-21,1.1061400175094604
2023-11-22,1.1080399751663208
2023-11-23,1.1040699481964111
2023-11-24,1.1084599494934082
2023-11-27,1.1115599870681763
2023-11-28,1.1118299961090088
2023-11-29,1.1145999431610107
2023-11-30,1.1083999872207642
2023-12-01,1.1047899723052979
2023-12-04,1.1031899452209473
2023-12-05,1.1022499799728394
2023-12-06,1.101930022239685
2023-12-07,1.0982799530029297
2023-12-08,1.1019500494003296
2023-12-11,1.1042499542236328
2023-12-12,1.10247004032135
2023-12-13,1.0999599695205688
2023-12-14,1.099269986152649
2023-12-15,1.1072200536727905
2023-12-18,1.1031999588012695
2023-12-19,1.096940040588379
2023-12-20,1.0953600406646729
2023-12-21,1.090019941329956
2023-12-22,1.0859500169754028
2023-12-25,1.085510015487671
2023-12-26,1.0871100425720215
2023-12-27,1.0861599445343018
2023-12-28,1.0783300399780273
2023-12-29,1.073889970779419
2024-01-01,1.0706499814987183
2024-01-02,1.0712000131607056
2024-01-03,1.0729999542236328
2024-01-04,1.0758999586105347
2024-01-05,1.078279972076416
2024-01-08,1.08187997341156
2024-01-09,1.0806299448013306
2024-01-10,1.0834200382232666
2024-01-11,1.0836999416351318
2024-01-12,1.0872999429702759
2024-01-15,1.0867500305175781
2024-01-16,1.0883699655532837
2024-01-17,1.0885000228881836
2024-01-18,1.095460057258606
2024-01-19,1.103219985961914
2024-01-22,1.102910041809082
2024-01-23,1.1043200492858887
2024-01-24,1.1035499572753906
2024-01-25,1.0975500345230103
2024-01-26,1.1016900539398193
2024-01-29,1.0971699953079224
2024-01-30,1.094920039176941
2024-01-31,1.0939799547195435
2024-02-01,1.0931799411773682
2024-02-02,1.093019962310791
2024-02-05,1.094249963760376
2024-02-06,1.0912799835205078
2024-02-07,1.0956000089645386
2024-02-08,1.1038000583648682
2024-02-09,1.1022499799728394
2024-02-12,1.1046099662780762
2024-02-13,1.105739951133728
2024-02-14,1.1171000003814697
2024-02-15,1.1124800443649292
2024-02-16,1.1083699464797974
2024-02-19,1.1105300188064575
2024-02-20,1.1110999584197998
2024-02-21,1.1132899522781372
2024-02-22,1.111109972000122
2024-02-23,1.1144100427627563
2024-02-26,1.1166900396347046
2024-02-27,1.1161099672317505
2024-02-28,1.1144499778747559
2024-02-29,1.1124600172042847
2024-03-01,1.1166599988937378
2024-03-04,1.1182500123977661
2024-03-05,1.1232399940490723
2024-03-06,1.122439980506897
2024-03-07,1.123420000076294
2024-03-08,1.124060034751892
2024-03-11,1.1279900074005127
2024-03-12,1.1245399713516235
2024-03-13,1.1225899457931519
2024-03-14,1.1244200468063354
2024-03-15,1.126979947090149
2024-03-18,1.1248699426651
2024-03-19,1.1294699907302856
2024-03-20,1.1300599575042725
2024-03-21,1.1333099603652954
2024-03-22,1.1365000009536743
2024-03-25,1.131100058555603
2024-03-26,1.1366599798202515
2024-03-27,1.1411199569702148
2024-03-28,1.142300009727478
2024-03-29,1.1375099420547485
2024-03-31,1.139799952507019
2024-04-01,1.1354800462722778
2024-04-02,1.1416300535202026
2024-04-03,1.142300009727478
2024-04-04,1.1394699811935425
2024-04-07,1.1402000188827515
2024-04-08,1.1454700231552124
2024-04-09,1.1447700262069702
2024-04-10,1.1446199417114258
2024-04-11,1.1422200202941895
2024-04-14,1.138700008392334
2024-04-15,1.1348400115966797
2024-04-16,1.1343799829483032
2024-04-17,1.1339399814605713
2024-04-18,1.1344000101089478
2024-04-21,1.1273599863052368
2024-04-22,1.1261199712753296
2024-04-23,1.1352100372314453
2024-04-24,1.139299988746643
2024-04-25,1.1413899660110474
2024-04-28,1.142799973487854
2024-04-29,1.1437900066375732
2024-04-30,1.148419976234436
2024-05-01,1.1488100290298462
2024-05-02,1.1406199932098389
2024-05-05,1.136080026626587
2024-05-06,1.1387100219726562
2024-05-07,1.1356699466705322
2024-05-08,1.134310007095337
2024-05-09,1.1345499753952026
2024-05-12,1.1350799798965454
2024-05-13,1.1404399871826172
2024-05-14,1.1411399841308594
2024-05-15,1.1426299810409546
2024-05-16,1.1480599641799927
2024-05-19,1.1548199653625488
2024-05-20,1.1567100286483765
2024-05-21,1.1581499576568604
2024-05-22,1.1641499996185303
2024-05-23,1.1604700088500977
2024-05-26,1.164199948310852
2024-05-27,1.1663000583648682
2024-05-28,1.1639399528503418
2024-05-29,1.1593400239944458
2024-05-30,1.1498099565505981
2024-06-02,1.1486599445343018
2024-06-03,1.1464899778366089
2024-06-04,1.1366000175476074
2024-06-05,1.141950011253357
2024-06-06,1.1378999948501587
2024-06-09,1.1404000520706177
2024-06-10,1.1409599781036377
2024-06-11,1.143720030784607
2024-06-12,1.1440000534057617
2024-06-13,1.140239953994751
2024-06-16,1.1296299695968628
2024-06-17,1.1294200420379639
2024-06-18,1.1236000061035156
2024-06-19,1.1249799728393555
2024-06-20,1.128559947013855
2024-06-23,1.1301000118255615
2024-06-24,1.1327400207519531
2024-06-25,1.1355400085449219
2024-06-26,1.132099986076355
2024-06-27,1.1361600160598755
2024-06-30,1.138659954071045
2024-07-01,1.1420199871063232
2024-07-02,1.146630048751831
2024-07-03,1.1481900215148926
2024-07-04,1.148210048675537
2024-07-07,1.1461999416351318
2024-07-08,1.1505500078201294
2024-07-09,1.1477500200271606
2024-07-10,1.155769944190979
2024-07-11,1.1578199863433838
2024-07-14,1.1629199981689453
2024-07-15,1.1613199710845947
2024-07-16,1.1591999530792236
2024-07-17,1.1476199626922607
2024-07-18,1.1490600109100342
2024-07-21,1.1484099626541138
2024-07-22,1.15038001537323
2024-07-23,1.1500799655914307
2024-07-24,1.1415799856185913
2024-07-25,1.1321099996566772
2024-07-28,1.1380200386047363
2024-07-29,1.1394799947738647
2024-07-30,1.1322499513626099
2024-07-31,1.1285799741744995
2024-08-01,1.111009955406189
2024-08-04,1.0947200059890747
2024-08-05,1.0931099653244019
2024-08-06,1.0814000368118286
2024-08-07,1.0893499851226807
2024-08-08,1.1049400568008423
2024-08-11,1.1025999784469604
2024-08-12,1.1041799783706665
2024-08-13,1.1131600141525269
2024-08-14,1.1092000007629395
2024-08-15,1.1219300031661987
2024-08-18,1.123170018196106
2024-08-19,1.1204299926757812
2024-08-20,1.1126099824905396
2024-08-21,1.114259958267212
2024-08-22,1.1154799461364746
2024-08-25,1.119439959526062
2024-08-26,1.1173900365829468
2024-08-27,1.1156699657440186
2024-08-28,1.1105600595474243
2024-08-29,1.1146999597549438
2024-09-01,1.115399956703186
2024-09-02,1.1187599897384644
2024-09-03,1.1145000457763672
2024-09-04,1.1119999885559082
2024-09-05,1.1118500232696533
2024-09-08,1.1082500219345093
2024-09-09,1.1101000308990479
2024-09-10,1.1073499917984009
2024-09-11,1.1116100549697876
2024-09-12,1.1160000562667847
2024-09-15,1.1134999990463257
2024-09-16,1.1157100200653076
2024-09-17,1.1143100261688232
2024-09-18,1.1185799837112427
2024-09-19,1.1259299516677856
2024-09-22,1.1327199935913086
2024-09-23,1.131100058555603
2024-09-24,1.129870057106018
2024-09-25,1.132599949836731
2024-09-26,1.1349200010299683
2024-09-29,1.125730037689209
2024-09-30,1.1306099891662598
2024-10-01,1.1232800483703613
2024-10-02,1.1273800134658813
2024-10-03,1.118280053138733
2024-10-06,1.1269099712371826
2024-10-07,1.1180599927902222
2024-10-08,1.1224000453948975
2024-10-09,1.1243900060653687
2024-10-10,1.1187700033187866
2024-10-13,1.119860053062439
2024-10-14,1.1266000270843506
2024-10-15,1.1269099712371826
2024-10-16,1.124060034751892
2024-10-17,1.1271100044250488
2024-10-20,1.128890037536621
2024-10-21,1.1235599517822266
2024-10-22,1.123610019683838
2024-10-23,1.1192400455474854
2024-10-24,1.1232099533081055
2024-10-28,1.125290036201477
2024-10-29,1.121940016746521
2024-10-30,1.1282999515533447
2024-10-31,1.122689962387085
2024-11-01,1.1136800050735474
2024-11-04,1.1237599849700928
2024-11-05,1.1194499731063843
2024-11-06,1.124750018119812
2024-11-07,1.128000020980835
2024-11-08,1.132930040359497
2024-11-11,1.1314400434494019
2024-11-12,1.1331299543380737
2024-11-13,1.1236200332641602
2024-11-14,1.1254500150680542
2024-11-15,1.1276999711990356
2024-11-18,1.1212400197982788
2024-11-19,1.1197799444198608
2024-11-20,1.119670033454895
2024-11-21,1.117900013923645
2024-11-22,1.1160600185394287
2024-11-25,1.121340036392212
2024-11-26,1.1138399839401245
2024-11-27,1.1142699718475342
2024-11-28,1.1184200048446655
2024-11-29,1.1200900077819824
2024-12-02,1.1202399730682373
2024-12-03,1.1217999458312988
2024-12-04,1.1233700513839722
2024-12-05,1.1223900318145752
2024-12-06,1.1207000017166138
2024-12-09,1.1201200485229492
2024-12-10,1.1200599670410156
2024-12-11,1.127959966659546
2024-12-12,1.1274000406265259
2024-12-13,1.1307200193405151
2024-12-16,1.1259700059890747
2024-12-17,1.1344900131225586
2024-12-18,1.1343599557876587
2024-12-19,1.1331499814987183
2024-12-20,1.1231000423431396
2024-12-23,1.1224499940872192
2024-12-24,1.126039981842041
2024-12-25,1.128499984741211
2024-12-26,1.1279300451278687
2024-12-27,1.1261199712753296
2024-12-30,1.1343200206756592
2024-12-31,1.1333500146865845
2025-01-02,1.1363099813461304
2025-01-03,1.1289600133895874
2025-01-06,1.129889965057373
2025-01-07,1.1322200298309326
2025-01-08,1.1346900463104248
2025-01-09,1.1258599758148193
2025-01-10,1.1217000484466553
2025-01-13,1.1188100576400757
2025-01-14,1.1202399730682373
2025-01-15,1.1141200065612793
2025-01-16,1.1166199445724487
2025-01-17,1.1147899627685547
2025-01-20,1.1130900382995605
2025-01-21,1.1172000169754028
2025-01-22,1.118299961090088
2025-01-23,1.1159800291061401
2025-01-24,1.1209299564361572
2025-01-27,1.129729986190796
2025-01-28,1.1263600587844849
2025-01-29,1.124690055847168
2025-01-30,1.1287200450897217
2025-01-31,1.1298500299453735
2025-02-03,1.1247700452804565
2025-02-04,1.1331900358200073
2025-02-05,1.1294200420379639
2025-02-06,1.1269500255584717
2025-02-07,1.125499963760376
2025-02-10,1.1284600496292114
2025-02-11,1.1262400150299072
2025-02-12,1.1367700099945068
2025-02-13,1.1370899677276611
2025-02-14,1.1347299814224243
2025-02-17,1.132290005683899
2025-02-18,1.1366000175476074
2025-02-19,1.140779972076416
2025-02-20,1.1380900144577026
2025-02-21,1.1378200054168701
2025-02-24,1.1364799737930298
2025-02-25,1.1321799755096436
2025-02-26,1.1308799982070923
2025-02-27,1.1340999603271484
2025-02-28,1.13372004032135
2025-03-03,1.1375199556350708
2025-03-04,1.138949990272522
2025-03-05,1.1380599737167358
2025-03-06,1.1480900049209595
2025-03-07,1.1381100416183472
2025-03-10,1.134559988975525
2025-03-11,1.1329200267791748
2025-03-12,1.1435199975967407
2025-03-13,1.1430699825286865
2025-03-14,1.1435600519180298
2025-03-17,1.143090009689331
2025-03-18,1.1442400217056274
2025-03-19,1.1396700143814087
2025-03-20,1.1401000022888184
2025-03-21,1.1429500579833984
2025-03-24,1.1410900354385376
2025-03-25,1.140720009803772
2025-03-26,1.1425199508666992
2025-03-27,1.1385400295257568
2025-03-28,1.1416499614715576
2025-03-30,1.1395800113677979
2025-03-31,1.1418700218200684
2025-04-01,1.1419099569320679
2025-04-02,1.1438000202178955
2025-04-03,1.1245100498199463
2025-04-06,1.0993499755859375
2025-04-07,1.0946500301361084
2025-04-08,1.0814599990844727
2025-04-09,1.0971100330352783
2025-04-10,1.0661900043487549
2025-04-13,1.0703400373458862
2025-04-14,1.074910044670105
2025-04-15,1.0858700275421143
2025-04-16,1.0768799781799316
2025-04-21,1.0820000171661377
2025-04-22,1.0964499711990356
2025-04-23,1.100659966468811
2025-04-24,1.1043399572372437
2025-04-27,1.1009999513626099
2025-04-28,1.1032700538635254
2025-04-29,1.1042100191116333
2025-04-30,1.100409984588623
2025-05-01,1.101199984550476
2025-05-04,1.0936700105667114
2025-05-05,1.092560052871704
2025-05-06,1.1025999784469604
2025-05-07,1.0951600074768066
2025-05-08,1.1008199453353882
2025-05-11,1.1078100204467773
2025-05-12,1.1132500171661377
2025-05-13,1.116760015487671
2025-05-14,1.1157499551773071
2025-05-15,1.1107100248336792
2025-05-18,1.1115100383758545
2025-05-19,1.1155099868774414
2025-05-20,1.1075299978256226
2025-05-21,1.107069969177246
2025-05-22,1.1116100549697876
2025-05-25,1.1131199598312378
2025-05-26,1.1128300428390503
2025-05-27,1.1178100109100342
2025-05-28,1.118149995803833
2025-05-29,1.1096299886703491
2025-06-01,1.107300043106079
2025-06-02,1.1060600280761719
2025-06-03,1.1133999824523926
2025-06-04,1.1084599494934082
2025-06-05,1.1125600337982178
2025-06-08,1.1117700338363647
2025-06-09,1.113219976425171
2025-06-10,1.110260009765625
2025-06-11,1.110450029373169
2025-06-12,1.1021000146865845
2025-06-15,1.1002800464630127
2025-06-16,1.1037800312042236
2025-06-17,1.096940040588379
2025-06-18,1.098680019378662
2025-06-19,1.1000900268554688
2025-06-22,1.098639965057373
2025-06-23,1.1005799770355225
2025-06-24,1.0961500406265259
2025-06-25,1.1002899408340454
2025-06-26,1.0990500450134277
2025-06-29,1.095080018043518
2025-06-30,1.088539958000183
2025-07-01,1.0867899656295776
2025-07-02,1.0805200338363647
2025-07-03,1.085279941558838
2025-07-06,1.083940029144287
2025-07-07,1.0858800411224365
2025-07-08,1.081130027770996
2025-07-09,1.07778000831604
2025-07-10,1.0818099975585938
2025-07-13,1.0751099586486816
2025-07-14,1.0713399648666382
2025-07-15,1.0733100175857544
2025-07-16,1.0740400552749634
2025-07-17,1.0784000158309937
2025-07-20,1.0747599601745605
2025-07-21,1.0765199661254883
2025-07-22,1.0730700492858887
2025-07-23,1.0755800008773804
2025-07-24,1.0737799406051636
2025-07-27,1.0687600374221802
2025-07-28,1.073099970817566
2025-07-29,1.0755599737167358
2025-07-30,1.0780400037765503
2025-07-31,1.0749800205230713
2025-08-03,1.0684599876403809
2025-08-04,1.0731500387191772
2025-08-05,1.0730799436569214
2025-08-06,1.0766500234603882
2025-08-07,1.0836999416351318
2025-08-10,1.0855300426483154
2025-08-11,1.0907599925994873
2025-08-12,1.0885000228881836
2025-08-13,1.0931700468063354
2025-08-14,1.0925500392913818
2025-08-17,1.093309998512268
2025-08-18,1.090559959411621
2025-08-19,1.089359998703003
2025-08-20,1.082610011100769
2025-08-21,1.0849900245666504
2025-08-24,1.0838600397109985
2025-08-25,1.0845799446105957
2025-08-26,1.0832600593566895
2025-08-27,1.0822700262069702
2025-08-28,1.0829499959945679
2025-08-31,1.0810500383377075
2025-09-01,1.083940029144287
2025-09-02,1.0776300430297852
2025-09-03,1.0803600549697876
2025-09-04,1.0822999477386475
2025-09-07,1.078279972076416
2025-09-08,1.0743800401687622
2025-09-09,1.0778000354766846
2025-09-10,1.0808500051498413
2025-09-11,1.0805200338363647
2025-09-14,1.0797300338745117
2025-09-15,1.0808299779891968
2025-09-16,1.072950005531311
2025-09-17,1.0744099617004395
2025-09-18,1.0742199420928955
2025-09-21,1.0716999769210815
2025-09-22,1.0707000494003296
2025-09-23,1.0701600313186646
2025-09-24,1.068969964981079
2025-09-25,1.0669000148773193
2025-09-28,1.069200038909912
2025-09-29,1.0713000297546387
2025-09-30,1.0705100297927856
2025-10-01,1.0741100311279297
2025-10-02,1.071679949760437
2025-10-05,1.0707800388336182
2025-10-06,1.0718499422073364
2025-10-07,1.0717099905014038
2025-10-08,1.0740100145339966
2025-10-09,1.0724600553512573
2025-10-12,1.069890022277832
2025-10-13,1.0722299814224243
2025-10-14,1.0676100254058838
2025-10-15,1.0676300525665283
2025-10-16,1.064579963684082
2025-10-19,1.065369963645935
2025-10-20,1.0621800422668457
2025-10-21,1.0646899938583374
2025-10-22,1.0628199577331543
2025-10-23,1.059540033340454
2025-10-27,1.060420036315918
2025-10-28,1.0599499940872192
2025-10-29,1.052690029144287
2025-10-30,1.0556199550628662
2025-10-31,1.0547200441360474
2025-11-03,1.0570399761199951
2025-11-04,1.0614299774169922
2025-11-05,1.0550600290298462
2025-11-06,1.0567599534988403
2025-11-07,1.059209942817688
2025-11-10,1.060439944267273
2025-11-11,1.0604300498962402
2025-11-12,1.0525399446487427
2025-11-13,1.0472899675369263
2025-11-14,1.0432000160217285
2025-11-17,1.0451200008392334
2025-11-18,1.0473500490188599
2025-11-19,1.0519599914550781
2025-11-20,1.0518699884414673
2025-11-21,1.053879976272583
2025-11-24,1.0590300559997559
2025-11-25,1.0596599578857422
2025-11-26,1.0630799531936646
2025-11-27,1.0641299486160278
2025-11-28,1.0652400255203247
2025-12-01,1.0634599924087524
2025-12-02,1.0629199743270874
2025-12-03,1.061229944229126
2025-12-04,1.0674599409103394
2025-12-05,1.0706700086593628
2025-12-08,1.0723400115966797
2025-12-09,1.07492995262146
2025-12-10,1.072160005569458
2025-12-11,1.0701299905776978
2025-12-12,1.0642499923706055
2025-12-15,1.06413996219635
2025-12-16,1.0649700164794922
2025-12-17,1.0674899816513062
2025-12-18,1.063439965248108
2025-12-19,1.062399983406067
2025-12-22,1.0642999410629272
2025-12-23,1.0658799409866333
2025-12-24,1.0640100240707397
2025-12-26,1.0643999576568604
2025-12-29,1.065060019493103
2025-12-30,1.065600037574768
2025-12-31,1.0662200450897217
2026-01-02,1.0670299530029297
2026-01-05,1.0660799741744995
2026-01-06,1.0719300508499146
2026-01-07,1.074139952659607
2026-01-08,1.0734800100326538
2026-01-09,1.0734599828720093
2026-01-12,1.0735199451446533
2026-01-13,1.0735900402069092
2026-01-14,1.0753999948501587
2026-01-15,1.0748200416564941
2026-01-16,1.0749000310897827
2026-01-19,1.0704400539398193
2026-01-20,1.0703999996185303
2026-01-21,1.0611499547958374
2026-01-22,1.06850004196167
2026-01-23,1.065000057220459
2026-01-26,1.062749981880188
2026-01-27,1.0629899501800537
2026-01-28,1.0549299716949463
2026-01-29,1.0585099458694458
2026-01-30,1.0552699565887451
2026-02-02,1.0579899549484253
2026-02-03,1.0650099515914917
2026-02-04,1.0624200105667114
2026-02-05,1.0604599714279175
2026-02-06,1.0514400005340576
2026-02-09,1.0556700229644775
2026-02-10,1.0495500564575195
2026-02-11,1.047860026359558
2026-02-12,1.0504800081253052
2026-02-13,1.0476000308990479
2026-02-16,1.04830002784729
2026-02-17,1.0488100051879883
2026-02-18,1.0446499586105347
2026-02-19,1.0423500537872314
2026-02-20,1.043619990348816
2026-02-23,1.0442399978637695
2026-02-24,1.0448299646377563
2026-02-25,1.0441999435424805
2026-02-26,1.046779990196228
2026-02-27,1.0430599451065063
2026-03-02,1.0316100120544434
2026-03-03,1.0441299676895142
2026-03-04,1.0439499616622925
2026-03-05,1.0415400266647339
2026-03-06,1.0426900386810303
2026-03-09,1.0389599800109863
2026-03-10,1.0439000129699707
2026-03-11,1.0447100400924683
2026-03-12,1.046049952507019
2026-03-13,1.0484999418258667
2026-03-16,1.0463500022888184
2026-03-17,1.0491600036621094
2026-03-18,1.0482800006866455
2026-03-19,1.0513700246810913
2026-03-20,1.0589799880981445
2026-03-23,1.0501999855041504
2026-03-24,1.0559799671173096
2026-03-25,1.057070016860962
2026-03-26,1.057610034942627
2026-03-27,1.059559941291809
2026-03-29,1.058650016784668
2026-03-30,1.0534600019454956
2026-03-31,1.0562599897384644
2026-04-01,1.0559899806976318
2026-04-02,1.0563700199127197
2026-04-05,1.0562800168991089
2026-04-06,1.0560699701309204
2026-04-07,1.0592000484466553
2026-04-08,1.059880018234253
2026-04-09,1.0619800090789795
2026-04-12,1.0614999532699585
2026-04-13,1.0584100484848022
2026-04-14,1.0599600076675415
2026-04-15,1.0603200197219849
2026-04-16,1.0592000484466553
2026-04-19,1.0565600395202637
2026-04-20,1.0532599687576294
2026-04-21,1.0542800426483154
2026-04-22,1.0593500137329102
2026-04-23,1.058590054512024
2026-04-26,1.0626399517059326
2026-04-27,1.0630600452423096
2026-04-28,1.0667099952697754
2026-04-29,1.0662000179290771
2026-04-30,1.0629500150680542
2026-05-03,1.0608099699020386
2026-05-04,1.0607500076293945
2026-05-05,1.060130000114441
2026-05-06,1.0584900379180908
2026-05-07,1.0576000213623047
2026-05-10,1.057229995727539
2026-05-11,1.0585500001907349
2026-05-12,1.056339979171753
2026-05-13,1.0572799444198608
2026-05-14,1.0500199794769287
2026-05-17,1.047760009765625
2026-05-18,1.0535800457000732
2026-05-19,1.0564899444580078
2026-05-20,1.0571500062942505
2026-05-21,1.056339979171753
2026-05-24,1.0544500350952148
2026-05-25,1.0569900274276733
2026-05-26,1.0562700033187866
2026-05-27,1.056879997253418
2026-05-28,1.0534800291061401
2026-05-31,1.051509976387024
2026-06-01,1.0582000017166138
2026-06-02,1.0603899955749512
2026-06-03,1.0619800090789795
2026-06-04,1.0590200424194336
2026-06-07,1.0620800256729126
2026-06-08,1.0641200542449951
2026-06-09,1.0685299634933472
2026-06-10,1.0687899589538574
2026-06-11,1.0663700103759766
2026-06-14,1.0677599906921387
2026-06-15,1.0656299591064453
2026-06-16,1.0646400451660156
2026-06-17,1.063230037689209
2026-06-18,1.0625499486923218
2026-06-21,1.0671099424362183
2026-06-22,1.0713599920272827
2026-06-23,1.0686700344085693
2026-06-24,1.0696200132369995
2026-06-25,1.0690200328826904
2026-06-28,1.0688999891281128
2026-06-29,1.070199966430664
2026-07-01,1.0733699798583984
