,ICVT
2016-07-01,32.55225372314453
2016-07-05,32.55225372314453
2016-07-06,32.61065673828125
2016-07-07,32.800376892089844
2016-07-08,33.041194915771484
2016-07-11,33.26666259765625
2016-07-12,33.60307693481445
2016-07-13,33.75629806518555
2016-07-14,33.82196807861328
2016-07-15,33.697933197021484
2016-07-18,33.800079345703125
2016-07-19,33.58919906616211
2016-07-20,33.80735778808594
2016-07-21,33.95989227294922
2016-07-22,33.924137115478516
2016-07-25,33.94603729248047
2016-07-26,33.94603729248047
2016-07-27,33.79279708862305
2016-07-28,34.157630920410156
2016-07-29,34.741397857666016
2016-08-01,34.51633071899414
2016-08-02,33.995819091796875
2016-08-03,34.281005859375
2016-08-04,34.175411224365234
2016-08-05,34.175411224365234
2016-08-08,34.52073669433594
2016-08-09,34.640968322753906
2016-08-10,34.567649841308594
2016-08-11,34.413700103759766
2016-08-12,34.70182418823242
2016-08-15,34.670310974121094
2016-08-16,34.494346618652344
2016-08-17,34.494346618652344
2016-08-18,34.714290618896484
2016-08-19,34.42616271972656
2016-08-22,34.633644104003906
2016-08-23,34.736263275146484
2016-08-24,34.69228744506836
2016-08-25,34.772911071777344
2016-08-26,34.720863342285156
2016-08-29,34.90489959716797
2016-08-30,34.677616119384766
2016-08-31,34.78024673461914
2016-09-01,34.74489212036133
2016-09-02,34.82521438598633
2016-09-06,34.789100646972656
2016-09-07,34.789100646972656
2016-09-08,34.71541976928711
2016-09-09,34.26590347290039
2016-09-12,34.538543701171875
2016-09-13,34.236419677734375
2016-09-14,34.457489013671875
2016-09-15,34.457489013671875
2016-09-16,34.30274963378906
2016-09-19,34.556251525878906
2016-09-20,34.52676773071289
2016-09-21,34.74489212036133
2016-09-22,34.951202392578125
2016-09-23,34.951202392578125
2016-09-26,35.068389892578125
2016-09-27,35.068389892578125
2016-09-28,35.23860549926758
2016-09-29,34.95858383178711
2016-09-30,34.95858383178711
2016-10-03,35.20568084716797
2016-10-04,35.20568084716797
2016-10-05,35.20568084716797
2016-10-06,35.14281463623047
2016-10-07,35.367008209228516
2016-10-10,35.560829162597656
2016-10-11,35.442474365234375
2016-10-12,35.03923416137695
2016-10-13,34.65229415893555
2016-10-14,34.65229415893555
2016-10-17,34.59532165527344
2016-10-18,34.92676544189453
2016-10-19,34.824668884277344
2016-10-20,34.987464904785156
2016-10-21,34.987464904785156
2016-10-24,35.02811813354492
2016-10-25,34.957115173339844
2016-10-26,35.06881332397461
2016-10-27,34.928260803222656
2016-10-28,35.141326904296875
2016-10-31,35.0096435546875
2016-11-01,34.67319107055664
2016-11-02,34.480533599853516
2016-11-03,34.35158157348633
2016-11-04,34.525001525878906
2016-11-07,35.08818817138672
2016-11-08,34.85105514526367
2016-11-09,35.058555603027344
2016-11-10,34.92960739135742
2016-11-11,34.984432220458984
2016-11-14,34.977027893066406
2016-11-15,35.451316833496094
2016-11-16,35.35050582885742
2016-11-17,35.66621780395508
2016-11-18,35.915191650390625
2016-11-21,36.17012405395508
2016-11-22,36.051551818847656
2016-11-23,36.11082458496094
2016-11-25,36.23677444458008
2016-11-28,36.07378005981445
2016-11-29,36.27385711669922
2016-11-30,36.12563705444336
2016-12-01,35.477691650390625
2016-12-02,35.366371154785156
2016-12-05,35.544498443603516
2016-12-06,35.89333724975586
2016-12-07,36.197628021240234
2016-12-08,36.236968994140625
2016-12-09,36.219905853271484
2016-12-12,36.20505905151367
2016-12-13,36.591007232666016
2016-12-14,36.004661560058594
2016-12-15,36.53904342651367
2016-12-16,36.44257736206055
2016-12-19,36.42328643798828
2016-12-20,36.48487091064453
2016-12-21,36.827030181884766
2016-12-22,36.616058349609375
2016-12-23,36.775596618652344
2016-12-27,36.917266845703125
2016-12-28,36.57728576660156
2016-12-29,36.57728576660156
2016-12-30,36.246280670166016
2017-01-03,36.54446792602539
2017-01-04,36.58771514892578
2017-01-05,36.82777404785156
2017-01-06,36.912757873535156
2017-01-09,37.111061096191406
2017-01-10,37.237823486328125
2017-01-11,37.26763916015625
2017-01-12,37.16322708129883
2017-01-13,37.28177261352539
2017-01-17,37.0626335144043
2017-01-18,37.05887985229492
2017-01-19,37.05887985229492
2017-01-20,37.04249954223633
2017-01-23,37.0357666015625
2017-01-24,37.257179260253906
2017-01-25,37.495765686035156
2017-01-26,37.55092239379883
2017-01-27,37.49126052856445
2017-01-30,37.44654846191406
2017-01-31,37.521080017089844
2017-02-01,37.59950637817383
2017-02-02,37.797367095947266
2017-02-03,38.00198745727539
2017-02-06,37.961666107177734
2017-02-07,37.98777389526367
2017-02-08,38.04454040527344
2017-02-09,38.28272247314453
2017-02-10,38.21177291870117
2017-02-13,38.27824401855469
2017-02-14,38.245391845703125
2017-02-15,38.38725662231445
2017-02-16,38.157283782958984
2017-02-17,38.073638916015625
2017-02-21,38.17967224121094
2017-02-22,38.31557846069336
2017-02-23,38.25657653808594
2017-02-24,38.088592529296875
2017-02-27,38.185665130615234
2017-02-28,38.178184509277344
2017-03-01,38.362144470214844
2017-03-02,38.163230895996094
2017-03-03,38.212581634521484
2017-03-06,38.264930725097656
2017-03-07,38.264930725097656
2017-03-08,37.9658203125
2017-03-09,38.11537170410156
2017-03-10,38.13031768798828
2017-03-13,38.164730072021484
2017-03-14,38.177433013916016
2017-03-15,38.21857833862305
2017-03-16,38.30233383178711
2017-03-17,38.30233383178711
2017-03-20,38.27988815307617
2017-03-21,37.75642776489258
2017-03-22,37.816253662109375
2017-03-23,37.89102554321289
2017-03-24,37.86860275268555
2017-03-27,38.077972412109375
2017-03-28,38.22526931762695
2017-03-29,38.264183044433594
2017-03-30,38.429443359375
2017-03-31,38.48104476928711
2017-04-03,38.43760299682617
2017-04-04,38.34023666381836
2017-04-05,38.287803649902344
2017-04-06,38.342464447021484
2017-04-07,38.46007537841797
2017-04-10,38.430110931396484
2017-04-11,38.407649993896484
2017-04-12,38.171714782714844
2017-04-13,38.15297317504883
2017-04-17,38.108055114746094
2017-04-18,38.19792938232422
2017-04-19,38.31026840209961
2017-04-20,38.52747344970703
2017-04-21,38.41514205932617
2017-04-24,38.69973373413086
2017-04-25,38.939395904541016
2017-04-26,38.95439529418945
2017-04-27,39.05923843383789
2017-04-28,38.92967987060547
2017-05-01,39.12095642089844
2017-05-02,38.95292663574219
2017-05-03,38.88092041015625
2017-05-04,38.79838562011719
2017-05-05,38.963436126708984
2017-05-08,38.9559326171875
2017-05-09,39.00094223022461
2017-05-10,39.2335090637207
2017-05-11,39.229740142822266
2017-05-12,39.21099853515625
2017-05-15,39.376033782958984
2017-05-16,39.57107925415039
2017-05-17,39.11346435546875
2017-05-18,39.18097686767578
2017-05-19,39.18097686767578
2017-05-22,39.402278900146484
2017-05-23,39.376033782958984
2017-05-24,39.42102813720703
2017-05-25,39.60857009887695
2017-05-26,39.63108825683594
2017-05-30,39.59730529785156
2017-05-31,39.586063385009766
2017-06-01,39.919673919677734
2017-06-02,40.07746124267578
2017-06-05,40.03989028930664
2017-06-06,40.08121871948242
2017-06-07,40.14132308959961
2017-06-08,40.3269157409668
2017-06-09,39.84452438354492
2017-06-12,39.743106842041016
2017-06-13,39.92795944213867
2017-06-14,39.74686813354492
2017-06-15,39.67246627807617
2017-06-16,39.6574592590332
2017-06-19,39.979793548583984
2017-06-20,39.82951736450195
2017-06-21,39.949737548828125
2017-06-22,40.05491256713867
2017-06-23,40.152610778808594
2017-06-26,40.04740905761719
2017-06-27,39.68675231933594
2017-06-28,40.06843566894531
2017-06-29,39.646183013916016
2017-06-30,39.551490783691406
2017-07-03,39.33695602416992
2017-07-05,39.57182693481445
2017-07-06,39.464927673339844
2017-07-07,39.78940963745117
2017-07-10,39.84210968017578
2017-07-11,40.022823333740234
2017-07-12,40.3239631652832
2017-07-13,40.361602783203125
2017-07-14,40.50163269042969
2017-07-17,40.440650939941406
2017-07-18,40.489585876464844
2017-07-19,40.70038604736328
2017-07-20,40.6702766418457
2017-07-21,40.62436294555664
2017-07-24,40.81333923339844
2017-07-25,40.84343338012695
2017-07-26,40.99401092529297
2017-07-27,40.76364517211914
2017-07-28,40.7831916809082
2017-07-31,40.557334899902344
2017-08-01,40.68406677246094
2017-08-02,40.45778274536133
2017-08-03,40.367279052734375
2017-08-04,40.374847412109375
2017-08-07,40.54754638671875
2017-08-08,40.39820861816406
2017-08-09,40.322025299072266
2017-08-10,39.756309509277344
2017-08-11,39.8694953918457
2017-08-14,40.073883056640625
2017-08-15,40.14777374267578
2017-08-16,40.14855194091797
2017-08-17,39.873233795166016
2017-08-18,39.84911346435547
2017-08-21,39.84685134887695
2017-08-22,40.08820343017578
2017-08-23,40.14101028442383
2017-08-24,40.09575653076172
2017-08-25,40.05803680419922
2017-08-28,40.07083511352539
2017-08-29,40.193817138671875
2017-08-30,40.4268798828125
2017-08-31,40.6388053894043
2017-09-01,40.792240142822266
2017-09-05,40.53071594238281
2017-09-06,40.67131423950195
2017-09-07,40.76047134399414
2017-09-08,40.46119689941406
2017-09-11,40.935821533203125
2017-09-12,40.84513473510742
2017-09-13,40.9660758972168
2017-09-14,40.79977798461914
2017-09-15,40.905601501464844
2017-09-18,41.20794677734375
2017-09-19,41.155033111572266
2017-09-20,40.94794464111328
2017-09-21,41.040897369384766
2017-09-22,41.132362365722656
2017-09-25,40.84513473510742
2017-09-26,40.818702697753906
2017-09-27,41.25328826904297
2017-09-28,41.21550369262695
2017-09-29,41.412025451660156
2017-10-02,41.199214935302734
2017-10-03,41.600608825683594
2017-10-04,41.630916595458984
2017-10-05,41.805076599121094
2017-10-06,41.87324142456055
2017-10-09,41.78993225097656
2017-10-10,41.79750442504883
2017-10-11,41.77251434326172
2017-10-12,41.7672119140625
2017-10-13,41.7672119140625
2017-10-16,41.782371520996094
2017-10-17,41.738433837890625
2017-10-18,41.90733337402344
2017-10-19,41.74448776245117
2017-10-20,41.7672119140625
2017-10-23,41.73692321777344
2017-10-24,41.782371520996094
2017-10-25,41.47943115234375
2017-10-26,41.600608825683594
2017-10-27,41.73692321777344
2017-10-30,41.86566162109375
2017-10-31,42.009552001953125
2017-11-01,42.08616638183594
2017-11-02,42.017887115478516
2017-11-03,42.17720413208008
2017-11-06,42.253074645996094
2017-11-07,42.05582046508789
2017-11-08,42.189334869384766
2017-11-09,41.95720291137695
2017-11-10,42.02547836303711
2017-11-13,42.045230865478516
2017-11-14,41.934478759765625
2017-11-15,41.72964096069336
2017-11-16,42.245487213134766
2017-11-17,42.29098892211914
2017-11-20,42.19997787475586
2017-11-21,42.55649185180664
2017-11-22,42.56409454345703
2017-11-24,42.57927322387695
2017-11-27,42.29098892211914
2017-11-28,42.47304916381836
2017-11-29,41.90412521362305
2017-11-30,42.11652374267578
2017-12-01,42.1485595703125
2017-12-04,41.64081573486328
2017-12-05,41.63317108154297
2017-12-06,41.6301155090332
2017-12-07,41.47309112548828
2017-12-08,41.564579010009766
2017-12-11,41.83903503417969
2017-12-12,41.68655014038086
2017-12-13,41.66366958618164
2017-12-14,41.70180130004883
2017-12-15,41.91524887084961
2017-12-18,42.39556884765625
2017-12-19,42.262908935546875
2017-12-20,42.45653533935547
2017-12-21,42.481788635253906
2017-12-22,42.35551452636719
2017-12-26,42.14966583251953
2017-12-27,42.1665153503418
2017-12-28,42.2039909362793
2017-12-29,42.183319091796875
2018-01-02,42.494049072265625
2018-01-03,42.75730895996094
2018-01-04,42.74200439453125
2018-01-05,42.80322265625
2018-01-08,43.002193450927734
2018-01-09,43.0787239074707
2018-01-10,42.937156677246094
2018-01-11,43.17057418823242
2018-01-12,43.3006706237793
2018-01-16,43.15985107421875
2018-01-17,43.438411712646484
2018-01-18,43.5761833190918
2018-01-19,43.775146484375
2018-01-22,43.91291427612305
2018-01-23,44.04300308227539
2018-01-24,43.76749801635742
2018-01-25,43.8516731262207
2018-01-26,44.303199768066406
2018-01-29,44.06595993041992
2018-01-30,43.66035842895508
2018-01-31,43.706275939941406
2018-02-01,43.72927474975586
2018-02-02,42.9322395324707
2018-02-05,42.30381774902344
2018-02-06,42.02792739868164
2018-02-07,42.38045120239258
2018-02-08,41.313663482666016
2018-02-09,41.43782043457031
2018-02-12,41.74435806274414
2018-02-13,41.96661376953125
2018-02-14,42.34980773925781
2018-02-15,42.56437683105469
2018-02-16,42.7613525390625
2018-02-20,42.8939323425293
2018-02-21,42.970577239990234
2018-02-22,42.76518249511719
2018-02-23,43.353729248046875
2018-02-26,43.50700378417969
2018-02-27,43.188968658447266
2018-02-28,43.21580123901367
2018-03-01,42.91562271118164
2018-03-02,43.35321807861328
2018-03-05,43.69870376586914
2018-03-06,44.105613708496094
2018-03-07,44.25914001464844
2018-03-08,44.42036056518555
2018-03-09,44.70441436767578
2018-03-12,44.99615478515625
2018-03-13,44.819583892822266
2018-03-14,44.71977233886719
2018-03-15,44.70441436767578
2018-03-16,44.658348083496094
2018-03-19,44.45873260498047
2018-03-20,44.52783203125
2018-03-21,44.589256286621094
2018-03-22,44.05184555053711
2018-03-23,43.36858367919922
2018-03-26,44.02882385253906
2018-03-27,43.24574279785156
2018-03-28,42.7543830871582
2018-03-29,43.238059997558594
2018-04-02,42.3665885925293
2018-04-03,42.87423324584961
2018-04-04,43.058860778808594
2018-04-05,43.16653060913086
2018-04-06,42.597347259521484
2018-04-09,42.68193435668945
2018-04-10,43.33575439453125
2018-04-11,43.28959274291992
2018-04-12,43.63573455810547
2018-04-13,43.48189926147461
2018-04-16,43.54342269897461
2018-04-17,43.98955535888672
2018-04-18,44.143402099609375
2018-04-19,43.804962158203125
2018-04-20,43.597259521484375
2018-04-23,43.40727996826172
2018-04-24,43.020389556884766
2018-04-25,42.966548919677734
2018-04-26,43.40497970581055
2018-04-27,43.27421188354492
2018-04-30,43.11268615722656
2018-05-01,43.18894577026367
2018-05-02,43.22362518310547
2018-05-03,43.23440933227539
2018-05-04,43.6126823425293
2018-05-07,44.04411315917969
2018-05-08,44.167354583740234
2018-05-09,44.36767578125
2018-05-10,44.52946090698242
2018-05-11,44.460121154785156
2018-05-14,44.537174224853516
2018-05-15,44.5063591003418
2018-05-16,44.74516677856445
2018-05-17,44.645023345947266
2018-05-18,44.581844329833984
2018-05-21,44.7066535949707
2018-05-22,44.58339309692383
2018-05-23,44.598793029785156
2018-05-24,44.79911804199219
2018-05-25,44.79911804199219
2018-05-29,44.69124984741211
2018-05-30,45.04564666748047
2018-05-31,44.72208023071289
2018-06-01,45.13789367675781
2018-06-04,45.26129913330078
2018-06-05,45.369319915771484
2018-06-06,45.677886962890625
2018-06-07,45.47346878051758
2018-06-08,45.48501968383789
2018-06-11,45.68483352661133
2018-06-12,45.924766540527344
2018-06-13,45.957149505615234
2018-06-14,46.07135009765625
2018-06-15,46.07907485961914
2018-06-18,46.163917541503906
2018-06-19,45.96258544921875
2018-06-20,46.27962875366211
2018-06-21,45.855350494384766
2018-06-22,45.454193115234375
2018-06-25,44.7822380065918
2018-06-26,44.84471130371094
2018-06-27,44.227542877197266
2018-06-28,44.4127082824707
2018-06-29,44.52071762084961
2018-07-02,44.57865905761719
2018-07-03,44.47592544555664
2018-07-05,44.78486633300781
2018-07-06,45.19426345825195
2018-07-09,45.379634857177734
2018-07-10,45.37192153930664
2018-07-11,45.124755859375
2018-07-12,45.572750091552734
2018-07-13,45.495513916015625
2018-07-16,45.333309173583984
2018-07-17,45.564247131347656
2018-07-18,45.603633880615234
2018-07-19,45.52640151977539
2018-07-20,45.433719635009766
2018-07-23,45.4028434753418
2018-07-24,45.07841110229492
2018-07-25,45.268428802490234
2018-07-26,45.510963439941406
2018-07-27,45.03592300415039
2018-07-30,44.60721969604492
2018-07-31,44.692195892333984
2018-08-01,44.81515884399414
2018-08-02,45.24047088623047
2018-08-03,45.20183181762695
2018-08-06,45.495697021484375
2018-08-07,45.7895622253418
2018-08-08,45.701393127441406
2018-08-09,45.77409362792969
2018-08-10,45.37968063354492
2018-08-13,45.2559700012207
2018-08-14,45.271427154541016
2018-08-15,44.81515884399414
2018-08-16,44.89250564575195
2018-08-17,44.822898864746094
2018-08-20,44.969825744628906
2018-08-21,45.341033935546875
2018-08-22,45.561424255371094
2018-08-23,45.58076095581055
2018-08-24,46.03702926635742
2018-08-27,46.27677536010742
2018-08-28,46.28449630737305
2018-08-29,46.49409484863281
2018-08-30,46.3154411315918
2018-08-31,46.400516510009766
2018-09-04,46.47174072265625
2018-09-05,45.902671813964844
2018-09-06,45.7594108581543
2018-09-07,45.71836471557617
2018-09-10,45.82909393310547
2018-09-11,45.860069274902344
2018-09-12,46.04587936401367
2018-09-13,46.18525314331055
2018-09-14,46.40979766845703
2018-09-17,45.867828369140625
2018-09-18,46.022666931152344
2018-09-19,45.96844482421875
2018-09-20,46.10783767700195
2018-09-21,45.98393249511719
2018-09-24,46.100074768066406
2018-09-25,46.32075119018555
2018-09-26,46.14653778076172
2018-09-27,46.293663024902344
2018-09-28,46.34783935546875
2018-10-01,46.21142578125
2018-10-02,45.87807083129883
2018-10-03,45.916831970214844
2018-10-04,45.37803649902344
2018-10-05,45.0175666809082
2018-10-08,44.5291633605957
2018-10-09,44.47491455078125
2018-10-10,43.42059326171875
2018-10-11,43.34306716918945
2018-10-12,43.80819320678711
2018-10-15,43.730682373046875
2018-10-16,44.48263931274414
2018-10-17,44.622196197509766
2018-10-18,44.31984329223633
2018-10-19,43.575626373291016
2018-10-22,43.69192886352539
2018-10-23,43.56789016723633
2018-10-24,42.459320068359375
2018-10-25,42.932186126708984
2018-10-26,42.4670524597168
2018-10-29,42.37403106689453
2018-10-30,42.77714920043945
2018-10-31,43.238407135009766
2018-11-01,43.88585662841797
2018-11-02,43.96350860595703
2018-11-05,43.79273223876953
2018-11-06,44.21969223022461
2018-11-07,44.70101547241211
2018-11-08,44.402130126953125
2018-11-09,43.92313766479492
2018-11-12,43.218223571777344
2018-11-13,43.218223571777344
2018-11-14,43.04744338989258
2018-11-15,43.567569732666016
2018-11-16,43.63745880126953
2018-11-19,42.65927505493164
2018-11-20,42.25559616088867
2018-11-21,42.58939743041992
2018-11-23,42.68022918701172
2018-11-26,43.16388702392578
2018-11-27,42.96979904174805
2018-11-28,43.67625045776367
2018-11-29,43.66073226928711
2018-11-30,43.8470458984375
2018-12-03,44.99121856689453
2018-12-04,43.85179901123047
2018-12-06,43.85179901123047
2018-12-07,43.12383270263672
2018-12-10,43.321659088134766
2018-12-11,43.32957458496094
2018-12-12,43.638153076171875
2018-12-13,43.28999710083008
2018-12-14,42.94975280761719
2018-12-17,42.11103057861328
2018-12-18,42.25359344482422
2018-12-19,41.796226501464844
2018-12-20,41.22751235961914
2018-12-21,40.44253158569336
2018-12-24,40.0740966796875
2018-12-26,41.39574432373047
2018-12-27,41.51987838745117
2018-12-28,41.70811462402344
2018-12-31,42.06855010986328
2019-01-02,41.852298736572266
2019-01-03,41.23151779174805
2019-01-04,42.06855010986328
2019-01-07,42.66533660888672
2019-01-08,42.917640686035156
2019-01-09,43.31813430786133
2019-01-10,43.51838684082031
2019-01-11,43.654544830322266
2019-01-14,43.34217071533203
2019-01-15,43.62251663208008
2019-01-16,43.51838684082031
2019-01-17,43.81475830078125
2019-01-18,44.15916442871094
2019-01-22,43.63850784301758
2019-01-23,43.63051986694336
2019-01-24,43.982948303222656
2019-01-25,44.38346481323242
2019-01-28,44.15118408203125
2019-01-29,43.95090866088867
2019-01-30,44.47959899902344
2019-01-31,44.88808059692383
2019-02-01,45.28274154663086
2019-02-04,45.403079986572266
2019-02-05,45.5153923034668
2019-02-06,45.74803924560547
2019-02-07,45.38703918457031
2019-02-08,45.5474853515625
2019-02-11,45.659767150878906
2019-02-12,46.03682327270508
2019-02-13,46.000701904296875
2019-02-14,46.10898971557617
2019-02-15,46.317562103271484
2019-02-19,46.37372589111328
2019-02-20,46.20365524291992
2019-02-21,46.00471496582031
2019-02-22,46.486026763916016
2019-02-25,46.734703063964844
2019-02-26,46.68655014038086
2019-02-27,46.87107467651367
2019-02-28,46.72667694091797
2019-03-01,46.8415412902832
2019-03-04,46.521854400634766
2019-03-05,46.43752670288086
2019-03-06,46.0800895690918
2019-03-07,45.89535140991211
2019-03-08,45.89535140991211
2019-03-11,46.417442321777344
2019-03-12,46.578086853027344
2019-03-13,46.722652435302734
2019-03-14,46.690528869628906
2019-03-15,46.746761322021484
2019-03-18,46.82708740234375
2019-03-19,47.03590774536133
2019-03-20,46.923465728759766
2019-03-21,47.43751907348633
2019-03-22,46.62628936767578
2019-03-25,46.46562576293945
2019-03-26,46.521854400634766
2019-03-27,46.131492614746094
2019-03-28,46.31301498413086
2019-03-29,46.55399703979492
2019-04-01,46.96418762207031
2019-04-02,46.86766052246094
2019-04-03,47.277870178222656
2019-04-04,47.02048110961914
2019-04-05,47.3020133972168
2019-04-08,47.2939453125
2019-04-09,47.11701583862305
2019-04-10,47.495033264160156
2019-04-11,47.46285629272461
2019-04-12,47.46285629272461
2019-04-15,47.47893524169922
2019-04-16,47.46285629272461
2019-04-17,47.3100471496582
2019-04-18,47.3020133972168
2019-04-22,47.48698043823242
2019-04-23,47.6719856262207
2019-04-24,47.70817947387695
2019-04-25,47.60762405395508
2019-04-26,47.97764587402344
2019-04-29,47.89719772338867
2019-04-30,47.92936325073242
2019-05-01,47.605621337890625
2019-05-02,47.734466552734375
2019-05-03,48.16533660888672
2019-05-06,47.9478759765625
2019-05-07,47.29151153564453
2019-05-08,47.25929641723633
2019-05-09,47.22709655761719
2019-05-10,47.21902847290039
2019-05-13,46.16400146484375
2019-05-14,46.70358657836914
2019-05-15,46.90251922607422
2019-05-16,47.15862274169922
2019-05-17,46.84854507446289
2019-05-20,46.284786224365234
2019-05-21,46.67943572998047
2019-05-22,46.6633186340332
2019-05-23,46.21231460571289
2019-05-24,46.20344543457031
2019-05-28,46.228431701660156
2019-05-29,45.997276306152344
2019-05-30,46.027095794677734
2019-05-31,45.80158233642578
2019-06-03,45.522552490234375
2019-06-04,46.24187469482422
2019-06-05,46.466060638427734
2019-06-06,46.587039947509766
2019-06-07,47.006385803222656
2019-06-10,47.2934455871582
2019-06-11,47.232177734375
2019-06-12,47.18135070800781
2019-06-13,47.337013244628906
2019-06-14,47.05958938598633
2019-06-17,47.07894515991211
2019-06-18,47.61924743652344
2019-06-19,47.865203857421875
2019-06-20,47.97407913208008
2019-06-21,47.788597106933594
2019-06-24,47.67570114135742
2019-06-25,47.280555725097656
2019-06-26,47.4240837097168
2019-06-27,47.901512145996094
2019-06-28,48.006343841552734
2019-07-01,48.40283203125
2019-07-02,48.410884857177734
2019-07-03,48.60470962524414
2019-07-05,48.62246322631836
2019-07-08,48.54010772705078
2019-07-09,48.806575775146484
2019-07-10,49.02460861206055
2019-07-11,49.05690383911133
2019-07-12,49.13767623901367
2019-07-15,49.17803955078125
2019-07-16,49.000389099121094
2019-07-17,49.060943603515625
2019-07-18,49.16190719604492
2019-07-19,48.83079147338867
2019-07-22,49.06499099731445
2019-07-23,49.16997146606445
2019-07-24,49.597965240478516
2019-07-25,49.22649383544922
2019-07-26,49.468753814697266
2019-07-29,49.242652893066406
2019-07-30,49.33957290649414
2019-07-31,48.976165771484375
2019-08-01,48.70450973510742
2019-08-02,48.28409957885742
2019-08-05,47.16835403442383
2019-08-06,47.604949951171875
2019-08-07,47.73429870605469
2019-08-08,48.43769073486328
2019-08-09,48.275997161865234
2019-08-12,47.758575439453125
2019-08-13,48.267913818359375
2019-08-14,47.34620666503906
2019-08-15,47.3057975769043
2019-08-16,47.66960144042969
2019-08-19,47.878204345703125
2019-08-20,47.834556579589844
2019-08-21,48.13047790527344
2019-08-22,47.97686004638672
2019-08-23,47.59684371948242
2019-08-26,47.750465393066406
2019-08-27,47.54026412963867
2019-08-28,47.637290954589844
2019-08-29,47.9364128112793
2019-08-30,47.758575439453125
2019-09-03,47.492191314697266
2019-09-04,47.75935745239258
2019-09-05,47.99415969848633
2019-09-06,47.95368194580078
2019-09-09,47.62982940673828
2019-09-10,47.62982940673828
2019-09-11,48.083213806152344
2019-09-12,48.115604400634766
2019-09-13,48.083213806152344
2019-09-16,48.220848083496094
2019-09-17,48.390872955322266
2019-09-18,48.22892761230469
2019-09-19,48.160118103027344
2019-09-20,48.038700103759766
2019-09-23,48.05891799926758
2019-09-24,47.56910705566406
2019-09-25,47.585304260253906
2019-09-26,47.51647186279297
2019-09-27,47.022605895996094
2019-09-30,47.07118225097656
2019-10-01,46.80042266845703
2019-10-02,46.346435546875
2019-10-03,46.82474899291992
2019-10-04,47.23008346557617
2019-10-07,47.23817825317383
2019-10-08,46.654518127441406
2019-10-09,46.8409423828125
2019-10-10,47.011192321777344
2019-10-11,47.42463684082031
2019-10-14,47.55030059814453
2019-10-15,47.862403869628906
2019-10-16,47.586795806884766
2019-10-17,47.67192077636719
2019-10-18,47.303043365478516
2019-10-21,47.530029296875
2019-10-22,47.307098388671875
2019-10-23,47.201698303222656
2019-10-24,47.619197845458984
2019-10-25,47.93537139892578
2019-10-28,48.2191162109375
2019-10-29,47.95969772338867
2019-10-30,48.17047882080078
2019-10-31,47.9839973449707
2019-11-01,48.397193908691406
2019-11-04,48.527069091796875
2019-11-05,48.437782287597656
2019-11-06,48.35661315917969
2019-11-07,48.58389663696289
2019-11-08,48.74626159667969
2019-11-11,48.89643096923828
2019-11-12,48.851776123046875
2019-11-13,48.87614059448242
2019-11-14,48.87614059448242
2019-11-15,49.144020080566406
2019-11-18,49.217079162597656
2019-11-19,49.233314514160156
2019-11-20,49.24956512451172
2019-11-21,49.144020080566406
2019-11-22,49.17648696899414
2019-11-25,49.59861755371094
2019-11-26,49.748775482177734
2019-11-27,49.92329406738281
2019-11-29,49.77717971801758
2019-12-02,49.48619079589844
2019-12-03,49.41303634643555
2019-12-04,49.421173095703125
2019-12-05,49.55121612548828
2019-12-06,49.79507064819336
2019-12-09,49.68125915527344
2019-12-10,49.640625
2019-12-11,49.65689468383789
2019-12-12,49.843833923339844
2019-12-13,50.01454162597656
2019-12-16,50.331539154052734
2019-12-17,50.323429107666016
2019-12-18,50.486000061035156
2019-12-19,50.82252502441406
2019-12-20,50.9287109375
2019-12-23,51.10676956176758
2019-12-24,51.20643997192383
2019-12-26,51.377952575683594
2019-12-27,51.36980056762695
2019-12-30,51.06757736206055
2019-12-31,51.22275161743164
2020-01-02,51.77002716064453
2020-01-03,51.69651794433594
2020-01-06,51.810882568359375
2020-01-07,51.99874496459961
2020-01-08,52.227447509765625
2020-01-09,52.40717315673828
2020-01-10,52.333641052246094
2020-01-13,52.804954528808594
2020-01-14,52.9054069519043
2020-01-15,52.897239685058594
2020-01-16,53.07695007324219
2020-01-17,53.15863800048828
2020-01-21,53.101444244384766
2020-01-22,53.26482009887695
2020-01-23,53.3709831237793
2020-01-24,52.98708724975586
2020-01-27,52.521507263183594
2020-01-28,52.913578033447266
2020-01-29,52.79920959472656
2020-01-30,53.105525970458984
2020-01-31,52.61952590942383
2020-02-03,53.29594802856445
2020-02-04,54.3837890625
2020-02-05,53.9257698059082
2020-02-06,54.25292205810547
2020-02-07,54.04845428466797
2020-02-10,54.58009338378906
2020-02-11,54.80094909667969
2020-02-12,55.038124084472656
2020-02-13,55.29169464111328
2020-02-14,55.45527267456055
2020-02-18,55.741539001464844
2020-02-19,56.224143981933594
2020-02-20,56.12596130371094
2020-02-21,55.59430694580078
2020-02-24,54.01572799682617
2020-02-25,53.06694030761719
2020-02-26,52.756134033203125
2020-02-27,51.56193161010742
2020-02-28,51.651912689208984
2020-03-02,52.57817840576172
2020-03-03,52.111366271972656
2020-03-04,52.85662841796875
2020-03-05,52.25878143310547
2020-03-06,51.12041473388672
2020-03-09,47.78717041015625
2020-03-10,49.41695022583008
2020-03-11,46.820762634277344
2020-03-12,42.05437088012695
2020-03-13,45.256526947021484
2020-03-16,41.66944122314453
2020-03-17,42.58668518066406
2020-03-18,39.44346618652344
2020-03-19,39.53192901611328
2020-03-20,40.53925323486328
2020-03-23,38.13147735595703
2020-03-24,41.939693450927734
2020-03-25,43.39748764038086
2020-03-26,45.0108528137207
2020-03-27,44.84296798706055
2020-03-30,44.97809600830078
2020-03-31,44.51946258544922
2020-04-01,42.41902542114258
2020-04-02,43.18998336791992
2020-04-03,42.69788360595703
2020-04-06,44.2643928527832
2020-04-07,44.31360626220703
2020-04-08,45.74889373779297
2020-04-09,46.51985549926758
2020-04-13,47.67628479003906
2020-04-14,48.201202392578125
2020-04-15,47.98796463012695
2020-04-16,48.266807556152344
2020-04-17,48.750709533691406
2020-04-20,49.04597854614258
2020-04-21,47.94285202026367
2020-04-22,48.71790313720703
2020-04-23,48.767112731933594
2020-04-24,49.26740646362305
2020-04-27,50.07118606567383
2020-04-28,49.726722717285156
2020-04-29,50.6452751159668
2020-04-30,50.276214599609375
2020-05-01,49.548675537109375
2020-05-04,49.51582336425781
2020-05-05,50.51765060424805
2020-05-06,50.60797119140625
2020-05-07,51.3552131652832
2020-05-08,52.13532257080078
2020-05-11,52.34880828857422
2020-05-12,51.691898345947266
2020-05-13,51.18277359008789
2020-05-14,51.323219299316406
2020-05-15,51.47018814086914
2020-05-18,52.12711715698242
2020-05-19,52.30776596069336
2020-05-20,52.972896575927734
2020-05-21,52.80044937133789
2020-05-22,53.21104049682617
2020-05-26,53.79404067993164
2020-05-27,53.547706604003906
2020-05-28,53.679115295410156
2020-05-29,53.92545700073242
2020-06-01,54.76883316040039
2020-06-02,55.354103088378906
2020-06-03,56.081565856933594
2020-06-04,55.502052307128906
2020-06-05,56.47202682495117
2020-06-08,57.368003845214844
2020-06-09,57.113189697265625
2020-06-10,57.05565643310547
2020-06-11,54.57320022583008
2020-06-12,55.641807556152344
2020-06-15,56.36515808105469
2020-06-16,57.27760314941406
2020-06-17,57.4880485534668
2020-06-18,57.77901077270508
2020-06-19,57.384456634521484
2020-06-22,58.214683532714844
2020-06-23,58.32975769042969
2020-06-24,57.09674072265625
2020-06-25,57.86118698120117
2020-06-26,58.370872497558594
2020-06-29,57.49954605102539
2020-06-30,58.32975769042969
2020-07-01,58.91065979003906
2020-07-02,59.44544219970703
2020-07-06,60.24354553222656
2020-07-07,60.29293441772461
2020-07-08,61.14036560058594
2020-07-09,61.23086166381836
2020-07-10,61.6751594543457
2020-07-13,60.457462310791016
2020-07-14,60.7948112487793
2020-07-15,61.42011642456055
2020-07-16,61.3049430847168
2020-07-17,61.3707275390625
2020-07-20,62.621360778808594
2020-07-21,62.448570251464844
2020-07-22,62.53084945678711
2020-07-23,61.658714294433594
2020-07-24,60.868858337402344
2020-07-27,62.004276275634766
2020-07-28,61.436561584472656
2020-07-29,62.42390060424805
2020-07-30,62.2511100769043
2020-07-31,62.64603805541992
2020-08-03,63.48603057861328
2020-08-04,63.733097076416016
2020-08-05,64.29312133789062
2020-08-06,64.21080017089844
2020-08-07,63.48603057861328
2020-08-10,63.27193832397461
2020-08-11,62.82720947265625
2020-08-12,63.37899398803711
2020-08-13,64.45783233642578
2020-08-14,64.18602752685547
2020-08-17,65.47900390625
2020-08-18,66.01432800292969
2020-08-19,65.98957061767578
2020-08-20,66.55781555175781
2020-08-21,66.50840759277344
2020-08-24,66.52491760253906
2020-08-25,66.7801742553711
2020-08-26,67.71078491210938
2020-08-27,67.87548065185547
2020-08-28,68.18844604492188
2020-08-31,69.06134796142578
2020-09-01,69.5344467163086
2020-09-02,69.08938598632812
2020-09-03,66.26251220703125
2020-09-04,66.3201675415039
2020-09-08,63.53448486328125
2020-09-09,64.50707244873047
2020-09-10,64.49877166748047
2020-09-11,64.26803588867188
2020-09-14,65.78450012207031
2020-09-15,66.6993179321289
2020-09-16,66.6580810546875
2020-09-17,66.1224136352539
2020-09-18,66.50151824951172
2020-09-21,66.46031188964844
2020-09-22,66.24603271484375
2020-09-23,64.63069152832031
2020-09-24,64.25981140136719
2020-09-25,65.73502349853516
2020-09-28,66.76522827148438
2020-09-29,66.57569122314453
2020-09-30,66.55097961425781
2020-10-01,68.05294799804688
2020-10-02,67.13248443603516
2020-10-05,68.16349029541016
2020-10-06,67.56139373779297
2020-10-07,68.70789337158203
2020-10-08,68.90582275390625
2020-10-09,69.5739517211914
2020-10-12,69.82138061523438
2020-10-13,70.02759552001953
2020-10-14,69.97808074951172
2020-10-15,69.75540161132812
2020-10-16,69.6481704711914
2020-10-19,69.3512191772461
2020-10-20,69.28528594970703
2020-10-21,68.95535278320312
2020-10-22,69.3512191772461
2020-10-23,69.90387725830078
2020-10-26,68.73265838623047
2020-10-27,68.91410827636719
2020-10-28,67.64385223388672
2020-10-29,68.34497833251953
2020-10-30,66.76541137695312
2020-11-02,66.89337921142578
2020-11-03,68.4371337890625
2020-11-04,69.60115051269531
2020-11-05,71.84659576416016
2020-11-06,71.75582885742188
2020-11-09,71.1613998413086
2020-11-10,69.70845794677734
2020-11-11,70.84769439697266
2020-11-12,70.97978973388672
2020-11-13,71.34300994873047
2020-11-16,71.59894561767578
2020-11-17,72.26762390136719
2020-11-18,72.20986938476562
2020-11-19,73.85264587402344
2020-11-20,74.15812683105469
2020-11-23,75.41291046142578
2020-11-24,75.48723602294922
2020-11-25,76.23021697998047
2020-11-27,77.03594207763672
2020-11-30,76.41184997558594
2020-12-01,76.21772766113281
2020-12-02,76.72010803222656
2020-12-03,77.39276123046875
2020-12-04,78.23573303222656
2020-12-07,79.08726501464844
2020-12-08,79.85359191894531
2020-12-09,78.32940673828125
2020-12-10,79.61518096923828
2020-12-11,79.3086166381836
2020-12-14,80.05793762207031
2020-12-15,80.18566131591797
2020-12-16,80.3389663696289
2020-12-17,82.00113677978516
2020-12-18,82.03533172607422
2020-12-21,82.29159545898438
2020-12-22,82.74432373046875
2020-12-23,82.4624252319336
2020-12-24,82.5478744506836
2020-12-28,81.64241790771484
2020-12-29,81.5655288696289
2020-12-30,82.76992797851562
2020-12-31,82.4709701538086
2021-01-04,82.57349395751953
2021-01-05,83.55580139160156
2021-01-06,83.40201568603516
2021-01-07,85.8449935913086
2021-01-08,87.5277099609375
2021-01-11,86.20375061035156
2021-01-12,87.5106430053711
2021-01-13,87.5106430053711
2021-01-14,87.92066192626953
2021-01-15,86.69061279296875
2021-01-19,87.58750915527344
2021-01-20,88.2623291015625
2021-01-21,88.10855865478516
2021-01-22,88.46731567382812
2021-01-25,88.62104034423828
2021-01-26,87.4593734741211
2021-01-27,85.49476623535156
2021-01-28,86.81871795654297
2021-01-29,85.272705078125
2021-02-01,87.24535369873047
2021-02-02,89.0360107421875
2021-02-03,89.20693969726562
2021-02-04,90.34371185302734
2021-02-05,91.48902893066406
2021-02-08,92.50618743896484
2021-02-09,92.7027816772461
2021-02-10,92.45487976074219
2021-02-11,93.42073059082031
2021-02-12,94.08738708496094
2021-02-16,93.70279693603516
2021-02-17,93.16429138183594
2021-02-18,92.45487976074219
2021-02-19,93.66856384277344
2021-02-22,90.84801483154297
2021-02-23,90.26677703857422
2021-02-24,91.03604888916016
2021-02-25,87.96760559082031
2021-02-26,88.78813171386719
2021-03-01,90.91586303710938
2021-03-02,89.29956817626953
2021-03-03,87.18717193603516
2021-03-04,84.46768951416016
2021-03-05,84.8696517944336
2021-03-08,82.17577362060547
2021-03-09,85.51102447509766
2021-03-10,85.26301574707031
2021-03-11,87.80294036865234
2021-03-12,87.65757751464844
2021-03-15,88.29898071289062
2021-03-16,87.36685943603516
2021-03-17,87.64044952392578
2021-03-18,84.6045150756836
2021-03-19,85.39129638671875
2021-03-22,85.79322052001953
2021-03-23,84.262451171875
2021-03-24,81.94485473632812
2021-03-25,82.14155578613281
2021-03-26,82.18433380126953
2021-03-29,81.78238677978516
2021-03-30,82.43231964111328
2021-03-31,83.99735260009766
2021-04-01,85.21073150634766
2021-04-05,85.44175720214844
2021-04-06,86.43437957763672
2021-04-07,85.68986511230469
2021-04-08,86.67395782470703
2021-04-09,86.55419158935547
2021-04-12,86.25466918945312
2021-04-13,87.01627349853516
2021-04-14,86.64830017089844
2021-04-15,87.46122741699219
2021-04-16,86.66539001464844
2021-04-19,85.72418212890625
2021-04-20,84.63741302490234
2021-04-21,85.6471176147461
2021-04-22,85.6728286743164
2021-04-23,87.13605499267578
2021-04-26,88.41958618164062
2021-04-27,87.95748901367188
2021-04-28,87.70082092285156
2021-04-29,86.75096130371094
2021-04-30,86.10919952392578
2021-05-03,85.4490737915039
2021-05-04,84.07062530517578
2021-05-05,83.3257064819336
2021-05-06,82.51229095458984
2021-05-07,83.30000305175781
2021-05-10,81.69034576416016
2021-05-11,82.30680084228516
2021-05-12,80.18343353271484
2021-05-13,79.45563507080078
2021-05-14,81.21942901611328
2021-05-17,81.21087646484375
2021-05-18,81.35641479492188
2021-05-19,80.91975402832031
2021-05-20,81.99858856201172
2021-05-21,82.06707000732422
2021-05-24,83.0088882446289
2021-05-25,83.13734436035156
2021-05-26,84.1219482421875
2021-05-27,84.3531265258789
2021-05-28,84.21613311767578
2021-06-01,84.70791625976562
2021-06-02,84.95636749267578
2021-06-03,83.68836212158203
2021-06-04,84.32234954833984
2021-06-07,84.69935607910156
2021-06-08,85.1620101928711
2021-06-09,84.95636749267578
2021-06-10,85.52183532714844
2021-06-11,85.92449188232422
2021-06-14,86.2757797241211
2021-06-15,85.50468444824219
2021-06-16,85.48759460449219
2021-06-17,85.84739685058594
2021-06-18,85.95880889892578
2021-06-21,86.1644058227539
2021-06-22,86.40431213378906
2021-06-23,87.13255310058594
2021-06-24,87.84368896484375
2021-06-25,87.80939483642578
2021-06-28,87.74938201904297
2021-06-29,87.95504760742188
2021-06-30,87.36384582519531
2021-07-01,87.46588897705078
2021-07-02,87.39729309082031
2021-07-06,87.33729553222656
2021-07-07,86.64293670654297
2021-07-08,85.9228286743164
2021-07-09,86.86579132080078
2021-07-12,86.6514892578125
2021-07-13,86.23143005371094
2021-07-14,85.15985870361328
2021-07-15,84.53411102294922
2021-07-16,83.88257598876953
2021-07-19,83.76254272460938
2021-07-20,85.11700439453125
2021-07-21,86.26144409179688
2021-07-22,86.11996459960938
2021-07-23,86.31716918945312
2021-07-26,86.15428161621094
2021-07-27,85.05703735351562
2021-07-28,86.21428680419922
2021-07-29,86.11138153076172
2021-07-30,85.72566223144531
2021-08-02,85.92208099365234
2021-08-03,85.8191909790039
2021-08-04,85.72480010986328
2021-08-05,86.63402557373047
2021-08-06,86.16223907470703
2021-08-09,86.27376556396484
2021-08-10,85.87064361572266
2021-08-11,85.95641326904297
2021-08-12,85.84488677978516
2021-08-13,85.4846420288086
2021-08-16,84.58401489257812
2021-08-17,84.1465072631836
2021-08-18,83.88920593261719
2021-08-19,83.38311004638672
2021-08-20,84.06073760986328
2021-08-23,85.15867614746094
2021-08-24,86.17943572998047
2021-08-25,86.6597671508789
2021-08-26,86.19657135009766
2021-08-27,87.20870971679688
2021-08-30,87.3631362915039
2021-08-31,87.41460418701172
2021-09-01,88.0805892944336
2021-09-02,88.35523986816406
2021-09-03,88.68133544921875
2021-09-07,88.46678161621094
2021-09-08,87.70296478271484
2021-09-09,87.6514663696289
2021-09-10,87.19660186767578
2021-09-13,87.04212188720703
2021-09-14,86.75032806396484
2021-09-15,87.1364974975586
2021-09-16,87.41973114013672
2021-09-17,87.52273559570312
2021-09-20,86.40704345703125
2021-09-21,86.56150817871094
2021-09-22,87.47122955322266
2021-09-23,88.17498779296875
2021-09-24,88.15782928466797
2021-09-27,88.02908325195312
2021-09-28,86.17529296875
2021-09-29,85.54019927978516
2021-09-30,85.60028076171875
2021-10-01,86.37317657470703
2021-10-04,85.05068969726562
2021-10-05,85.5573501586914
2021-10-06,85.64321899414062
2021-10-07,86.74243927001953
2021-10-08,86.13269805908203
2021-10-11,85.72908782958984
2021-10-12,86.34740447998047
2021-10-13,87.09452819824219
2021-10-14,87.64411163330078
2021-10-15,87.78154754638672
2021-10-18,87.97045135498047
2021-10-19,88.34830474853516
2021-10-20,88.42556762695312
2021-10-21,88.77764892578125
2021-10-22,87.91889953613281
2021-10-25,88.28816223144531
2021-10-26,87.77291870117188
2021-10-27,86.97428131103516
2021-10-28,87.94465637207031
2021-10-29,87.9575424194336
2021-11-01,88.89759826660156
2021-11-02,88.46798706054688
2021-11-03,88.45076751708984
2021-11-04,88.58824157714844
2021-11-05,89.13815307617188
2021-11-08,89.64513397216797
2021-11-09,89.66227722167969
2021-11-10,88.31328582763672
2021-11-11,88.63981628417969
2021-11-12,89.00926971435547
2021-11-15,88.92334747314453
2021-11-16,89.10379791259766
2021-11-17,88.1242446899414
2021-11-18,87.35094451904297
2021-11-19,86.86116790771484
2021-11-22,85.65818786621094
2021-11-23,85.00519561767578
2021-11-24,85.77851867675781
2021-11-26,84.15457153320312
2021-11-29,84.6185073852539
2021-11-30,83.492919921875
2021-12-01,81.43531036376953
2021-12-02,81.86532592773438
2021-12-03,80.61188507080078
2021-12-06,80.99614715576172
2021-12-07,82.69786071777344
2021-12-08,83.75
2021-12-09,82.35936737060547
2021-12-10,82.0116958618164
2021-12-13,81.2156982421875
2021-12-14,80.46551513671875
2021-12-15,81.00531768798828
2021-12-16,79.85791778564453
2021-12-17,80.5101547241211
2021-12-20,79.7936019897461
2021-12-21,81.66763305664062
2021-12-22,81.98916625976562
2021-12-23,82.35662841796875
2021-12-27,82.53115844726562
2021-12-28,81.95240783691406
2021-12-29,81.73194122314453
2021-12-30,82.32908630371094
2021-12-31,81.92488861083984
2022-01-03,82.02593231201172
2022-01-04,80.93273162841797
2022-01-05,79.55474853515625
2022-01-06,79.21487426757812
2022-01-07,78.89334869384766
2022-01-10,78.92088317871094
2022-01-11,79.89469146728516
2022-01-12,79.90386962890625
2022-01-13,78.69123077392578
2022-01-14,78.43401336669922
2022-01-18,77.27653503417969
2022-01-19,76.83557891845703
2022-01-20,76.5875244140625
2022-01-21,75.45760345458984
2022-01-24,75.42083740234375
2022-01-25,74.52058410644531
2022-01-26,74.34602355957031
2022-01-27,73.69379425048828
2022-01-28,74.34602355957031
2022-01-31,75.99960327148438
2022-02-01,77.07424926757812
2022-02-02,76.36640930175781
2022-02-03,74.9782485961914
2022-02-04,76.03546905517578
2022-02-07,76.39400482177734
2022-02-08,76.97315216064453
2022-02-09,78.46238708496094
2022-02-10,78.29695892333984
2022-02-11,76.87200927734375
2022-02-14,76.69732666015625
2022-02-15,78.00276184082031
2022-02-16,77.76374053955078
2022-02-17,76.35723876953125
2022-02-18,75.41950988769531
2022-02-22,74.27957916259766
2022-02-23,73.3694839477539
2022-02-24,74.78059387207031
2022-02-25,75.77806091308594
2022-02-28,76.35723876953125
2022-03-01,75.84294891357422
2022-03-02,76.42251586914062
2022-03-03,75.5301513671875
2022-03-04,74.23297882080078
2022-03-07,72.50342559814453
2022-03-08,72.48503112792969
2022-03-09,74.26058959960938
2022-03-10,73.77297973632812
2022-03-11,72.475830078125
2022-03-14,71.24310302734375
2022-03-15,71.69384002685547
2022-03-16,73.66261291503906
2022-03-17,74.58258056640625
2022-03-18,75.8797378540039
2022-03-21,75.39218139648438
2022-03-22,76.47769927978516
2022-03-23,75.82451629638672
2022-03-24,76.6341323852539
2022-03-25,76.22013092041016
2022-03-28,76.61572265625
2022-03-29,77.73807525634766
2022-03-30,77.2735366821289
2022-03-31,76.65254211425781
2022-04-01,77.10649108886719
2022-04-04,77.9075698852539
2022-04-05,76.67367553710938
2022-04-06,75.587158203125
2022-04-07,75.3477783203125
2022-04-08,74.97026062011719
2022-04-11,74.9380111694336
2022-04-12,74.78607940673828
2022-04-13,75.88182830810547
2022-04-14,75.35700225830078
2022-04-18,74.75849914550781
2022-04-19,75.35700225830078
2022-04-20,74.81369018554688
2022-04-21,73.43253326416016
2022-04-22,72.27235412597656
2022-04-25,72.93533325195312
2022-04-26,71.5817642211914
2022-04-27,71.29631805419922
2022-04-28,71.89481353759766
2022-04-29,70.97402954101562
2022-05-02,71.30857849121094
2022-05-03,71.25332641601562
2022-05-04,71.99064636230469
2022-05-05,70.01829528808594
2022-05-06,68.3685302734375
2022-05-09,65.37312316894531
2022-05-10,65.1335220336914
2022-05-11,64.19341278076172
2022-05-12,63.88005065917969
2022-05-13,65.80630493164062
2022-05-16,65.41921997070312
2022-05-17,67.10585021972656
2022-05-18,66.56207275390625
2022-05-19,66.30400848388672
2022-05-20,66.50675964355469
2022-05-23,66.54364013671875
2022-05-24,65.6219482421875
2022-05-25,65.9629898071289
2022-05-26,67.35470581054688
2022-05-27,68.54367065429688
2022-05-31,67.88925170898438
2022-06-01,67.73152160644531
2022-06-02,68.87542724609375
2022-06-03,68.18352508544922
2022-06-06,68.45105743408203
2022-06-07,68.8569564819336
2022-06-08,68.61712646484375
2022-06-09,67.67615509033203
2022-06-10,66.5968017578125
2022-06-13,63.598609924316406
2022-06-14,63.54324722290039
2022-06-15,65.03773498535156
2022-06-16,62.80525588989258
2022-06-17,62.97132110595703
2022-06-21,64.21672058105469
2022-06-22,64.1059799194336
2022-06-23,64.6595230102539
2022-06-24,65.83112335205078
2022-06-27,65.59586334228516
2022-06-28,64.74253845214844
2022-06-29,64.59494018554688
2022-06-30,63.986087799072266
2022-07-01,64.2586898803711
2022-07-05,64.72993469238281
2022-07-06,64.70219421386719
2022-07-07,65.4783935546875
2022-07-08,65.50611877441406
2022-07-11,64.86853790283203
2022-07-12,64.64676666259766
2022-07-13,64.41573333740234
2022-07-14,64.33258819580078
2022-07-15,64.79462432861328
2022-07-18,64.99789428710938
2022-07-19,65.78335571289062
2022-07-20,66.54109191894531
2022-07-21,66.55032348632812
2022-07-22,66.18071746826172
2022-07-25,65.99589538574219
2022-07-26,65.2381591796875
2022-07-27,66.3008041381836
2022-07-28,66.5688247680664
2022-07-29,66.99386596679688
2022-08-01,67.0892333984375
2022-08-02,67.55217742919922
2022-08-03,68.5521240234375
2022-08-04,68.58917236328125
2022-08-05,68.57064056396484
2022-08-08,69.0984115600586
2022-08-09,68.57064056396484
2022-08-10,69.95946502685547
2022-08-11,69.8205795288086
2022-08-12,70.58905792236328
2022-08-15,70.87608337402344
2022-08-16,70.67237854003906
2022-08-17,69.79277801513672
2022-08-18,69.95946502685547
2022-08-19,69.37615203857422
2022-08-22,68.54285430908203
2022-08-23,68.90396881103516
2022-08-24,69.02434539794922
2022-08-25,69.73727416992188
2022-08-26,68.79285430908203
2022-08-29,68.32991027832031
2022-08-30,68.03363800048828
2022-08-31,67.85771942138672
2022-09-01,67.49048614501953
2022-09-02,67.12883758544922
2022-09-06,66.70226287841797
2022-09-07,67.4719467163086
2022-09-08,67.91706848144531
2022-09-09,68.8721923828125
2022-09-12,69.2245864868164
2022-09-13,67.84288024902344
2022-09-14,68.1303482055664
2022-09-15,67.84288024902344
2022-09-16,67.23084259033203
2022-09-19,67.2401351928711
2022-09-20,66.71153259277344
2022-09-21,65.90475463867188
2022-09-22,65.09799194335938
2022-09-23,63.78121566772461
2022-09-26,63.65135955810547
2022-09-27,64.0315933227539
2022-09-28,64.72708129882812
2022-09-29,64.28193664550781
2022-09-30,63.8924674987793
2022-10-03,64.73866271972656
2022-10-04,66.24332427978516
2022-10-05,66.16902160644531
2022-10-06,66.28047180175781
2022-10-07,65.44453430175781
2022-10-10,64.98013305664062
2022-10-11,64.50640869140625
2022-10-12,64.34851837158203
2022-10-13,64.37638854980469
2022-10-14,63.66120529174805
2022-10-17,64.53431701660156
2022-10-18,64.88724517822266
2022-10-19,64.4228515625
2022-10-20,64.20923614501953
2022-10-21,64.53431701660156
2022-10-24,64.5157241821289
2022-10-25,65.26806640625
2022-10-26,65.44453430175781
2022-10-27,65.3609619140625
2022-10-28,65.76036071777344
2022-10-31,65.54670715332031
2022-11-01,65.64810180664062
2022-11-02,64.54096221923828
2022-11-03,64.3456039428711
2022-11-04,64.70843505859375
2022-11-07,64.8107681274414
2022-11-08,64.86660766601562
2022-11-09,63.759422302246094
2022-11-10,65.89002227783203
2022-11-11,66.21564483642578
2022-11-14,66.02027893066406
2022-11-15,66.93204498291016
2022-11-16,66.2807846069336
2022-11-17,65.9365463256836
2022-11-18,66.07608032226562
2022-11-21,65.59229278564453
2022-11-22,65.95513916015625
2022-11-23,66.2807846069336
2022-11-25,66.21564483642578
2022-11-28,65.8342056274414
2022-11-29,65.8062973022461
2022-11-30,66.7459716796875
2022-12-01,67.1410903930664
2022-12-02,67.15971374511719
2022-12-05,66.43286895751953
2022-12-06,66.01354217529297
2022-12-07,66.07876586914062
2022-12-08,66.25582122802734
2022-12-09,65.9855728149414
2022-12-12,66.39561462402344
2022-12-13,67.03857421875
2022-12-14,66.8428955078125
2022-12-15,65.97091674804688
2022-12-16,65.7837905883789
2022-12-19,65.38142395019531
2022-12-20,65.30659484863281
2022-12-21,65.68083190917969
2022-12-22,65.21302795410156
2022-12-23,65.11947631835938
2022-12-27,64.96041107177734
2022-12-28,64.40841674804688
2022-12-29,64.8762435913086
2022-12-30,64.99784088134766
2023-01-03,64.85749053955078
2023-01-04,65.47502136230469
2023-01-05,64.9510498046875
2023-01-06,65.61534118652344
2023-01-09,65.9521713256836
2023-01-10,66.2983627319336
2023-01-11,65.99897003173828
2023-01-12,66.73810577392578
2023-01-13,67.32752990722656
2023-01-17,67.58016967773438
2023-01-18,67.24333953857422
2023-01-19,67.00945281982422
2023-01-20,67.80470275878906
2023-01-23,68.25381469726562
2023-01-24,68.27251434326172
2023-01-25,68.20703125
2023-01-26,68.45965576171875
2023-01-27,68.82456970214844
2023-01-30,68.47836303710938
2023-01-31,68.9648666381836
2023-02-01,69.4917221069336
2023-02-02,70.41041564941406
2023-02-03,69.84794616699219
2023-02-06,69.66049194335938
2023-02-07,70.01669311523438
2023-02-08,69.89482116699219
2023-02-09,69.51983642578125
2023-02-10,69.29487609863281
2023-02-13,69.66049194335938
2023-02-14,69.70732116699219
2023-02-15,70.1854248046875
2023-02-16,69.65108489990234
2023-02-17,68.98548889160156
2023-02-21,68.50746154785156
2023-02-22,68.6761703491211
2023-02-23,68.80741882324219
2023-02-24,68.10430908203125
2023-02-27,68.32927703857422
2023-02-28,68.34806823730469
2023-03-01,68.42687225341797
2023-03-02,68.69898223876953
2023-03-03,69.17749786376953
2023-03-06,68.9147720336914
2023-03-07,68.78341674804688
2023-03-08,68.58635711669922
2023-03-09,67.82640838623047
2023-03-10,66.78492736816406
2023-03-13,66.08124542236328
2023-03-14,65.92174530029297
2023-03-15,65.82792663574219
2023-03-16,66.69110870361328
2023-03-17,66.25952911376953
2023-03-20,66.32518768310547
2023-03-21,66.8599853515625
2023-03-22,66.4002456665039
2023-03-23,66.63481140136719
2023-03-24,66.56912231445312
2023-03-27,66.69110870361328
2023-03-28,66.89751434326172
2023-03-29,67.17899322509766
2023-03-30,67.4604721069336
2023-03-31,68.13602447509766
2023-04-03,67.92001342773438
2023-04-04,67.61949920654297
2023-04-05,67.41287231445312
2023-04-06,67.41287231445312
2023-04-10,67.5819091796875
2023-04-11,67.76973724365234
2023-04-12,67.69462585449219
2023-04-13,68.10782623291016
2023-04-14,67.83552551269531
2023-04-17,68.18297576904297
2023-04-18,68.14541625976562
2023-04-19,67.98574829101562
2023-04-20,67.66645812988281
2023-04-21,67.67582702636719
2023-04-24,67.62886047363281
2023-04-25,66.8399658203125
2023-04-26,66.79302978515625
2023-04-27,66.96205139160156
2023-04-28,67.02778625488281
2023-05-01,67.05694580078125
2023-05-02,66.49295806884766
2023-05-03,66.45536041259766
2023-05-04,66.37079620361328
2023-05-05,67.09455871582031
2023-05-08,67.40471649169922
2023-05-09,67.33893585205078
2023-05-10,67.64912414550781
2023-05-11,67.58802032470703
2023-05-12,67.50812530517578
2023-05-15,67.78072357177734
2023-05-16,67.45172882080078
2023-05-17,67.83708190917969
2023-05-18,67.97811126708984
2023-05-19,67.92171478271484
2023-05-22,68.1755142211914
2023-05-23,67.85591888427734
2023-05-24,67.72431945800781
2023-05-25,67.66790008544922
2023-05-26,68.00630950927734
2023-05-30,68.05333709716797
2023-05-31,68.06269073486328
2023-06-01,68.47769165039062
2023-06-02,69.18345642089844
2023-06-05,69.53163146972656
2023-06-06,69.92682647705078
2023-06-07,69.8609848022461
2023-06-08,69.90802001953125
2023-06-09,69.81391906738281
2023-06-12,70.22795867919922
2023-06-13,70.7079086303711
2023-06-14,70.74553680419922
2023-06-15,71.02787017822266
2023-06-16,70.99959564208984
2023-06-20,70.76435852050781
2023-06-21,70.92434692382812
2023-06-22,70.95256042480469
2023-06-23,70.43497467041016
2023-06-26,70.52912139892578
2023-06-27,70.93373107910156
2023-06-28,71.18782043457031
2023-06-29,71.39485168457031
2023-06-30,71.85592651367188
2023-07-03,72.24124145507812
2023-07-05,72.36369323730469
2023-07-06,71.27095031738281
2023-07-07,71.65716552734375
2023-07-10,72.26006317138672
2023-07-11,72.59917449951172
2023-07-12,72.74990844726562
2023-07-13,73.22091674804688
2023-07-14,72.92887115478516
2023-07-17,73.35276794433594
2023-07-18,73.53173828125
2023-07-19,73.64478302001953
2023-07-20,72.91947937011719
2023-07-21,73.0230484008789
2023-07-24,73.00421905517578
2023-07-25,73.05132293701172
2023-07-26,73.14553833007812
2023-07-27,72.88178253173828
2023-07-28,73.5411605834961
2023-07-31,74.03099822998047
2023-08-01,73.67829895019531
2023-08-02,72.61267852783203
2023-08-03,72.63155364990234
2023-08-04,72.33921813964844
2023-08-07,72.49008178710938
2023-08-08,72.30150604248047
2023-08-09,71.94315338134766
2023-08-10,71.84886169433594
2023-08-11,71.7545166015625
2023-08-14,71.90544128417969
2023-08-15,71.45276641845703
2023-08-16,71.00012969970703
2023-08-17,70.50972747802734
2023-08-18,70.41543579101562
2023-08-21,70.5757827758789
2023-08-22,70.68890380859375
2023-08-23,71.03783416748047
2023-08-24,70.2928695678711
2023-08-25,70.5191650390625
2023-08-28,70.61347198486328
2023-08-29,71.07557678222656
2023-08-30,71.49991607666016
2023-08-31,71.56591796875
2023-09-01,71.75670623779297
2023-09-05,71.4544906616211
2023-09-06,71.43560028076172
2023-09-07,71.12399291992188
2023-09-08,71.09571075439453
2023-09-11,71.2939682006836
2023-09-12,71.25619506835938
2023-09-13,71.0295639038086
2023-09-14,71.34117889404297
2023-09-15,71.05790710449219
2023-09-18,70.86904907226562
2023-09-19,70.77460479736328
2023-09-20,70.61406707763672
2023-09-21,69.97197723388672
2023-09-22,69.86808013916016
2023-09-25,69.83976745605469
2023-09-26,69.60369110107422
2023-09-27,69.7736587524414
2023-09-28,70.10701751708984
2023-09-29,70.07585144042969
2023-10-02,69.8961181640625
2023-10-03,69.07325744628906
2023-10-04,69.0921859741211
2023-10-05,68.62872314453125
2023-10-06,69.15839385986328
2023-10-09,69.18677520751953
2023-10-10,69.53672790527344
2023-10-11,69.6975326538086
2023-10-12,69.33808898925781
2023-10-13,68.99759674072266
2023-10-16,69.28134155273438
2023-10-17,69.53672790527344
2023-10-18,68.95978546142578
2023-10-19,68.54361724853516
2023-10-20,68.04232025146484
2023-10-23,67.83426666259766
2023-10-24,68.02342224121094
2023-10-25,67.38025665283203
2023-10-26,67.32350158691406
2023-10-27,67.03975677490234
2023-10-30,66.86005401611328
2023-10-31,67.03975677490234
2023-11-01,67.09375762939453
2023-11-02,67.88007354736328
2023-11-03,68.65694427490234
2023-11-06,68.14533996582031
2023-11-07,68.6758804321289
2023-11-08,68.42009735107422
2023-11-09,67.86115264892578
2023-11-10,68.12638854980469
2023-11-13,68.25902557373047
2023-11-14,69.25379180908203
2023-11-15,69.59484100341797
2023-11-16,69.29168701171875
2023-11-17,69.52852630615234
2023-11-20,69.87905883789062
2023-11-21,69.6043472290039
2023-11-22,69.7369384765625
2023-11-24,69.84119415283203
2023-11-27,69.91697692871094
2023-11-28,70.06854248046875
2023-11-29,70.46644592285156
2023-11-30,70.46644592285156
2023-12-01,71.34364318847656
2023-12-04,71.2961654663086
2023-12-05,71.18223571777344
2023-12-06,71.1917495727539
2023-12-07,71.58098602294922
2023-12-08,71.7518539428711
2023-12-11,71.99868774414062
2023-12-12,72.00819396972656
2023-12-13,72.76766204833984
2023-12-14,73.9620590209961
2023-12-15,73.9620590209961
2023-12-18,74.05744171142578
2023-12-19,74.58214569091797
2023-12-20,73.86666107177734
2023-12-21,74.5344467163086
2023-12-22,74.73477935791016
2023-12-26,74.88741302490234
2023-12-27,75.2308578491211
2023-12-28,75.19268798828125
2023-12-29,74.97325897216797
2024-01-02,74.23870086669922
2024-01-03,73.53276062011719
2024-01-04,73.34196472167969
2024-01-05,73.18933868408203
2024-01-08,73.72357940673828
2024-01-09,73.74264526367188
2024-01-10,73.99066925048828
2024-01-11,73.98114776611328
2024-01-12,73.8094253540039
2024-01-16,73.73309326171875
2024-01-17,73.34196472167969
2024-01-18,73.55182647705078
2024-01-19,73.8094253540039
2024-01-22,74.23870086669922
2024-01-23,74.29592895507812
2024-01-24,74.01927947998047
2024-01-25,74.06697845458984
2024-01-26,74.11469268798828
2024-01-29,74.62030792236328
2024-01-30,74.41997528076172
2024-01-31,73.9429702758789
2024-02-01,74.12451171875
2024-02-02,74.13407897949219
2024-02-05,73.82830047607422
2024-02-06,74.1913833618164
2024-02-07,74.2773666381836
2024-02-08,74.70732116699219
2024-02-09,75.05130767822266
2024-02-12,75.24241638183594
2024-02-13,74.3729248046875
2024-02-14,74.86976623535156
2024-02-15,75.11817169189453
2024-02-16,74.84109497070312
2024-02-20,74.52581787109375
2024-02-21,73.55123138427734
2024-02-22,73.67544555664062
2024-02-23,73.82830047607422
2024-02-26,74.10538482666016
2024-02-27,74.59265899658203
2024-02-28,74.48757934570312
2024-02-29,74.688232421875
2024-03-01,75.17536163330078
2024-03-04,75.27108001708984
2024-03-05,74.68727111816406
2024-03-06,74.78296661376953
2024-03-07,75.14664459228516
2024-03-08,75.29020690917969
2024-03-11,75.2327880859375
2024-03-12,75.38591003417969
2024-03-13,75.62517547607422
2024-03-14,75.45288848876953
2024-03-15,75.12753295898438
2024-03-18,75.05094909667969
2024-03-19,74.9935073852539
2024-03-20,75.65390014648438
2024-03-21,75.98885345458984
2024-03-22,75.86441040039062
2024-03-25,76.08454132080078
2024-03-26,76.17066955566406
2024-03-27,76.62049102783203
2024-03-28,76.40036010742188
2024-04-01,76.29969787597656
2024-04-02,75.5903091430664
2024-04-03,75.71012878417969
2024-04-04,75.36023712158203
2024-04-05,75.4369125366211
2024-04-08,75.67659759521484
2024-04-09,75.8779067993164
2024-04-10,75.26436614990234
2024-04-11,75.46569061279297
2024-04-12,74.63163757324219
2024-04-15,73.8359603881836
2024-04-16,73.54838562011719
2024-04-17,73.4524917602539
2024-04-18,73.34703826904297
2024-04-19,72.98274993896484
2024-04-22,73.38538360595703
2024-04-23,74.10438537597656
2024-04-24,74.03727722167969
2024-04-25,73.86473083496094
2024-04-26,74.12355041503906
2024-04-29,74.34403991699219
2024-04-30,73.8551254272461
2024-05-01,73.66399383544922
2024-05-02,74.14422607421875
2024-05-03,74.78768920898438
2024-05-06,75.31592559814453
2024-05-07,75.27751159667969
2024-05-08,75.03742218017578
2024-05-09,75.16226959228516
2024-05-10,75.03742218017578
2024-05-13,75.1334457397461
2024-05-14,75.51761627197266
2024-05-15,76.19952392578125
2024-05-16,75.9209976196289
2024-05-17,76.05543518066406
2024-05-20,76.30514526367188
2024-05-21,76.1226806640625
2024-05-22,75.98822784423828
2024-05-23,75.25830841064453
2024-05-24,75.66167449951172
2024-05-28,75.75773620605469
2024-05-29,75.35433959960938
2024-05-30,75.08543395996094
2024-05-31,75.19107818603516
2024-06-03,75.35850524902344
2024-06-04,75.24304962158203
2024-06-05,75.80118560791016
2024-06-06,75.39701843261719
2024-06-07,75.08906555175781
2024-06-10,75.30079650878906
2024-06-11,75.30079650878906
2024-06-12,75.8300552368164
2024-06-13,75.43547821044922
2024-06-14,75.0120620727539
2024-06-17,75.23341369628906
2024-06-18,75.26229095458984
2024-06-20,74.97358703613281
2024-06-21,75.09868621826172
2024-06-24,75.07942199707031
2024-06-25,75.31037902832031
2024-06-26,75.50286102294922
2024-06-27,75.83966064453125
2024-06-28,75.66645812988281
2024-07-01,75.52759552001953
2024-07-02,75.70116424560547
2024-07-03,75.8168716430664
2024-07-05,75.92292785644531
2024-07-08,76.10614013671875
2024-07-09,76.01934814453125
2024-07-10,76.18327331542969
2024-07-11,76.82931518554688
2024-07-12,77.3210678100586
2024-07-15,77.54281616210938
2024-07-16,78.34313201904297
2024-07-17,77.69711303710938
2024-07-18,76.90644073486328
2024-07-19,76.99324798583984
2024-07-22,77.5621337890625
2024-07-23,77.513916015625
2024-07-24,76.93538665771484
2024-07-25,76.50145721435547
2024-07-26,76.88714599609375
2024-07-29,77.0751953125
2024-07-30,76.96429443359375
2024-07-31,77.42711639404297
2024-08-01,76.68328094482422
2024-08-02,75.62064361572266
2024-08-05,74.61597442626953
2024-08-06,75.39846801757812
2024-08-07,74.70292663574219
2024-08-08,76.03604125976562
2024-08-09,76.31620788574219
2024-08-12,76.13265991210938
2024-08-13,76.36449432373047
2024-08-14,76.51904296875
2024-08-15,77.10832977294922
2024-08-16,77.37882232666016
2024-08-19,77.8328628540039
2024-08-20,77.49475860595703
2024-08-21,77.80389404296875
2024-08-22,77.81355285644531
2024-08-23,78.42213439941406
2024-08-26,78.30621337890625
2024-08-27,78.5284194946289
2024-08-28,78.10334777832031
2024-08-29,78.38349914550781
2024-08-30,78.5284194946289
2024-09-03,77.61185455322266
2024-09-04,77.51506042480469
2024-09-05,77.6408920288086
2024-09-06,77.17632293701172
2024-09-09,77.35051727294922
2024-09-10,77.587646484375
2024-09-11,77.89253997802734
2024-09-12,78.19254302978516
2024-09-13,78.68614196777344
2024-09-16,78.9281234741211
2024-09-17,79.17975616455078
2024-09-18,79.09265899658203
2024-09-19,79.86695098876953
2024-09-20,79.837890625
2024-09-23,80.01212310791016
2024-09-24,80.34119415283203
2024-09-25,79.9443588256836
2024-09-26,80.53475952148438
2024-09-27,80.82510375976562
2024-09-30,80.97994995117188
2024-10-01,80.6900634765625
2024-10-02,80.84518432617188
2024-10-03,80.5639877319336
2024-10-04,81.04881286621094
2024-10-07,80.86456298828125
2024-10-08,80.88397979736328
2024-10-09,80.98091888427734
2024-10-10,81.05850982666016
2024-10-11,81.78571319580078
2024-10-14,81.90206146240234
2024-10-15,81.81478881835938
2024-10-16,82.05232238769531
2024-10-17,81.82449340820312
2024-10-18,82.17354583740234
2024-10-21,81.94083404541016
2024-10-22,81.9117431640625
2024-10-23,81.47543334960938
2024-10-24,81.74691009521484
2024-10-25,81.80509185791016
2024-10-28,82.38685607910156
2024-10-29,82.17354583740234
2024-10-30,81.92144775390625
2024-10-31,81.40755462646484
2024-11-01,81.37065887451172
2024-11-04,81.48721313476562
2024-11-05,82.24476623535156
2024-11-06,83.37140655517578
2024-11-07,83.67247772216797
2024-11-08,83.71134185791016
2024-11-11,84.74087524414062
2024-11-12,84.46891784667969
2024-11-13,84.2746810913086
2024-11-14,83.78902435302734
2024-11-15,83.56564331054688
2024-11-18,84.02214050292969
2024-11-19,84.77971649169922
2024-11-20,85.10991668701172
2024-11-21,85.4110336303711
2024-11-22,86.02289581298828
2024-11-25,86.4113998413086
2024-11-26,86.0811767578125
2024-11-27,86.50850677490234
2024-11-29,86.71247100830078
2024-12-02,86.54418182373047
2024-12-03,86.33014678955078
2024-12-04,86.87493896484375
2024-12-05,86.47607421875
2024-12-06,86.80684661865234
2024-12-09,86.33989715576172
2024-12-10,85.8437271118164
2024-12-11,86.26203918457031
2024-12-12,85.95075225830078
2024-12-13,85.89238739013672
2024-12-16,86.11611938476562
2024-12-17,85.65888977050781
2024-12-18,83.81433868408203
2024-12-19,83.34587860107422
2024-12-20,84.0876235961914
2024-12-23,83.84364318847656
2024-12-24,84.34137725830078
2024-12-26,84.52680206298828
2024-12-27,83.76555633544922
2024-12-30,83.05310821533203
2024-12-31,82.9262466430664
2025-01-02,82.97502899169922
2025-01-03,84.21449279785156
2025-01-06,84.73174285888672
2025-01-07,83.8338851928711
2025-01-08,83.52156829833984
2025-01-10,82.85792541503906
2025-01-13,82.57489013671875
2025-01-14,83.08238983154297
2025-01-15,83.80460357666016
2025-01-16,84.2535171508789
2025-01-17,84.94646453857422
2025-01-21,85.610107421875
2025-01-22,85.46369934082031
2025-01-23,85.59056854248047
2025-01-24,85.610107421875
2025-01-27,84.9854965209961
2025-01-28,85.3465805053711
2025-01-29,85.30756378173828
2025-01-30,85.91265106201172
2025-01-31,85.600341796875
2025-02-03,85.30804443359375
2025-02-04,85.54265594482422
2025-02-05,85.78704833984375
2025-02-06,85.86524200439453
2025-02-07,85.8456802368164
2025-02-10,86.33444213867188
2025-02-11,85.92388916015625
2025-02-12,86.16828155517578
2025-02-13,86.617919921875
2025-02-14,86.83299255371094
2025-02-18,87.26309204101562
2025-02-19,86.73523712158203
2025-02-20,86.52019500732422
2025-02-21,85.39604949951172
2025-02-24,84.7313232421875
2025-02-25,84.1155014038086
2025-02-26,84.59447479248047
2025-02-27,83.92976379394531
2025-02-28,84.3403091430664
2025-03-03,83.58340454101562
2025-03-04,83.34841918945312
2025-03-05,84.28841400146484
2025-03-06,83.07422637939453
2025-03-07,82.9861068725586
2025-03-10,81.44879150390625
2025-03-11,81.6642074584961
2025-03-12,81.9285659790039
2025-03-13,81.48795318603516
2025-03-14,82.59442901611328
2025-03-17,83.28965759277344
2025-03-18,82.86858367919922
2025-03-19,83.49527740478516
2025-03-20,83.32880401611328
2025-03-21,83.28965759277344
2025-03-24,84.10237121582031
2025-03-25,84.2100830078125
2025-03-26,83.43650817871094
2025-03-27,83.23090362548828
2025-03-28,82.21253967285156
2025-03-31,81.86983489990234
2025-04-01,82.1366195678711
2025-04-02,82.58294677734375
2025-04-03,80.30723571777344
2025-04-04,78.45331573486328
2025-04-07,77.84514617919922
2025-04-08,77.47238159179688
2025-04-09,80.1797103881836
2025-04-10,79.13014221191406
2025-04-11,79.20860290527344
2025-04-14,80.0522232055664
2025-04-15,80.21894836425781
2025-04-16,79.8756332397461
2025-04-17,80.11103820800781
2025-04-21,79.55191802978516
2025-04-22,80.47888946533203
2025-04-23,81.43528747558594
2025-04-24,82.12193298339844
2025-04-25,82.6025619506836
2025-04-28,82.83798217773438
2025-04-29,83.30882263183594
2025-04-30,83.14208221435547
2025-05-01,83.44866180419922
2025-05-02,84.42152404785156
2025-05-05,84.1070556640625
2025-05-06,83.8319091796875
2025-05-07,83.7532958984375
2025-05-08,84.76544952392578
2025-05-09,84.82440948486328
2025-05-12,85.69898986816406
2025-05-13,86.15101623535156
2025-05-14,86.13136291503906
2025-05-15,85.95449829101562
2025-05-16,86.4261703491211
2025-05-19,86.47530364990234
2025-05-20,86.15101623535156
2025-05-21,85.2862777709961
2025-05-22,85.30591583251953
2025-05-23,85.15850830078125
2025-05-27,85.75794982910156
2025-05-28,85.40418243408203
2025-05-29,85.3845443725586
2025-05-30,85.53193664550781
2025-06-02,85.75835418701172
2025-06-03,86.2800521850586
2025-06-04,86.68366241455078
2025-06-05,86.52613830566406
2025-06-06,86.84114074707031
2025-06-09,87.19551086425781
2025-06-10,87.12660217285156
2025-06-11,87.03800964355469
2025-06-12,86.74271392822266
2025-06-13,86.24067687988281
2025-06-16,86.831298828125
2025-06-17,86.47692108154297
2025-06-18,86.58522033691406
2025-06-20,86.6639633178711
2025-06-23,86.92974090576172
2025-06-24,87.80582427978516
2025-06-25,87.72708129882812
2025-06-26,88.26849365234375
2025-06-27,88.26849365234375
2025-06-30,88.6917724609375
2025-07-01,88.02826690673828
2025-07-02,88.55078887939453
2025-07-03,88.98456573486328
2025-07-07,88.83668518066406
2025-07-08,88.9254150390625
2025-07-09,89.30989837646484
2025-07-10,89.64509582519531
2025-07-11,89.52680206298828
2025-07-14,90.17745971679688
2025-07-15,90.23661804199219
2025-07-16,90.62110137939453
2025-07-17,91.3407974243164
2025-07-18,91.3407974243164
2025-07-21,91.36051940917969
2025-07-22,91.50838470458984
2025-07-23,91.67597198486328
2025-07-24,91.52811431884766
2025-07-25,91.577392578125
2025-07-28,91.45417022705078
2025-07-29,90.98587036132812
2025-07-30,91.163330078125
2025-07-31,91.30136108398438
2025-08-01,90.18099212646484
2025-08-04,91.16809844970703
2025-08-05,90.85222625732422
2025-08-06,90.65479278564453
2025-08-07,90.89171600341797
2025-08-08,90.68441009521484
2025-08-11,90.79299926757812
2025-08-12,91.54319763183594
2025-08-13,91.96763610839844
2025-08-14,91.55305480957031
2025-08-15,91.78009033203125
2025-08-18,91.9775161743164
2025-08-19,91.24707794189453
2025-08-20,91.21746063232422
2025-08-21,91.17302703857422
2025-08-22,92.62899780273438
2025-08-25,92.35262298583984
2025-08-26,92.69810485839844
2025-08-27,92.57963562011719
2025-08-28,93.30020904541016
2025-08-29,93.23110961914062
2025-09-02,93.19750213623047
2025-09-03,93.04924011230469
2025-09-04,93.237060546875
2025-09-05,93.93891143798828
2025-09-08,94.31454467773438
2025-09-09,94.95706939697266
2025-09-10,95.1943359375
2025-09-11,96.25204467773438
2025-09-12,96.1630630493164
2025-09-15,96.89456939697266
2025-09-16,96.88468933105469
2025-09-17,97.27021789550781
2025-09-18,98.14010620117188
2025-09-19,98.47126770019531
2025-09-22,99.0198974609375
2025-09-23,98.40701293945312
2025-09-24,98.23895263671875
2025-09-25,97.70515441894531
2025-09-26,97.6359634399414
2025-09-29,98.80242156982422
2025-09-30,98.9012680053711
2025-10-01,99.79208374023438
2025-10-02,100.6136245727539
2025-10-03,100.752197265625
2025-10-06,101.33617401123047
2025-10-07,100.74230194091797
2025-10-08,101.22235870361328
2025-10-09,101.20751190185547
2025-10-10,99.35657501220703
2025-10-13,101.36587524414062
2025-10-14,101.73210906982422
2025-10-15,102.37548065185547
2025-10-16,101.22235870361328
2025-10-17,100.77198791503906
2025-10-20,101.53907775878906
2025-10-21,100.86107635498047
2025-10-22,99.3763656616211
2025-10-23,100.19792175292969
2025-10-24,101.6826171875
2025-10-27,102.45466613769531
2025-10-28,102.13793182373047
2025-10-29,102.67242431640625
2025-10-30,101.63313293457031
2025-10-31,102.24681091308594
2025-11-03,102.68675994873047
2025-11-04,100.5464096069336
2025-11-05,101.92378234863281
2025-11-06,100.43741607666016
2025-11-07,100.76441955566406
2025-11-10,101.62649536132812
2025-11-11,101.03196716308594
2025-11-12,100.45723724365234
2025-11-13,97.74217987060547
2025-11-14,97.20709991455078
2025-11-17,96.76119232177734
2025-11-18,96.71165466308594
2025-11-19,96.84046173095703
2025-11-20,94.93794250488281
2025-11-21,94.99739074707031
2025-11-24,96.99900817871094
2025-11-25,97.65300750732422
2025-11-26,98.6637191772461
2025-11-28,99.43661499023438
2025-12-01,98.67967987060547
2025-12-02,98.2134017944336
2025-12-03,98.69950866699219
2025-12-04,99.50308990478516
2025-12-05,99.20051574707031
2025-12-08,99.37411499023438
2025-12-09,99.43363952636719
2025-12-10,99.4634017944336
2025-12-11,99.98918914794922
2025-12-12,98.73920440673828
2025-12-15,97.66777801513672
2025-12-16,97.4296875
2025-12-17,96.42771911621094
2025-12-18,97.38008880615234
2025-12-19,98.85955810546875
2025-12-22,99.64502716064453
2025-12-23,99.30696105957031
2025-12-24,99.29702758789062
2025-12-26,99.07829284667969
2025-12-29,98.61099243164062
2025-12-30,98.2928237915039
2025-12-31,97.93488311767578
2026-01-02,99.45610809326172
2026-01-05,100.35094451904297
2026-01-06,101.5937728881836
2026-01-07,101.0369873046875
2026-01-08,100.61940002441406
2026-01-09,101.06681823730469
2026-01-12,102.04119110107422
2026-01-13,102.28975677490234
2026-01-14,102.140625
2026-01-15,102.52838897705078
2026-01-16,102.92608642578125
2026-01-20,102.22016143798828
2026-01-21,102.95591735839844
2026-01-22,103.33373260498047
2026-01-23,103.18460083007812
2026-01-26,103.04539489746094
2026-01-27,104.39759826660156
2026-01-28,105.3023681640625
2026-01-29,104.47714233398438
2026-01-30,102.92608642578125
2026-02-02,103.49042510986328
2026-02-03,103.81885528564453
2026-02-04,102.31597137451172
2026-02-05,100.8130874633789
2026-02-06,103.91839599609375
2026-02-09,104.67481994628906
2026-02-10,104.18711853027344
2026-02-11,103.90843963623047
2026-02-12,103.35107421875
2026-02-13,104.23689270019531
2026-02-17,104.31651306152344
2026-02-18,104.60514068603516
2026-02-19,104.76438903808594
2026-02-20,104.55538940429688
2026-02-23,103.87858581542969
2026-02-24,104.40608215332031
2026-02-25,105.19236755371094
2026-02-26,104.8937759399414
2026-02-27,104.28665161132812
2026-03-02,105.24331665039062
2026-03-03,102.95130157470703
2026-03-04,104.05744171142578
2026-03-05,102.95130157470703
2026-03-06,100.9283447265625
2026-03-09,102.82174682617188
2026-03-10,103.14064025878906
2026-03-11,103.73856353759766
2026-03-12,101.67574310302734
2026-03-13,102.04446411132812
2026-03-16,103.39974212646484
2026-03-17,104.05744171142578
2026-03-18,103.86810302734375
2026-03-19,104.42616271972656
2026-03-20,102.104248046875
2026-03-23,102.80181884765625
2026-03-24,103.30008697509766
2026-03-25,103.95780181884766
2026-03-26,101.64584350585938
2026-03-27,100.48987579345703
2026-03-30,98.80574035644531
2026-03-31,101.43657684326172
2026-04-01,102.59806060791016
2026-04-02,103.6657485961914
2026-04-06,103.71564483642578
2026-04-07,104.30437469482422
2026-04-08,107.15819549560547
2026-04-09,107.32782745361328
2026-04-10,107.40766143798828
2026-04-13,108.35560607910156
2026-04-14,109.56300354003906
2026-04-15,110.0718994140625
2026-04-16,110.95996856689453
2026-04-17,111.81812286376953
2026-04-20,112.10749816894531
2026-04-21,111.0797119140625
2026-04-22,112.08753967285156
2026-04-23,111.76823425292969
2026-04-24,111.94783782958984
2026-04-27,111.7083511352539
2026-04-28,109.86234283447266
2026-04-29,110.94001770019531
2026-04-30,112.46671295166016
2026-05-01,113.46763610839844
2026-05-04,114.49652862548828
2026-05-05,115.78514099121094
2026-05-06,118.1625747680664
2026-05-07,116.32455444335938
2026-05-08,116.63422393798828
2026-05-11,118.3423843383789
2026-05-12,116.8340072631836
2026-05-13,118.49221801757812
2026-05-14,119.0516128540039
2026-05-15,117.06375885009766
2026-05-18,115.23573303222656
2026-05-19,114.5165023803711
2026-05-20,115.44550323486328
2026-05-21,117.8628921508789
2026-05-22,118.25247192382812
2026-05-26,119.77084350585938
2026-05-27,119.81079864501953
2026-05-28,120.2802963256836
2026-05-29,120.55000305175781
2026-06-01,122.62999725341797
2026-06-02,123.9000015258789
2026-06-03,122.69499969482422
2026-06-04,122.80000305175781
2026-06-05,117.6500015258789
2026-06-08,118.25
2026-06-09,117.37000274658203
2026-06-10,115.55000305175781
2026-06-11,118.1500015258789
2026-06-12,119.75
2026-06-15,123.18000030517578
2026-06-16,122.76000213623047
2026-06-17,122.97000122070312
2026-06-18,124.25
2026-06-22,124.2699966430664
2026-06-23,121.8499984741211
2026-06-24,120.55999755859375
2026-06-25,121.04000091552734
2026-06-26,118.80999755859375
2026-06-29,120.80999755859375
2026-06-30,121.73999786376953
