,IGF
2016-07-01,30.07275390625
2016-07-05,29.88707160949707
2016-07-06,29.92420196533203
2016-07-07,29.716238021850586
2016-07-08,30.043041229248047
2016-07-11,30.228717803955078
2016-07-12,30.340131759643555
2016-07-13,30.347551345825195
2016-07-14,30.436689376831055
2016-07-15,30.392114639282227
2016-07-18,30.510953903198242
2016-07-19,30.4515380859375
2016-07-20,30.56294059753418
2016-07-21,30.533235549926758
2016-07-22,30.61492919921875
2016-07-25,30.518375396728516
2016-07-26,30.49610137939453
2016-07-27,30.340131759643555
2016-07-28,30.48124885559082
2016-07-29,30.837751388549805
2016-08-01,30.540660858154297
2016-08-02,30.540660858154297
2016-08-03,30.533235549926758
2016-08-04,30.629791259765625
2016-08-05,30.622365951538086
2016-08-08,30.718917846679688
2016-08-09,30.718917846679688
2016-08-10,30.696632385253906
2016-08-11,30.912015914916992
2016-08-12,30.971431732177734
2016-08-15,30.93430519104004
2016-08-16,30.770902633666992
2016-08-17,30.86745834350586
2016-08-18,31.21653938293457
2016-08-19,30.93430519104004
2016-08-22,30.88973617553711
2016-08-23,30.941726684570312
2016-08-24,30.860029220581055
2016-08-25,30.770902633666992
2016-08-26,30.406972885131836
2016-08-29,30.56294059753418
2016-08-30,30.384689331054688
2016-08-31,30.302988052368164
2016-09-01,30.3995418548584
2016-09-02,30.711483001708984
2016-09-06,31.179397583007812
2016-09-07,31.261104583740234
2016-09-08,31.461639404296875
2016-09-09,30.585220336914062
2016-09-12,30.78575325012207
2016-09-13,30.087600708007812
2016-09-14,30.124740600585938
2016-09-15,30.280704498291016
2016-09-16,30.228717803955078
2016-09-19,30.42182159423828
2016-09-20,30.436689376831055
2016-09-21,30.95657730102539
2016-09-22,31.201683044433594
2016-09-23,30.941726684570312
2016-09-26,30.763477325439453
2016-09-27,30.763477325439453
2016-09-28,31.067995071411133
2016-09-29,30.726333618164062
2016-09-30,30.86745834350586
2016-10-03,30.600074768066406
2016-10-04,30.13959312438965
2016-10-05,30.080175399780273
2016-10-06,29.894487380981445
2016-10-07,29.671680450439453
2016-10-10,29.872209548950195
2016-10-11,29.463714599609375
2016-10-12,29.56026268005371
2016-10-13,29.716238021850586
2016-10-14,29.65682601928711
2016-10-17,29.664247512817383
2016-10-18,29.95391082763672
2016-10-19,30.109882354736328
2016-10-20,30.11731719970703
2016-10-21,30.02818489074707
2016-10-24,30.043041229248047
2016-10-25,30.043041229248047
2016-10-26,29.95391082763672
2016-10-27,29.82765007019043
2016-10-28,29.723669052124023
2016-10-31,29.872209548950195
2016-11-01,29.70138168334961
2016-11-02,29.38202667236328
2016-11-03,29.270601272583008
2016-11-04,29.129491806030273
2016-11-07,29.664247512817383
2016-11-08,29.81279945373535
2016-11-09,29.344879150390625
2016-11-10,28.53531837463379
2016-11-11,28.149106979370117
2016-11-14,27.881717681884766
2016-11-15,28.357065200805664
2016-11-16,28.163949966430664
2016-11-17,28.34963607788086
2016-11-18,28.19366455078125
2016-11-21,28.498180389404297
2016-11-22,28.602163314819336
2016-11-23,28.483325958251953
2016-11-25,28.683853149414062
2016-11-28,28.79526710510254
2016-11-29,28.86954116821289
2016-11-30,28.654150009155273
2016-12-01,28.334781646728516
2016-12-02,28.505611419677734
2016-12-05,28.646724700927734
2016-12-06,28.802692413330078
2016-12-07,29.09235191345215
2016-12-08,28.958669662475586
2016-12-09,29.10721206665039
2016-12-12,29.25575828552246
2016-12-13,29.627111434936523
2016-12-14,29.114639282226562
2016-12-15,29.203760147094727
2016-12-16,29.39687728881836
2016-12-19,29.471141815185547
2016-12-20,29.322599411010742
2016-12-21,29.367158889770508
2016-12-22,29.31747055053711
2016-12-23,29.452985763549805
2016-12-27,29.4981632232666
2016-12-28,29.20453643798828
2016-12-29,29.46805191040039
2016-12-30,29.392763137817383
2017-01-03,29.50569725036621
2017-01-04,29.671321868896484
2017-01-05,29.84450340270996
2017-01-06,29.814374923706055
2017-01-09,29.739086151123047
2017-01-10,29.55086898803711
2017-01-11,29.799327850341797
2017-01-12,29.882137298583984
2017-01-13,29.95743179321289
2017-01-17,30.062835693359375
2017-01-18,29.92731475830078
2017-01-19,29.769201278686523
2017-01-20,29.942365646362305
2017-01-23,29.972484588623047
2017-01-24,30.16823387145996
2017-01-25,30.153181076049805
2017-01-26,30.032712936401367
2017-01-27,29.836965560913086
2017-01-30,29.62615203857422
2017-01-31,29.90471839904785
2017-02-01,29.686386108398438
2017-02-02,29.88966941833496
2017-02-03,30.07789421081543
2017-02-06,29.897193908691406
2017-02-07,29.949892044067383
2017-02-08,30.198347091674805
2017-02-09,30.24351692199707
2017-02-10,30.394102096557617
2017-02-13,30.484455108642578
2017-02-14,30.37151527404785
2017-02-15,30.37151527404785
2017-02-16,30.446807861328125
2017-02-17,30.36398696899414
2017-02-21,30.52962875366211
2017-02-22,30.507030487060547
2017-02-23,30.59738540649414
2017-02-24,30.612438201904297
2017-02-27,30.702781677246094
2017-02-28,30.725379943847656
2017-03-01,30.7329044342041
2017-03-02,30.68020248413086
2017-03-03,30.82324981689453
2017-03-06,30.763015747070312
2017-03-07,30.763015747070312
2017-03-08,30.461856842041016
2017-03-09,30.52962875366211
2017-03-10,30.702781677246094
2017-03-13,30.7329044342041
2017-03-14,30.49197769165039
2017-03-15,31.04159164428711
2017-03-16,31.101818084716797
2017-03-17,31.28251075744629
2017-03-20,31.18463706970215
2017-03-21,31.327695846557617
2017-03-22,31.47073745727539
2017-03-23,31.47073745727539
2017-03-24,31.643901824951172
2017-03-27,31.726713180541992
2017-03-28,31.84718132019043
2017-03-29,31.862241744995117
2017-03-30,31.689075469970703
2017-03-31,31.862241744995117
2017-04-03,31.84718132019043
2017-04-04,31.869760513305664
2017-04-05,31.869760513305664
2017-04-06,32.02033615112305
2017-04-07,31.89988136291504
2017-04-10,31.94505500793457
2017-04-11,31.990232467651367
2017-04-12,32.1031608581543
2017-04-13,32.035404205322266
2017-04-17,32.185977935791016
2017-04-18,32.110687255859375
2017-04-19,31.839656829833984
2017-04-20,31.892356872558594
2017-04-21,31.817068099975586
2017-04-24,32.35161209106445
2017-04-25,32.38926315307617
2017-04-26,32.21609115600586
2017-04-27,32.32902908325195
2017-04-28,32.32902908325195
2017-05-01,32.313968658447266
2017-05-02,32.64523696899414
2017-05-03,32.46455001831055
2017-05-04,32.47207260131836
2017-05-05,32.856048583984375
2017-05-08,32.71300506591797
2017-05-09,32.4796028137207
2017-05-10,32.705467224121094
2017-05-11,32.53983688354492
2017-05-12,32.667823791503906
2017-05-15,32.8485221862793
2017-05-16,32.90122604370117
2017-05-17,32.62265396118164
2017-05-18,32.667823791503906
2017-05-19,33.044273376464844
2017-05-22,33.2701301574707
2017-05-23,33.37554168701172
2017-05-24,33.51105880737305
2017-05-25,33.56375503540039
2017-05-26,33.48847198486328
2017-05-30,33.44330596923828
2017-05-31,33.62399673461914
2017-06-01,33.90256118774414
2017-06-02,34.083251953125
2017-06-05,34.060665130615234
2017-06-06,34.02302169799805
2017-06-07,33.97785568237305
2017-06-08,33.87245178222656
2017-06-09,33.84233474731445
2017-06-12,33.684226989746094
2017-06-13,33.80467987060547
2017-06-14,33.91009521484375
2017-06-15,33.78962707519531
2017-06-16,34.12843322753906
2017-06-19,34.12843322753906
2017-06-20,33.681480407714844
2017-06-21,33.673824310302734
2017-06-22,33.658531188964844
2017-06-23,33.75035858154297
2017-06-26,33.926387786865234
2017-06-27,33.71210479736328
2017-06-28,33.903419494628906
2017-06-29,33.582000732421875
2017-06-30,33.65087890625
2017-07-03,33.49781036376953
2017-07-05,33.314125061035156
2017-07-06,33.22229766845703
2017-07-07,33.36771011352539
2017-07-10,33.314125061035156
2017-07-11,33.329437255859375
2017-07-12,33.62025451660156
2017-07-13,33.704444885253906
2017-07-14,34.06414031982422
2017-07-17,34.033531188964844
2017-07-18,34.232513427734375
2017-07-19,34.439151763916016
2017-07-20,34.58455276489258
2017-07-21,34.607521057128906
2017-07-24,34.469764709472656
2017-07-25,34.408538818359375
2017-07-26,34.62281799316406
2017-07-27,34.4774169921875
2017-07-28,34.439151763916016
2017-07-31,34.645782470703125
2017-08-01,34.80649948120117
2017-08-02,34.89067840576172
2017-08-03,34.95191192626953
2017-08-04,34.93660354614258
2017-08-07,34.95191192626953
2017-08-08,34.75292205810547
2017-08-09,34.66874313354492
2017-08-10,34.35496139526367
2017-08-11,34.362613677978516
2017-08-14,34.530982971191406
2017-08-15,34.500370025634766
2017-08-16,34.745269775390625
2017-08-17,34.44679641723633
2017-08-18,34.66109085083008
2017-08-21,34.69934844970703
2017-08-22,34.89067840576172
2017-08-23,34.97487258911133
2017-08-24,34.99782943725586
2017-08-25,35.158546447753906
2017-08-28,35.08966827392578
2017-08-29,34.99782943725586
2017-08-30,34.86006546020508
2017-08-31,35.2274169921875
2017-09-01,35.31160354614258
2017-09-05,35.13558578491211
2017-09-06,35.21211242675781
2017-09-07,35.4570198059082
2017-09-08,35.46466064453125
2017-09-11,35.73252487182617
2017-09-12,35.472312927246094
2017-09-13,35.2274169921875
2017-09-14,35.30394744873047
2017-09-15,35.31160354614258
2017-09-18,35.235076904296875
2017-09-19,35.30394744873047
2017-09-20,35.1279296875
2017-09-21,34.92129135131836
2017-09-22,34.87537384033203
2017-09-25,34.87537384033203
2017-09-26,34.722312927246094
2017-09-27,34.4544563293457
2017-09-28,34.53864669799805
2017-09-29,34.63813018798828
2017-10-02,34.5539436340332
2017-10-03,34.56159973144531
2017-10-04,34.4544563293457
2017-10-05,34.53864669799805
2017-10-06,34.46210479736328
2017-10-09,34.50802230834961
2017-10-10,34.745269775390625
2017-10-11,34.97487258911133
2017-10-12,35.07435607910156
2017-10-13,35.051395416259766
2017-10-16,34.96721267700195
2017-10-17,35.043739318847656
2017-10-18,35.051395416259766
2017-10-19,35.158546447753906
2017-10-20,35.03609085083008
2017-10-23,34.87537384033203
2017-10-24,34.93660354614258
2017-10-25,34.58455276489258
2017-10-26,34.57689666748047
2017-10-27,34.68404006958008
2017-10-30,34.814151763916016
2017-10-31,34.8524169921875
2017-11-01,34.8524169921875
2017-11-02,34.8524169921875
2017-11-03,34.87537384033203
2017-11-06,35.00548553466797
2017-11-07,35.03609085083008
2017-11-08,35.11262512207031
2017-11-09,35.09731674194336
2017-11-10,34.95191192626953
2017-11-13,34.821807861328125
2017-11-14,34.883026123046875
2017-11-15,34.66874313354492
2017-11-16,34.70700454711914
2017-11-17,34.57689666748047
2017-11-20,34.52333068847656
2017-11-21,34.6763916015625
2017-11-22,34.92894744873047
2017-11-24,35.17384719848633
2017-11-27,35.08201217651367
2017-11-28,35.235076904296875
2017-11-29,35.21211242675781
2017-11-30,35.441707611083984
2017-12-01,35.47998046875
2017-12-04,35.38813781738281
2017-12-05,35.258026123046875
2017-12-06,35.30394744873047
2017-12-07,35.296302795410156
2017-12-08,35.326900482177734
2017-12-11,35.38813781738281
2017-12-12,35.17384719848633
2017-12-13,35.31160354614258
2017-12-14,35.17384719848633
2017-12-15,35.235076904296875
2017-12-18,35.31926345825195
2017-12-19,35.06670379638672
2017-12-20,34.91364288330078
2017-12-21,34.836082458496094
2017-12-22,34.890384674072266
2017-12-26,34.890384674072266
2017-12-27,34.952415466308594
2017-12-28,35.123023986816406
2017-12-29,35.06874465942383
2018-01-02,35.270381927490234
2018-01-03,35.270381927490234
2018-01-04,35.51078796386719
2018-01-05,35.611595153808594
2018-01-08,35.57282638549805
2018-01-09,35.402217864990234
2018-01-10,34.975685119628906
2018-01-11,35.11527633666992
2018-01-12,35.21608352661133
2018-01-16,35.32466506958008
2018-01-17,35.5340461730957
2018-01-18,35.433231353759766
2018-01-19,35.487518310546875
2018-01-22,35.63487243652344
2018-01-23,35.73569107055664
2018-01-24,35.8287467956543
2018-01-25,35.7977294921875
2018-01-26,35.9450798034668
2018-01-29,35.50303649902344
2018-01-30,35.20833206176758
2018-01-31,35.49528121948242
2018-02-01,35.355682373046875
2018-02-02,34.58792495727539
2018-02-05,33.58750915527344
2018-02-06,33.820167541503906
2018-02-07,33.50220489501953
2018-02-08,32.711185455322266
2018-02-09,33.044654846191406
2018-02-12,33.40138626098633
2018-02-13,33.40138626098633
2018-02-14,33.789146423339844
2018-02-15,34.091590881347656
2018-02-16,34.192413330078125
2018-02-20,33.96751022338867
2018-02-21,33.50996017456055
2018-02-22,33.424659729003906
2018-02-23,33.88996887207031
2018-02-26,34.02955627441406
2018-02-27,33.41689682006836
2018-02-28,33.083431243896484
2018-03-01,32.99036407470703
2018-03-02,32.99036407470703
2018-03-05,33.28506851196289
2018-03-06,33.32383728027344
2018-03-07,33.33935546875
2018-03-08,33.478939056396484
2018-03-09,33.727108001708984
2018-03-12,33.7658805847168
2018-03-13,33.74260711669922
2018-03-14,33.858943939208984
2018-03-15,33.52547073364258
2018-03-16,33.533226013183594
2018-03-19,33.292816162109375
2018-03-20,33.0756721496582
2018-03-21,33.30057907104492
2018-03-22,32.85077667236328
2018-03-23,32.532814025878906
2018-03-26,32.95159149169922
2018-03-27,32.928321838378906
2018-03-28,33.02138900756836
2018-03-29,33.23077392578125
2018-04-02,32.8585319519043
2018-04-03,32.99036407470703
2018-04-04,33.16873550415039
2018-04-05,33.40138626098633
2018-04-06,33.160980224609375
2018-04-09,33.432403564453125
2018-04-10,33.65731430053711
2018-04-11,33.58750915527344
2018-04-12,33.44791793823242
2018-04-13,33.56424331665039
2018-04-16,33.84342956542969
2018-04-17,34.052818298339844
2018-04-18,34.15363693237305
2018-04-19,33.87445068359375
2018-04-20,33.71159362792969
2018-04-23,33.59526824951172
2018-04-24,33.57200241088867
2018-04-25,33.533226013183594
2018-04-26,33.80466079711914
2018-04-27,34.014041900634766
2018-04-30,33.89772033691406
2018-05-01,33.858943939208984
2018-05-02,33.975276947021484
2018-05-03,34.052818298339844
2018-05-04,34.11486053466797
2018-05-07,34.083839416503906
2018-05-08,33.7658805847168
2018-05-09,33.81241226196289
2018-05-10,34.07608413696289
2018-05-11,34.130374908447266
2018-05-14,34.122615814208984
2018-05-15,33.882198333740234
2018-05-16,33.57200241088867
2018-05-17,33.424659729003906
2018-05-18,33.26955032348633
2018-05-21,33.533226013183594
2018-05-22,33.50996017456055
2018-05-23,33.424659729003906
2018-05-24,33.37036895751953
2018-05-25,33.238529205322266
2018-05-29,32.78873062133789
2018-05-30,33.354854583740234
2018-05-31,33.33158874511719
2018-06-01,33.18424606323242
2018-06-04,33.26179122924805
2018-06-05,33.13771057128906
2018-06-06,33.044654846191406
2018-06-07,33.01362991333008
2018-06-08,32.88955307006836
2018-06-11,33.13771057128906
2018-06-12,33.26955032348633
2018-06-13,33.31608200073242
2018-06-14,33.38587188720703
2018-06-15,33.354854583740234
2018-06-18,33.354854583740234
2018-06-19,33.32017135620117
2018-06-20,33.367462158203125
2018-06-21,33.25711441040039
2018-06-22,33.517242431640625
2018-06-25,33.4857063293457
2018-06-26,33.572418212890625
2018-06-27,33.4463005065918
2018-06-28,33.55665588378906
2018-06-29,33.856197357177734
2018-07-02,33.76161193847656
2018-07-03,33.98231506347656
2018-07-05,34.218807220458984
2018-07-06,34.62082290649414
2018-07-09,34.29762268066406
2018-07-10,34.415870666503906
2018-07-11,34.10055923461914
2018-07-12,34.36069107055664
2018-07-13,34.407989501953125
2018-07-16,34.305511474609375
2018-07-17,34.226688385009766
2018-07-18,34.16362380981445
2018-07-19,34.29762268066406
2018-07-20,34.352813720703125
2018-07-23,34.195152282714844
2018-07-24,34.25033187866211
2018-07-25,34.42375564575195
2018-07-26,34.407989501953125
2018-07-27,34.42375564575195
2018-07-30,34.305511474609375
2018-07-31,34.48681640625
2018-08-01,34.037506103515625
2018-08-02,34.11632537841797
2018-08-03,34.31338882446289
2018-08-06,34.3764533996582
2018-08-07,34.45528793334961
2018-08-08,34.368568420410156
2018-08-09,34.36069107055664
2018-08-10,33.98231506347656
2018-08-13,33.87196350097656
2018-08-14,33.935020446777344
2018-08-15,33.55665588378906
2018-08-16,33.61971664428711
2018-08-17,33.8167839050293
2018-08-20,33.88773727416992
2018-08-21,33.98231506347656
2018-08-22,34.05326461791992
2018-08-23,33.785255432128906
2018-08-24,33.95079040527344
2018-08-27,34.069034576416016
2018-08-28,33.92713928222656
2018-08-29,34.0769157409668
2018-08-30,33.8167839050293
2018-08-31,33.596065521240234
2018-09-04,33.414764404296875
2018-09-05,33.5408935546875
2018-09-06,33.572418212890625
2018-09-07,33.194061279296875
2018-09-10,33.3753547668457
2018-09-11,33.39900207519531
2018-09-12,33.52512741088867
2018-09-13,33.65913391113281
2018-09-14,33.414764404296875
2018-09-17,33.65913391113281
2018-09-18,33.824668884277344
2018-09-19,33.49359130859375
2018-09-20,33.572418212890625
2018-09-21,33.651248931884766
2018-09-24,33.4305305480957
2018-09-25,33.31229019165039
2018-09-26,33.1152229309082
2018-09-27,33.09157180786133
2018-09-28,33.20193099975586
2018-10-01,33.351707458496094
2018-10-02,33.351707458496094
2018-10-03,33.2098274230957
2018-10-04,32.91027069091797
2018-10-05,33.03639602661133
2018-10-08,33.067928314208984
2018-10-09,33.1152229309082
2018-10-10,32.61861801147461
2018-10-11,32.224483489990234
2018-10-12,32.224483489990234
2018-10-15,32.27177429199219
2018-10-16,32.79991149902344
2018-10-17,32.571319580078125
2018-10-18,32.350608825683594
2018-10-19,32.76838684082031
2018-10-22,32.55554962158203
2018-10-23,32.358489990234375
2018-10-24,32.20871353149414
2018-10-25,32.19294738769531
2018-10-26,31.91705322265625
2018-10-29,31.751510620117188
2018-10-30,32.019527435302734
2018-10-31,31.97223472595215
2018-11-01,32.3348388671875
2018-11-02,32.106239318847656
2018-11-05,32.531898498535156
2018-11-06,32.64225769042969
2018-11-07,33.10734939575195
2018-11-08,32.76050567626953
2018-11-09,32.650142669677734
2018-11-12,32.24812698364258
2018-11-13,32.34272384643555
2018-11-14,32.27177429199219
2018-11-15,32.20083236694336
2018-11-16,32.44519805908203
2018-11-19,32.30331039428711
2018-11-20,32.019527435302734
2018-11-21,32.074703216552734
2018-11-23,31.91705322265625
2018-11-26,32.256011962890625
2018-11-27,32.366371154785156
2018-11-28,32.602848052978516
2018-11-29,32.47672653198242
2018-11-30,32.58708190917969
2018-12-03,32.784149169921875
2018-12-04,32.48461151123047
2018-12-06,32.5949592590332
2018-12-07,32.48461151123047
2018-12-10,32.224483489990234
2018-12-11,32.42155075073242
2018-12-12,32.63438034057617
2018-12-13,32.697444915771484
2018-12-14,32.55554962158203
2018-12-17,32.074703216552734
2018-12-18,31.811681747436523
2018-12-19,31.85979652404785
2018-12-20,31.747528076171875
2018-12-21,31.354595184326172
2018-12-24,30.640893936157227
2018-12-26,31.37864875793457
2018-12-27,31.434785842895508
2018-12-28,31.555072784423828
2018-12-31,31.579124450683594
2019-01-02,31.627243041992188
2019-01-03,31.482898712158203
2019-01-04,32.196598052978516
2019-01-07,32.228675842285156
2019-01-08,32.70179748535156
2019-01-09,32.80604553222656
2019-01-10,33.13484191894531
2019-01-11,32.838130950927734
2019-01-14,32.64566421508789
2019-01-15,32.87821960449219
2019-01-16,33.006526947021484
2019-01-17,33.174922943115234
2019-01-18,33.279170989990234
2019-01-22,33.09473419189453
2019-01-23,33.35134506225586
2019-01-24,33.51974105834961
2019-01-25,33.720218658447266
2019-01-28,33.55984115600586
2019-01-29,33.768341064453125
2019-01-30,34.065040588378906
2019-01-31,34.25749969482422
2019-02-01,34.145240783691406
2019-02-04,34.38580322265625
2019-02-05,34.425907135009766
2019-02-06,34.2655143737793
2019-02-07,34.20137023925781
2019-02-08,34.08909606933594
2019-02-11,34.081085205078125
2019-02-12,34.249481201171875
2019-02-13,34.22542953491211
2019-02-14,34.29759979248047
2019-02-15,34.5782585144043
2019-02-19,34.738643646240234
2019-02-20,34.834869384765625
2019-02-21,34.979217529296875
2019-02-22,35.17168045043945
2019-02-25,35.00327682495117
2019-02-26,35.155635833740234
2019-02-27,35.09148025512695
2019-02-28,35.17969512939453
2019-03-01,35.20375061035156
2019-03-04,35.06743240356445
2019-03-05,35.04336929321289
2019-03-06,35.10752487182617
2019-03-07,35.011295318603516
2019-03-08,35.09950256347656
2019-03-11,35.34809494018555
2019-03-12,35.45234298706055
2019-03-13,35.53254318237305
2019-03-14,35.5485725402832
2019-03-15,35.7570686340332
2019-03-18,35.9094352722168
2019-03-19,35.949527740478516
2019-03-20,35.9334831237793
2019-03-21,35.949527740478516
2019-03-22,35.6528205871582
2019-03-25,35.781131744384766
2019-03-26,35.98160171508789
2019-03-27,35.89339828491211
2019-03-28,35.7570686340332
2019-03-29,35.941505432128906
2019-04-01,36.013675689697266
2019-04-02,36.06980895996094
2019-04-03,36.08584976196289
2019-04-04,36.04575729370117
2019-04-05,36.23019790649414
2019-04-08,36.16604232788086
2019-04-09,36.013675689697266
2019-04-10,36.10991287231445
2019-04-11,36.19010543823242
2019-04-12,36.22217559814453
2019-04-15,36.17406463623047
2019-04-16,35.96556091308594
2019-04-17,35.989627838134766
2019-04-18,35.941505432128906
2019-04-22,36.00565719604492
2019-04-23,36.08584976196289
2019-04-24,36.00565719604492
2019-04-25,36.23019790649414
2019-04-26,36.25425338745117
2019-04-29,36.15802764892578
2019-04-30,36.47878646850586
2019-05-01,36.17406463623047
2019-05-02,36.05377197265625
2019-05-03,36.23019790649414
2019-05-06,36.06179428100586
2019-05-07,35.79716491699219
2019-05-08,35.684898376464844
2019-05-09,35.66084289550781
2019-05-10,36.00565719604492
2019-05-13,35.86933135986328
2019-05-14,36.037742614746094
2019-05-15,35.97358703613281
2019-05-16,36.093868255615234
2019-05-17,36.14198684692383
2019-05-20,36.013675689697266
2019-05-21,36.246238708496094
2019-05-22,36.238216400146484
2019-05-23,36.246238708496094
2019-05-24,36.44670867919922
2019-05-28,36.10188674926758
2019-05-29,35.789154052734375
2019-05-30,35.853302001953125
2019-05-31,35.853302001953125
2019-06-03,36.029720306396484
2019-06-04,36.39057922363281
2019-06-05,36.687278747558594
2019-06-06,36.86370849609375
2019-06-07,37.096256256103516
2019-06-10,37.05615997314453
2019-06-11,37.08021926879883
2019-06-12,37.0321044921875
2019-06-13,37.200504302978516
2019-06-14,37.12833023071289
2019-06-17,36.97904586791992
2019-06-18,37.40324020385742
2019-06-19,37.68061065673828
2019-06-20,38.18639373779297
2019-06-21,38.1292839050293
2019-06-24,38.14560317993164
2019-06-25,37.77034378051758
2019-06-26,37.52560806274414
2019-06-27,37.51744842529297
2019-06-28,37.68876266479492
2019-07-01,37.57455825805664
2019-07-02,37.79481506347656
2019-07-03,38.28428649902344
2019-07-05,38.08849334716797
2019-07-08,37.92534637451172
2019-07-09,37.941654205322266
2019-07-10,38.1292839050293
2019-07-11,38.316917419433594
2019-07-12,38.26796340942383
2019-07-15,38.19454574584961
2019-07-16,37.90903091430664
2019-07-17,38.015071868896484
2019-07-18,38.11297607421875
2019-07-19,37.884552001953125
2019-07-22,37.79481506347656
2019-07-23,37.61534881591797
2019-07-24,37.61534881591797
2019-07-25,37.29719543457031
2019-07-26,37.29719543457031
2019-07-29,37.35430145263672
2019-07-30,37.093257904052734
2019-07-31,36.913780212402344
2019-08-01,36.9464111328125
2019-08-02,36.88114547729492
2019-08-05,36.138790130615234
2019-08-06,36.30194854736328
2019-08-07,36.67720413208008
2019-08-08,36.8566780090332
2019-08-09,36.8566780090332
2019-08-12,36.62825393676758
2019-08-13,36.84851837158203
2019-08-14,35.91038131713867
2019-08-15,36.22037124633789
2019-08-16,36.59563064575195
2019-08-19,36.938255310058594
2019-08-20,36.815895080566406
2019-08-21,37.06061935424805
2019-08-22,36.84851837158203
2019-08-23,36.448787689208984
2019-08-26,36.709835052490234
2019-08-27,36.84035873413086
2019-08-28,36.76694107055664
2019-08-29,37.085086822509766
2019-08-30,37.085086822509766
2019-09-03,37.215614318847656
2019-09-04,37.76219177246094
2019-09-05,37.73771286010742
2019-09-06,37.811134338378906
2019-09-09,37.54193115234375
2019-09-10,37.4766731262207
2019-09-11,37.599029541015625
2019-09-12,37.58271789550781
2019-09-13,37.43587875366211
2019-09-16,37.02798843383789
2019-09-17,37.509300231933594
2019-09-18,37.599029541015625
2019-09-19,37.72955322265625
2019-09-20,37.64798355102539
2019-09-23,37.7540283203125
2019-09-24,37.87639236450195
2019-09-25,37.64798355102539
2019-09-26,37.91718673706055
2019-09-27,37.72140121459961
2019-09-30,37.90903091430664
2019-10-01,37.76219177246094
2019-10-02,37.2727165222168
2019-10-03,37.48482894897461
2019-10-04,37.778507232666016
2019-10-07,37.67245864868164
2019-10-08,37.30535888671875
2019-10-09,37.77034378051758
2019-10-10,37.86823272705078
2019-10-11,38.11297607421875
2019-10-14,37.860076904296875
2019-10-15,38.023231506347656
2019-10-16,37.94981384277344
2019-10-17,38.13744354248047
2019-10-18,38.21085739135742
2019-10-21,38.30059814453125
2019-10-22,38.382171630859375
2019-10-23,38.34138870239258
2019-10-24,38.54533386230469
2019-10-25,38.37401580810547
2019-10-28,38.25165557861328
2019-10-29,38.16191101074219
2019-10-30,38.227176666259766
2019-10-31,38.48007583618164
2019-11-01,38.855323791503906
2019-11-04,38.68401336669922
2019-11-05,38.39849090576172
2019-11-06,38.21085739135742
2019-11-07,38.08033752441406
2019-11-08,38.072174072265625
2019-11-11,37.933494567871094
2019-11-12,37.90086364746094
2019-11-13,38.15375518798828
2019-11-14,38.08849334716797
2019-11-15,38.406646728515625
2019-11-18,38.463748931884766
2019-11-19,38.439273834228516
2019-11-20,38.42296600341797
2019-11-21,38.25981140136719
2019-11-22,38.25981140136719
2019-11-25,38.25981140136719
2019-11-26,38.357704162597656
2019-11-27,38.463748931884766
2019-11-29,38.18639373779297
2019-12-02,37.819297790527344
2019-12-03,37.860076904296875
2019-12-04,38.08033752441406
2019-12-05,38.064022064208984
2019-12-06,38.26796340942383
2019-12-09,38.15375518798828
2019-12-10,38.30059814453125
2019-12-11,38.66769790649414
2019-12-12,38.700321197509766
2019-12-13,38.928741455078125
2019-12-16,39.327659606933594
2019-12-17,39.493526458740234
2019-12-18,39.526702880859375
2019-12-19,39.53499221801758
2019-12-20,39.7838020324707
2019-12-23,39.6262321472168
2019-12-24,39.69257354736328
2019-12-26,39.80039596557617
2019-12-27,39.875030517578125
2019-12-30,39.6262321472168
2019-12-31,39.734039306640625
2020-01-02,39.65939712524414
2020-01-03,39.41059494018555
2020-01-06,39.543296813964844
2020-01-07,39.44377517700195
2020-01-08,39.6262321472168
2020-01-09,39.69257354736328
2020-01-10,39.7838020324707
2020-01-13,40.05747985839844
2020-01-14,40.14870834350586
2020-01-15,40.45557403564453
2020-01-16,40.65461349487305
2020-01-17,40.79560089111328
2020-01-21,40.54679870605469
2020-01-22,40.6048583984375
2020-01-23,40.7209587097168
2020-01-24,40.646324157714844
2020-01-27,40.090660095214844
2020-01-28,40.55509567260742
2020-01-29,40.5882682800293
2020-01-30,40.596561431884766
2020-01-31,40.22335433959961
2020-02-03,40.389225006103516
2020-02-04,40.65461349487305
2020-02-05,40.8951301574707
2020-02-06,40.870243072509766
2020-02-07,40.62973403930664
2020-02-10,40.67949676513672
2020-02-11,40.986351013183594
2020-02-12,40.986351013183594
2020-02-13,40.96147155761719
2020-02-14,41.25175476074219
2020-02-18,41.34297180175781
2020-02-19,41.34297180175781
2020-02-20,41.19369125366211
2020-02-21,41.14392852783203
2020-02-24,39.98284149169922
2020-02-25,39.02909851074219
2020-02-26,38.796875
2020-02-27,37.370399475097656
2020-02-28,36.60740280151367
2020-03-02,37.75190353393555
2020-03-03,37.32064437866211
2020-03-04,38.87981414794922
2020-03-05,37.71872329711914
2020-03-06,37.2625846862793
2020-03-09,33.489051818847656
2020-03-10,34.094478607177734
2020-03-11,32.319671630859375
2020-03-12,28.040241241455078
2020-03-13,29.831632614135742
2020-03-16,25.917110443115234
2020-03-17,27.467992782592773
2020-03-18,25.519023895263672
2020-03-19,25.386329650878906
2020-03-20,25.046295166015625
2020-03-23,23.934968948364258
2020-03-24,26.1907958984375
2020-03-25,27.293827056884766
2020-03-26,29.110095977783203
2020-03-27,28.305627822875977
2020-03-30,28.645658493041992
2020-03-31,28.322219848632812
2020-04-01,26.646934509277344
2020-04-02,27.385055541992188
2020-04-03,26.622055053710938
2020-04-06,28.20611000061035
2020-04-07,28.114877700805664
2020-04-08,29.060340881347656
2020-04-09,30.379003524780273
2020-04-13,30.121898651123047
2020-04-14,30.735618591308594
2020-04-15,29.55794334411621
2020-04-16,29.350610733032227
2020-04-17,30.4868106842041
2020-04-20,29.72381019592285
2020-04-21,28.9608154296875
2020-04-22,29.649179458618164
2020-04-23,29.34232521057129
2020-04-24,29.65746307373047
2020-04-27,30.163366317749023
2020-04-28,30.52828598022461
2020-04-29,31.0258846282959
2020-04-30,30.54486846923828
2020-05-01,29.74040412902832
2020-05-04,30.063844680786133
2020-05-05,30.055553436279297
2020-05-06,29.425251007080078
2020-05-07,29.632587432861328
2020-05-08,30.11360740661621
2020-05-11,30.121898651123047
2020-05-12,29.698932647705078
2020-05-13,29.201324462890625
2020-05-14,29.383787155151367
2020-05-15,29.26767349243164
2020-05-18,30.578044891357422
2020-05-19,30.15507698059082
2020-05-20,30.569746017456055
2020-05-21,30.387290954589844
2020-05-22,30.553157806396484
2020-05-26,31.573265075683594
2020-05-27,31.987932205200195
2020-05-28,32.1455078125
2020-05-29,32.386016845703125
2020-06-01,33.024620056152344
2020-06-02,33.638336181640625
2020-06-03,34.49256134033203
2020-06-04,34.02812957763672
2020-06-05,34.641841888427734
2020-06-08,35.45460891723633
2020-06-09,34.69990158081055
2020-06-10,34.25204849243164
2020-06-11,32.20356750488281
2020-06-12,32.47724914550781
2020-06-15,32.9293327331543
2020-06-16,33.10546875
2020-06-17,33.013214111328125
2020-06-18,32.95450973510742
2020-06-19,32.50996017456055
2020-06-22,32.75320053100586
2020-06-23,32.66933059692383
2020-06-24,31.85573387145996
2020-06-25,31.897674560546875
2020-06-26,31.4279727935791
2020-06-29,31.847347259521484
2020-06-30,32.11574935913086
2020-07-01,32.21639633178711
2020-07-02,32.58544921875
2020-07-06,32.69448471069336
2020-07-07,32.29188537597656
2020-07-08,32.40092849731445
2020-07-09,31.72153663635254
2020-07-10,32.048648834228516
2020-07-13,31.671205520629883
2020-07-14,32.048648834228516
2020-07-15,32.71964645385742
2020-07-16,32.686100006103516
2020-07-17,32.9293327331543
2020-07-20,32.837074279785156
2020-07-21,33.18935012817383
2020-07-22,33.390647888183594
2020-07-23,33.08870315551758
2020-07-24,32.87062454223633
2020-07-27,32.9293327331543
2020-07-28,32.996437072753906
2020-07-29,33.4577522277832
2020-07-30,33.13063049316406
2020-07-31,32.82868957519531
2020-08-03,32.9880485534668
2020-08-04,33.48291778564453
2020-08-05,33.34870910644531
2020-08-06,33.5416259765625
2020-08-07,33.57518005371094
2020-08-10,33.86874008178711
2020-08-11,33.801631927490234
2020-08-12,34.23778533935547
2020-08-13,34.019710540771484
2020-08-14,33.93583679199219
2020-08-17,33.83518981933594
2020-08-18,33.73453903198242
2020-08-19,33.61711120605469
2020-08-20,33.4577522277832
2020-08-21,33.46614074707031
2020-08-24,33.801631927490234
2020-08-25,33.65904998779297
2020-08-26,33.315162658691406
2020-08-27,33.281612396240234
2020-08-28,33.667442321777344
2020-08-31,33.331939697265625
2020-09-01,33.3067741394043
2020-09-02,34.10359191894531
2020-09-03,33.583560943603516
2020-09-04,33.50807189941406
2020-09-08,32.95450973510742
2020-09-09,33.44097900390625
2020-09-10,32.9041748046875
2020-09-11,32.97966003417969
2020-09-14,33.29838562011719
2020-09-15,33.432586669921875
2020-09-16,33.44935989379883
2020-09-17,33.40742874145508
2020-09-18,32.811912536621094
2020-09-21,32.17446517944336
2020-09-22,32.30866241455078
2020-09-23,31.763473510742188
2020-09-24,31.880897521972656
2020-09-25,32.208011627197266
2020-09-28,32.45964050292969
2020-09-29,32.45125198364258
2020-09-30,32.35898208618164
2020-10-01,32.551902770996094
2020-10-02,32.7280387878418
2020-10-05,33.172576904296875
2020-10-06,33.013214111328125
2020-10-07,33.315162658691406
2020-10-08,33.826805114746094
2020-10-09,33.8603515625
2020-10-12,34.0364875793457
2020-10-13,33.62549591064453
2020-10-14,33.75130844116211
2020-10-15,33.53322982788086
2020-10-16,33.53322982788086
2020-10-19,33.46614074707031
2020-10-20,33.92744445800781
2020-10-21,33.60873031616211
2020-10-22,34.078426361083984
2020-10-23,34.170684814453125
2020-10-26,33.65066146850586
2020-10-27,33.315162658691406
2020-10-28,32.249942779541016
2020-10-29,32.22478103637695
2020-10-30,31.973161697387695
2020-11-02,32.484798431396484
2020-11-03,33.264835357666016
2020-11-04,33.432586669921875
2020-11-05,34.01131820678711
2020-11-06,33.73453903198242
2020-11-09,35.495914459228516
2020-11-10,36.384986877441406
2020-11-11,36.55274200439453
2020-11-12,35.705596923828125
2020-11-13,36.2088508605957
2020-11-16,36.62821960449219
2020-11-17,36.68693923950195
2020-11-18,36.18368148803711
2020-11-19,36.25918197631836
2020-11-20,36.301109313964844
2020-11-23,36.48563766479492
2020-11-24,37.10631561279297
2020-11-25,36.997276306152344
2020-11-27,36.77081298828125
2020-11-30,36.066261291503906
2020-12-01,36.65339279174805
2020-12-02,36.86307144165039
2020-12-03,36.85469055175781
2020-12-04,36.988887786865234
2020-12-07,36.84629821777344
2020-12-08,36.80436706542969
2020-12-09,36.6953239440918
2020-12-10,36.92178726196289
2020-12-11,36.762428283691406
2020-12-14,36.43008804321289
2020-12-15,37.15256881713867
2020-12-16,37.00807189941406
2020-12-17,37.46706008911133
2020-12-18,36.9400749206543
2020-12-21,36.506587982177734
2020-12-22,36.38759231567383
2020-12-23,36.727577209472656
2020-12-24,36.804073333740234
2020-12-28,36.999568939208984
2020-12-29,37.110069274902344
2020-12-30,37.25457000732422
2020-12-31,37.15256881713867
2021-01-04,36.88056945800781
2021-01-05,37.21206283569336
2021-01-06,37.883544921875
2021-01-07,37.84954071044922
2021-01-08,37.951541900634766
2021-01-11,37.543548583984375
2021-01-12,37.6285514831543
2021-01-13,37.74755096435547
2021-01-14,38.0195426940918
2021-01-15,37.71354675292969
2021-01-19,37.64555358886719
2021-01-20,37.9090461730957
2021-01-21,37.654052734375
2021-01-22,37.29706573486328
2021-01-25,37.28855895996094
2021-01-26,37.3310546875
2021-01-27,36.28558349609375
2021-01-28,36.761573791503906
2021-01-29,36.234588623046875
2021-02-01,36.676578521728516
2021-02-02,37.2630615234375
2021-02-03,37.39055633544922
2021-02-04,37.382057189941406
2021-02-05,37.764549255371094
2021-02-08,37.866546630859375
2021-02-09,37.603057861328125
2021-02-10,37.603057861328125
2021-02-11,37.569053649902344
2021-02-12,37.57755661010742
2021-02-16,37.30555725097656
2021-02-17,37.314064025878906
2021-02-18,36.991065979003906
2021-02-19,36.948570251464844
2021-02-22,37.0335693359375
2021-02-23,37.69654846191406
2021-02-24,37.9090461730957
2021-02-25,37.101566314697266
2021-02-26,36.54058074951172
2021-03-01,37.36506271362305
2021-03-02,37.16106033325195
2021-03-03,36.889076232910156
2021-03-04,36.7785758972168
2021-03-05,37.14406967163086
2021-03-08,37.25457000732422
2021-03-09,37.526554107666016
2021-03-10,37.89204788208008
2021-03-11,38.21503829956055
2021-03-12,38.470035552978516
2021-03-15,38.72502517700195
2021-03-16,38.54652404785156
2021-03-17,38.5720329284668
2021-03-18,37.90053939819336
2021-03-19,37.8580436706543
2021-03-22,37.80704879760742
2021-03-23,37.620052337646484
2021-03-24,37.603057861328125
2021-03-25,37.764549255371094
2021-03-26,38.045047760009766
2021-03-29,38.21503829956055
2021-03-30,38.00254440307617
2021-03-31,38.30853271484375
2021-04-01,38.54652404785156
2021-04-05,38.980018615722656
2021-04-06,38.810020446777344
2021-04-07,38.963016510009766
2021-04-08,39.056514739990234
2021-04-09,39.022518157958984
2021-04-12,38.793025970458984
2021-04-13,39.056514739990234
2021-04-14,39.16701889038086
2021-04-15,39.46450424194336
2021-04-16,39.54949951171875
2021-04-19,39.566497802734375
2021-04-20,39.2605094909668
2021-04-21,39.40501403808594
2021-04-22,39.23500442504883
2021-04-23,39.44750213623047
2021-04-26,39.566497802734375
2021-04-27,39.269012451171875
2021-04-28,39.49000930786133
2021-04-29,39.711002349853516
2021-04-30,39.643001556396484
2021-05-03,39.94900131225586
2021-05-04,39.70249557495117
2021-05-05,39.87249755859375
2021-05-06,40.067989349365234
2021-05-07,40.365482330322266
2021-05-10,40.399478912353516
2021-05-11,40.15298843383789
2021-05-12,39.379512786865234
2021-05-13,39.61750793457031
2021-05-14,40.25498962402344
2021-05-17,40.05949020385742
2021-05-18,39.957496643066406
2021-05-19,39.68549346923828
2021-05-20,40.15298843383789
2021-05-21,40.12749099731445
2021-05-24,40.27198791503906
2021-05-25,39.82149887084961
2021-05-26,39.8385009765625
2021-05-27,39.71949768066406
2021-05-28,39.9319953918457
2021-06-01,40.15298843383789
2021-06-02,40.3229866027832
2021-06-03,40.05949020385742
2021-06-04,40.3229866027832
2021-06-07,40.5524787902832
2021-06-08,40.44198226928711
2021-06-09,40.696983337402344
2021-06-10,40.70387268066406
2021-06-11,40.79871368408203
2021-06-14,40.9194221496582
2021-06-15,41.074615478515625
2021-06-16,40.74697494506836
2021-06-17,40.531436920166016
2021-06-18,39.64338302612305
2021-06-21,40.16069793701172
2021-06-22,39.91065979003906
2021-06-23,39.617515563964844
2021-06-24,39.91065979003906
2021-06-25,40.00550079345703
2021-06-28,39.66062545776367
2021-06-29,39.26402282714844
2021-06-30,39.12607192993164
2021-07-01,39.43646240234375
2021-07-02,39.67787170410156
2021-07-06,39.93653106689453
2021-07-07,40.03998947143555
2021-07-08,39.72098159790039
2021-07-09,40.00550079345703
2021-07-12,40.09172439575195
2021-07-13,39.69511795043945
2021-07-14,39.65200424194336
2021-07-15,39.54854202270508
2021-07-16,39.5399169921875
2021-07-19,38.68635177612305
2021-07-20,38.73808670043945
2021-07-21,38.970882415771484
2021-07-22,39.13468933105469
2021-07-23,39.34161376953125
2021-07-26,39.57440948486328
2021-07-27,39.583030700683594
2021-07-28,39.72098159790039
2021-07-29,39.824440002441406
2021-07-30,39.55716323852539
2021-08-02,39.57440948486328
2021-08-03,39.72098159790039
2021-08-04,39.4968147277832
2021-08-05,39.81582260131836
2021-08-06,39.850311279296875
2021-08-09,39.617515563964844
2021-08-10,39.57440948486328
2021-08-11,39.89341735839844
2021-08-12,39.80719757080078
2021-08-13,39.92790222167969
2021-08-16,40.08309555053711
2021-08-17,39.686485290527344
2021-08-18,39.69511795043945
2021-08-19,39.376102447509766
2021-08-20,39.66062545776367
2021-08-23,39.884788513183594
2021-08-24,39.97962951660156
2021-08-25,40.09172439575195
2021-08-26,39.824440002441406
2021-08-27,40.26416015625
2021-08-30,40.212425231933594
2021-08-31,40.100341796875
2021-09-01,40.583168029785156
2021-09-02,40.92803955078125
2021-09-03,40.74697494506836
2021-09-07,40.479705810546875
2021-09-08,40.66938781738281
2021-09-09,40.51419448852539
2021-09-10,40.048606872558594
2021-09-13,40.51419448852539
2021-09-14,40.06585693359375
2021-09-15,40.26416015625
2021-09-16,39.91928482055664
2021-09-17,39.57440948486328
2021-09-20,39.27263641357422
2021-09-21,39.505428314208984
2021-09-22,39.7985725402832
2021-09-23,40.05723571777344
2021-09-24,39.96238708496094
2021-09-27,40.07447814941406
2021-09-28,39.583030700683594
2021-09-29,39.57440948486328
2021-09-30,39.57440948486328
2021-10-01,39.83306121826172
2021-10-04,40.17793655395508
2021-10-05,40.169315338134766
2021-10-06,40.16069793701172
2021-10-07,40.255531311035156
2021-10-08,40.350379943847656
2021-10-11,39.858924865722656
2021-10-12,40.169315338134766
2021-10-13,40.565921783447266
2021-10-14,41.022884368896484
2021-10-15,41.15220642089844
2021-10-18,40.86769485473633
2021-10-19,41.32464599609375
2021-10-20,41.71263885498047
2021-10-21,41.341896057128906
2021-10-22,41.4539794921875
2021-10-25,41.28154754638672
2021-10-26,41.3160285949707
2021-10-27,41.15220642089844
2021-10-28,41.42810821533203
2021-10-29,41.18669891357422
2021-11-01,41.58329772949219
2021-11-02,41.37638854980469
2021-11-03,41.3160285949707
2021-11-04,41.33327102661133
2021-11-05,41.72987747192383
2021-11-08,41.64365005493164
2021-11-09,41.51433181762695
2021-11-10,41.30740737915039
2021-11-11,41.04012680053711
2021-11-12,41.126346588134766
2021-11-15,41.23843002319336
2021-11-16,40.86769485473633
2021-11-17,40.79871368408203
2021-11-18,40.74697494506836
2021-11-19,40.169315338134766
2021-11-22,40.100341796875
2021-11-23,40.32450866699219
2021-11-24,40.50556945800781
2021-11-26,39.505428314208984
2021-11-29,39.583030700683594
2021-11-30,39.10020065307617
2021-12-01,38.78981399536133
2021-12-02,39.160552978515625
2021-12-03,39.18642044067383
2021-12-06,39.91928482055664
2021-12-07,40.3331298828125
2021-12-08,40.40210723876953
2021-12-09,40.05723571777344
2021-12-10,40.17793655395508
2021-12-13,39.92881393432617
2021-12-14,39.74589920043945
2021-12-15,40.2249755859375
2021-12-16,40.17271041870117
2021-12-17,39.81558609008789
2021-12-20,39.8330078125
2021-12-21,40.29465866088867
2021-12-22,40.6430778503418
2021-12-23,40.80857467651367
2021-12-27,41.069889068603516
2021-12-28,41.226680755615234
2021-12-29,41.33991622924805
2021-12-30,41.348628997802734
2021-12-31,41.45315170288086
2022-01-03,41.662200927734375
2022-01-04,41.679622650146484
2022-01-05,41.313785552978516
2022-01-06,41.2789421081543
2022-01-07,41.514122009277344
2022-01-10,41.44443893432617
2022-01-11,41.575096130371094
2022-01-12,41.97577667236328
2022-01-13,41.95835494995117
2022-01-14,42.010616302490234
2022-01-18,41.50541687011719
2022-01-19,41.54025650024414
2022-01-20,41.32249450683594
2022-01-21,41.08730697631836
2022-01-24,40.65178680419922
2022-01-25,40.59952163696289
2022-01-26,40.40789794921875
2022-01-27,40.32079315185547
2022-01-28,40.52983093261719
2022-01-31,41.148284912109375
2022-02-01,41.38346481323242
2022-02-02,41.679622650146484
2022-02-03,41.48799133300781
2022-02-04,41.348628997802734
2022-02-07,41.331207275390625
2022-02-08,41.618656158447266
2022-02-09,42.21967697143555
2022-02-10,41.77544021606445
2022-02-11,41.54025650024414
2022-02-14,41.04376220703125
2022-02-15,41.40088653564453
2022-02-16,41.5228385925293
2022-02-17,41.557674407958984
2022-02-18,41.235389709472656
2022-02-22,40.939231872558594
2022-02-23,40.616947174072266
2022-02-24,40.44273376464844
2022-02-25,41.679622650146484
2022-02-28,41.94963836669922
2022-03-01,41.1047248840332
2022-03-02,41.679622650146484
2022-03-03,41.43572998046875
2022-03-04,41.44443893432617
2022-03-07,40.80857467651367
2022-03-08,40.825992584228516
2022-03-09,41.679622650146484
2022-03-10,41.4967041015625
2022-03-11,41.26151657104492
2022-03-14,40.99149703979492
2022-03-15,41.35733413696289
2022-03-16,41.810279846191406
2022-03-17,42.237098693847656
2022-03-18,42.62035369873047
2022-03-21,42.62035369873047
2022-03-22,42.78585433959961
2022-03-23,42.69874572753906
2022-03-24,43.2562141418457
2022-03-25,43.78755569458008
2022-03-28,43.70045471191406
2022-03-29,44.1359748840332
2022-03-30,44.3798713684082
2022-03-31,44.301475524902344
2022-04-01,44.69344711303711
2022-04-04,44.510528564453125
2022-04-05,44.32761001586914
2022-04-06,44.59763717651367
2022-04-07,44.632469177246094
2022-04-08,44.92863082885742
2022-04-11,44.43213653564453
2022-04-12,44.43213653564453
2022-04-13,44.85894775390625
2022-04-14,44.95476150512695
2022-04-18,44.65861129760742
2022-04-19,44.980892181396484
2022-04-20,45.25962448120117
2022-04-21,44.59763717651367
2022-04-22,43.953060150146484
2022-04-25,43.63948440551758
2022-04-26,43.19524383544922
2022-04-27,43.29106521606445
2022-04-28,43.80498123168945
2022-04-29,42.5506706237793
2022-05-02,42.56808853149414
2022-05-03,42.96877670288086
2022-05-04,43.83982849121094
2022-05-05,42.916507720947266
2022-05-06,43.05588150024414
2022-05-09,41.97577667236328
2022-05-10,41.679622650146484
2022-05-11,41.70575714111328
2022-05-12,41.45315170288086
2022-05-13,42.41130065917969
2022-05-16,42.82069778442383
2022-05-17,43.526241302490234
2022-05-18,42.89909744262695
2022-05-19,43.160400390625
2022-05-20,43.35203552246094
2022-05-23,43.9443473815918
2022-05-24,44.07500457763672
2022-05-25,44.24921798706055
2022-05-26,44.36244583129883
2022-05-27,44.85023880004883
2022-05-31,44.5279426574707
2022-06-01,44.46696853637695
2022-06-02,44.980892181396484
2022-06-03,44.72829055786133
2022-06-06,44.75442886352539
2022-06-07,44.876365661621094
2022-06-08,44.510528564453125
2022-06-09,43.402076721191406
2022-06-10,42.96928405761719
2022-06-13,41.414794921875
2022-06-14,40.72587585449219
2022-06-15,40.99967575073242
2022-06-16,40.05461120605469
2022-06-17,39.99279022216797
2022-06-21,40.77003479003906
2022-06-22,40.56689453125
2022-06-23,40.78770065307617
2022-06-24,41.4677848815918
2022-06-27,41.538448333740234
2022-06-28,41.5119514465332
2022-06-29,41.34414291381836
2022-06-30,41.291141510009766
2022-07-01,41.794586181640625
2022-07-05,40.66404342651367
2022-07-06,40.53156280517578
2022-07-07,40.867191314697266
2022-07-08,40.99967575073242
2022-07-11,40.66404342651367
2022-07-12,40.41674041748047
2022-07-13,40.4697380065918
2022-07-14,40.3902473449707
2022-07-15,40.61988830566406
2022-07-18,40.80536651611328
2022-07-19,41.326473236083984
2022-07-20,40.884849548339844
2022-07-21,40.90252685546875
2022-07-22,41.19398498535156
2022-07-25,41.600276947021484
2022-07-26,41.47662353515625
2022-07-27,41.95356369018555
2022-07-28,42.474674224853516
2022-07-29,42.73964309692383
2022-08-01,42.70431137084961
2022-08-02,42.24503707885742
2022-08-03,42.65132141113281
2022-08-04,42.65132141113281
2022-08-05,42.3863525390625
2022-08-08,42.730812072753906
2022-08-09,42.889793395996094
2022-08-10,43.269588470458984
2022-08-11,43.55221939086914
2022-08-12,43.86135482788086
2022-08-15,43.631710052490234
2022-08-16,43.98500442504883
2022-08-17,43.86135482788086
2022-08-18,43.81718826293945
2022-08-19,43.490394592285156
2022-08-22,42.916290283203125
2022-08-23,43.16359329223633
2022-08-24,43.24309158325195
2022-08-25,43.64054870605469
2022-08-26,42.78380584716797
2022-08-29,42.801475524902344
2022-08-30,42.13904571533203
2022-08-31,41.80341720581055
2022-09-01,41.706260681152344
2022-09-02,41.582611083984375
2022-09-06,41.27347946166992
2022-09-07,42.01539993286133
2022-09-08,41.962398529052734
2022-09-09,42.660152435302734
2022-09-12,43.066436767578125
2022-09-13,42.112548828125
2022-09-14,42.33335876464844
2022-09-15,41.75042724609375
2022-09-16,41.23815155029297
2022-09-19,41.57378005981445
2022-09-20,40.97317886352539
2022-09-21,40.23126220703125
2022-09-22,40.16060256958008
2022-09-23,38.78276443481445
2022-09-26,38.014347076416016
2022-09-27,37.5550651550293
2022-09-28,38.38530349731445
2022-09-29,37.519737243652344
2022-09-30,36.94563674926758
2022-10-03,37.77587127685547
2022-10-04,38.712100982666016
2022-10-05,38.19099426269531
2022-10-06,37.39608383178711
2022-10-07,36.83081817626953
2022-10-10,36.574676513671875
2022-10-11,36.31854248046875
2022-10-12,35.83275604248047
2022-10-13,36.7513313293457
2022-10-14,36.13306427001953
2022-10-17,36.94563674926758
2022-10-18,37.34309005737305
2022-10-19,37.14877700805664
2022-10-20,36.804317474365234
2022-10-21,37.334259033203125
2022-10-24,37.29892349243164
2022-10-25,37.85536193847656
2022-10-26,38.25282287597656
2022-10-27,38.44712829589844
2022-10-28,38.9947395324707
2022-10-31,38.92407989501953
2022-11-01,39.16255187988281
2022-11-02,38.64144515991211
2022-11-03,38.58844757080078
2022-11-04,39.3480339050293
2022-11-07,39.20671463012695
2022-11-08,39.51584243774414
2022-11-09,38.915245056152344
2022-11-10,40.69054412841797
2022-11-11,41.035003662109375
2022-11-14,40.61988830566406
2022-11-15,40.946685791015625
2022-11-16,41.0438346862793
2022-11-17,40.62871551513672
2022-11-18,41.00850296020508
2022-11-21,40.99967575073242
2022-11-22,41.4412841796875
2022-11-23,41.84757614135742
2022-11-25,42.04188919067383
2022-11-28,41.57378005981445
2022-11-29,41.33530807495117
2022-11-30,42.31569290161133
2022-12-01,42.48350143432617
2022-12-02,42.25386428833008
2022-12-05,41.600276947021484
2022-12-06,41.556114196777344
2022-12-07,41.582611083984375
2022-12-08,41.82107925415039
2022-12-09,41.52962112426758
2022-12-12,42.05955505371094
2022-12-13,42.48638153076172
2022-12-14,42.36137008666992
2022-12-15,41.60236740112305
2022-12-16,40.807647705078125
2022-12-19,40.6111946105957
2022-12-20,40.64691925048828
2022-12-21,41.25411605834961
2022-12-22,40.923728942871094
2022-12-23,41.49521255493164
2022-12-27,41.584510803222656
2022-12-28,40.9773063659668
2022-12-29,41.361270904541016
2022-12-30,40.93265914916992
2023-01-03,40.923728942871094
2023-01-04,41.52199935913086
2023-01-05,41.370201110839844
2023-01-06,42.24528884887695
2023-01-09,42.5131721496582
2023-01-10,42.379234313964844
2023-01-11,42.8167724609375
2023-01-12,43.1739501953125
2023-01-13,43.26325225830078
2023-01-17,43.236454010009766
2023-01-18,42.772125244140625
2023-01-19,42.8167724609375
2023-01-20,43.31682205200195
2023-01-23,43.3436164855957
2023-01-24,43.450767517089844
2023-01-25,43.33468246459961
2023-01-26,43.40612030029297
2023-01-27,43.290035247802734
2023-01-30,42.78105545043945
2023-01-31,43.093589782714844
2023-02-01,43.47755432128906
2023-02-02,43.450767517089844
2023-02-03,42.772125244140625
2023-02-06,42.656044006347656
2023-02-07,42.789981842041016
2023-02-08,42.42387390136719
2023-02-09,42.23636245727539
2023-02-10,42.4595947265625
2023-02-13,42.932857513427734
2023-02-14,42.76319122314453
2023-02-15,42.79891586303711
2023-02-16,42.504241943359375
2023-02-17,42.566749572753906
2023-02-21,41.789886474609375
2023-02-22,41.718448638916016
2023-02-23,42.02204895019531
2023-02-24,41.718448638916016
2023-02-27,41.82560348510742
2023-02-28,41.539859771728516
2023-03-01,41.566650390625
2023-03-02,41.82560348510742
2023-03-03,42.40602111816406
2023-03-06,42.26314926147461
2023-03-07,41.566650390625
2023-03-08,41.79882049560547
2023-03-09,41.361270904541016
2023-03-10,41.23625946044922
2023-03-13,41.35234451293945
2023-03-14,41.789886474609375
2023-03-15,41.20947265625
2023-03-16,41.611297607421875
2023-03-17,41.12910461425781
2023-03-20,41.45949172973633
2023-03-21,41.504146575927734
2023-03-22,41.0933952331543
2023-03-23,40.923728942871094
2023-03-24,41.102317810058594
2023-03-27,41.450565338134766
2023-03-28,41.66487121582031
2023-03-29,42.24528884887695
2023-03-30,42.566749572753906
2023-03-31,42.593536376953125
2023-04-03,42.71855163574219
2023-04-04,42.79891586303711
2023-04-05,43.191810607910156
2023-04-06,43.37040328979492
2023-04-10,43.459693908691406
2023-04-11,43.57577896118164
2023-04-12,43.62936019897461
2023-04-13,43.83473205566406
2023-04-14,43.450767517089844
2023-04-17,43.5847053527832
2023-04-18,43.379329681396484
2023-04-19,43.61149597167969
2023-04-20,43.51327133178711
2023-04-21,43.47755432128906
2023-04-24,43.79901885986328
2023-04-25,43.38825988769531
2023-04-26,43.084659576416016
2023-04-27,43.56684875488281
2023-04-28,43.727577209472656
2023-05-01,43.70079040527344
2023-05-02,43.200740814208984
2023-05-03,43.084659576416016
2023-05-04,43.10251998901367
2023-05-05,43.727577209472656
2023-05-08,43.70079040527344
2023-05-09,43.74544143676758
2023-05-10,43.888309478759766
2023-05-11,43.441837310791016
2023-05-12,43.55792236328125
2023-05-15,43.42397689819336
2023-05-16,42.789981842041016
2023-05-17,42.88821029663086
2023-05-18,42.656044006347656
2023-05-19,42.55781936645508
2023-05-22,42.55781936645508
2023-05-23,42.13813400268555
2023-05-24,41.80774688720703
2023-05-25,41.271976470947266
2023-05-26,41.55772399902344
2023-05-30,41.271976470947266
2023-05-31,41.343414306640625
2023-06-01,41.432708740234375
2023-06-02,41.98633575439453
2023-06-05,41.78095626831055
2023-06-06,41.99526596069336
2023-06-07,42.17192077636719
2023-06-08,42.271575927734375
2023-06-09,42.126625061035156
2023-06-12,42.072269439697266
2023-06-13,42.20816421508789
2023-06-14,42.344051361083984
2023-06-15,42.74266815185547
2023-06-16,42.932918548583984
2023-06-20,42.43465042114258
2023-06-21,42.72454833984375
2023-06-22,42.3621711730957
2023-06-23,41.66459655761719
2023-06-26,42.026973724365234
2023-06-27,42.2443962097168
2023-06-28,42.10850524902344
2023-06-29,42.15380096435547
2023-06-30,42.534305572509766
2023-07-03,42.797027587890625
2023-07-05,42.534305572509766
2023-07-06,41.99073791503906
2023-07-07,42.20816421508789
2023-07-10,42.06320571899414
2023-07-11,42.57960510253906
2023-07-12,43.11410903930664
2023-07-13,43.51272964477539
2023-07-14,43.050697326660156
2023-07-17,42.8332633972168
2023-07-18,42.869503021240234
2023-07-19,42.932918548583984
2023-07-20,43.1231689453125
2023-07-21,43.44025421142578
2023-07-24,43.367774963378906
2023-07-25,43.213768005371094
2023-07-26,43.52178955078125
2023-07-27,43.04163360595703
2023-07-28,43.03257369995117
2023-07-31,43.31341552734375
2023-08-01,42.62489700317383
2023-08-02,42.01791763305664
2023-08-03,41.71894836425781
2023-08-04,41.66459655761719
2023-08-07,41.746131896972656
2023-08-08,41.78236389160156
2023-08-09,41.999794006347656
2023-08-10,42.06320571899414
2023-08-11,42.05414962768555
2023-08-14,41.682708740234375
2023-08-15,41.20255661010742
2023-08-16,41.121028900146484
2023-08-17,40.80393981933594
2023-08-18,40.912654876708984
2023-08-21,40.70428466796875
2023-08-22,40.61369323730469
2023-08-23,41.021366119384766
2023-08-24,40.72240447998047
2023-08-25,40.95794677734375
2023-08-28,41.18444061279297
2023-08-29,41.673648834228516
2023-08-30,41.628353118896484
2023-08-31,41.166316986083984
2023-09-01,41.18444061279297
2023-09-05,40.66805648803711
2023-09-06,40.19694900512695
2023-09-07,40.423439025878906
2023-09-08,40.61369323730469
2023-09-11,40.85829544067383
2023-09-12,41.021366119384766
2023-09-13,40.9307746887207
2023-09-14,41.429046630859375
2023-09-15,41.45622253417969
2023-09-18,41.23879623413086
2023-09-19,41.229740142822266
2023-09-20,41.30221176147461
2023-09-21,40.62275314331055
2023-09-22,40.61369323730469
2023-09-25,40.53215789794922
2023-09-26,39.662445068359375
2023-09-27,39.45408248901367
2023-09-28,39.3816032409668
2023-09-29,39.21853256225586
2023-10-02,38.06797790527344
2023-10-03,37.65123748779297
2023-10-04,37.769012451171875
2023-10-05,37.306976318359375
2023-10-06,37.82337188720703
2023-10-09,38.09515380859375
2023-10-10,38.72931671142578
2023-10-11,39.10075759887695
2023-10-12,38.52095031738281
2023-10-13,38.63872146606445
2023-10-16,38.91051483154297
2023-10-17,38.85615158081055
2023-10-18,38.285404205322266
2023-10-19,38.06797790527344
2023-10-20,37.7327766418457
2023-10-23,37.69654083251953
2023-10-24,37.950199127197266
2023-10-25,37.8596076965332
2023-10-26,37.8686637878418
2023-10-27,37.47911071777344
2023-10-30,37.97738265991211
2023-10-31,38.167633056640625
2023-11-01,38.602481842041016
2023-11-02,39.68962478637695
2023-11-03,40.10636520385742
2023-11-06,39.98858642578125
2023-11-07,39.6352653503418
2023-11-08,39.56278610229492
2023-11-09,39.14605712890625
2023-11-10,39.40877914428711
2023-11-13,39.327247619628906
2023-11-14,40.55027389526367
2023-11-15,40.52309799194336
2023-11-16,40.55027389526367
2023-11-17,41.04854965209961
2023-11-20,41.148197174072266
2023-11-21,41.08478546142578
2023-11-22,41.20255661010742
2023-11-24,41.52870178222656
2023-11-27,41.429046630859375
2023-11-28,41.619293212890625
2023-11-29,41.537757873535156
2023-11-30,41.72800827026367
2023-12-01,42.18098449707031
2023-12-04,41.90919876098633
2023-12-05,41.673648834228516
2023-12-06,41.9816780090332
2023-12-07,41.91825866699219
2023-12-08,42.04509353637695
2023-12-11,41.945438385009766
2023-12-12,41.84577941894531
2023-12-13,42.89667892456055
2023-12-14,43.458370208740234
2023-12-15,42.87856674194336
2023-12-18,43.03257369995117
2023-12-19,43.48554611206055
2023-12-20,42.7532958984375
2023-12-21,43.214996337890625
2023-12-22,43.34427261352539
2023-12-26,43.59358215332031
2023-12-27,43.667457580566406
2023-12-28,43.63975143432617
2023-12-29,43.44584274291992
2024-01-02,43.39044189453125
2024-01-03,43.27962875366211
2024-01-04,43.28886795043945
2024-01-05,43.538185119628906
2024-01-08,43.64898681640625
2024-01-09,43.36273956298828
2024-01-10,43.59358215332031
2024-01-11,43.12265396118164
2024-01-12,43.35350799560547
2024-01-16,42.531681060791016
2024-01-17,41.94070053100586
2024-01-18,41.765262603759766
2024-01-19,41.839134216308594
2024-01-22,41.72832107543945
2024-01-23,41.58058166503906
2024-01-24,41.51594161987305
2024-01-25,42.005348205566406
2024-01-26,42.134620666503906
2024-01-29,42.180789947509766
2024-01-30,42.19926071166992
2024-01-31,41.894535064697266
2024-02-01,42.39316940307617
2024-02-02,41.92223358154297
2024-02-05,41.58058166503906
2024-02-06,41.857601165771484
2024-02-07,41.682151794433594
2024-02-08,41.38666534423828
2024-02-09,41.21122741699219
2024-02-12,41.442073822021484
2024-02-13,40.72181701660156
2024-02-14,40.81416320800781
2024-02-15,41.54364776611328
2024-02-16,41.497474670410156
2024-02-20,41.81142807006836
2024-02-21,42.09768295288086
2024-02-22,42.06998062133789
2024-02-23,42.245426177978516
2024-02-26,41.700618743896484
2024-02-27,42.01457977294922
2024-02-28,41.959171295166016
2024-02-29,42.14385223388672
2024-03-01,42.0238151550293
2024-03-04,42.116153717041016
2024-03-05,42.19926071166992
2024-03-06,42.513214111328125
2024-03-07,42.80870056152344
2024-03-08,42.89180374145508
2024-03-11,42.94720458984375
2024-03-12,42.882568359375
2024-03-13,43.14112091064453
2024-03-14,42.83639907836914
2024-03-15,42.80870056152344
2024-03-18,42.80870056152344
2024-03-19,42.93797302246094
2024-03-20,43.31657028198242
2024-03-21,43.214996337890625
2024-03-22,43.1688232421875
2024-03-25,43.44584274291992
2024-03-26,43.325801849365234
2024-03-27,43.981414794921875
2024-03-28,43.9721794128418
2024-04-01,43.87060546875
2024-04-02,43.89830780029297
2024-04-03,43.9721794128418
2024-04-04,43.787498474121094
2024-04-05,43.81520080566406
2024-04-08,43.99988555908203
2024-04-09,44.16609191894531
2024-04-10,43.35350799560547
2024-04-11,43.17805480957031
2024-04-12,42.799468994140625
2024-04-15,42.31005859375
2024-04-16,41.78372573852539
2024-04-17,42.25465774536133
2024-04-18,42.49474334716797
2024-04-19,42.910274505615234
2024-04-22,43.298099517822266
2024-04-23,43.79673385620117
2024-04-24,43.72285842895508
2024-04-25,43.99065017700195
2024-04-26,43.87060546875
2024-04-29,44.2861328125
2024-04-30,43.68592834472656
2024-05-01,43.79673385620117
2024-05-02,44.4708137512207
2024-05-03,44.766300201416016
2024-05-06,45.006385803222656
2024-05-07,45.29263687133789
2024-05-08,45.5881233215332
2024-05-09,46.11445999145508
2024-05-10,46.28067398071289
2024-05-13,46.20680236816406
2024-05-14,46.391483306884766
2024-05-15,46.73313522338867
2024-05-16,46.696197509765625
2024-05-17,46.81624221801758
2024-05-20,46.78853988647461
2024-05-21,46.807010650634766
2024-05-22,46.456119537353516
2024-05-23,45.81897735595703
2024-05-24,46.03135299682617
2024-05-28,45.89284896850586
2024-05-29,45.29263687133789
2024-05-30,45.846675872802734
2024-05-31,46.55768966674805
2024-06-03,46.132930755615234
2024-06-04,46.22526931762695
2024-06-05,46.38224411010742
2024-06-06,46.299137115478516
2024-06-07,45.689701080322266
2024-06-10,45.93901824951172
2024-06-11,45.338016510009766
2024-06-12,45.450706481933594
2024-06-13,45.44131088256836
2024-06-14,45.05629348754883
2024-06-17,44.70884323120117
2024-06-18,45.15019989013672
2024-06-20,45.450706481933594
2024-06-21,45.22532653808594
2024-06-24,45.68546676635742
2024-06-25,45.572776794433594
2024-06-26,45.09385681152344
2024-06-27,45.15959167480469
2024-06-28,44.99994659423828
2024-07-01,45.04690170288086
2024-07-02,45.13142013549805
2024-07-03,45.71363830566406
2024-07-05,45.75120162963867
2024-07-08,45.704246520996094
2024-07-09,45.826324462890625
2024-07-10,46.286468505859375
2024-07-11,46.72782516479492
2024-07-12,47.09406280517578
2024-07-15,46.483673095703125
2024-07-16,46.774784088134766
2024-07-17,46.784175872802734
2024-07-18,46.56819152832031
2024-07-19,46.56819152832031
2024-07-22,46.971981048583984
2024-07-23,46.66209411621094
2024-07-24,46.62453079223633
2024-07-25,46.30524826049805
2024-07-26,46.70905303955078
2024-07-29,46.586971282958984
2024-07-30,46.943809509277344
2024-07-31,47.01893615722656
2024-08-01,47.01893615722656
2024-08-02,46.90625
2024-08-05,45.8545036315918
2024-08-06,46.14561080932617
2024-08-07,46.47428512573242
2024-08-08,46.878074645996094
2024-08-09,46.86868667602539
2024-08-12,46.96259307861328
2024-08-13,47.5729866027832
2024-08-14,47.657501220703125
2024-08-15,47.864097595214844
2024-08-16,48.12702941894531
2024-08-19,48.615352630615234
2024-08-20,48.28667449951172
2024-08-21,48.502662658691406
2024-08-22,48.38997268676758
2024-08-23,49.0097541809082
2024-08-26,48.87828063964844
2024-08-27,48.68108367919922
2024-08-28,48.68108367919922
2024-08-29,48.98158264160156
2024-08-30,49.1412239074707
2024-09-03,49.028533935546875
2024-09-04,49.235130310058594
2024-09-05,49.31964874267578
2024-09-06,48.925235748291016
2024-09-09,49.216346740722656
2024-09-10,49.216346740722656
2024-09-11,49.235130310058594
2024-09-12,49.68587875366211
2024-09-13,50.10845947265625
2024-09-16,50.502864837646484
2024-09-17,50.61555862426758
2024-09-18,50.32444381713867
2024-09-19,50.277488708496094
2024-09-20,50.634334564208984
2024-09-23,51.2071647644043
2024-09-24,51.16960144042969
2024-09-25,50.916053771972656
2024-09-26,51.000572204589844
2024-09-27,51.2353401184082
2024-09-30,51.113258361816406
2024-10-01,51.225948333740234
2024-10-02,51.27289962768555
2024-10-03,51.094478607177734
2024-10-04,51.319854736328125
2024-10-07,50.99117660522461
2024-10-08,50.71884536743164
2024-10-09,50.73762893676758
2024-10-10,50.690677642822266
2024-10-11,51.10386657714844
2024-10-14,51.4701042175293
2024-10-15,51.4701042175293
2024-10-16,51.94902801513672
2024-10-17,51.69548034667969
2024-10-18,51.90207290649414
2024-10-21,51.41375732421875
2024-10-22,51.26350784301758
2024-10-23,51.197776794433594
2024-10-24,51.282291412353516
2024-10-25,50.74702072143555
2024-10-28,51.282291412353516
2024-10-29,50.54043197631836
2024-10-30,50.4371337890625
2024-10-31,50.45591354370117
2024-11-01,49.79856872558594
2024-11-04,49.87369918823242
2024-11-05,50.596771240234375
2024-11-06,50.277488708496094
2024-11-07,50.68128967285156
2024-11-08,50.80336380004883
2024-11-11,50.97239685058594
2024-11-12,50.277488708496094
2024-11-13,50.08028793334961
2024-11-14,50.10845947265625
2024-11-15,50.568599700927734
2024-11-18,51.094478607177734
2024-11-19,51.48888397216797
2024-11-20,51.39497375488281
2024-11-21,51.96780776977539
2024-11-22,51.88329315185547
2024-11-25,51.89268112182617
2024-11-26,51.88329315185547
2024-11-27,52.21195983886719
2024-11-29,52.305870056152344
2024-12-02,51.53583526611328
2024-12-03,51.49827194213867
2024-12-04,51.40436935424805
2024-12-05,52.202571868896484
2024-12-06,51.4701042175293
2024-12-09,51.18838119506836
2024-12-10,50.728240966796875
2024-12-11,50.54043197631836
2024-12-12,50.25870895385742
2024-12-13,50.24931335449219
2024-12-16,49.94881820678711
2024-12-17,49.80472183227539
2024-12-18,48.65956497192383
2024-12-19,48.85996627807617
2024-12-20,49.508888244628906
2024-12-23,49.900150299072266
2024-12-24,50.02420425415039
2024-12-26,50.0623779296875
2024-12-27,49.93832015991211
2024-12-30,49.93832015991211
2024-12-31,49.881065368652344
2025-01-02,50.262779235839844
2025-01-03,50.577701568603516
2025-01-06,50.69221496582031
2025-01-07,50.539527893066406
2025-01-08,50.329586029052734
2025-01-10,49.69974899291992
2025-01-13,49.585227966308594
2025-01-14,50.34866714477539
2025-01-15,50.95941925048828
2025-01-16,51.388851165771484
2025-01-17,51.75148391723633
2025-01-21,52.3336067199707
2025-01-22,51.59879684448242
2025-01-23,51.837371826171875
2025-01-24,52.01868438720703
2025-01-27,51.08347702026367
2025-01-28,50.83536148071289
2025-01-29,50.85445022583008
2025-01-30,51.51291275024414
2025-01-31,50.75901412963867
2025-02-03,50.892616271972656
2025-02-04,50.911705017089844
2025-02-05,51.37930679321289
2025-02-06,51.17890930175781
2025-02-07,50.9307861328125
2025-02-10,51.50337219238281
2025-02-11,51.65605545043945
2025-02-12,51.62742614746094
2025-02-13,51.89462661743164
2025-02-14,51.68468475341797
2025-02-18,51.94234085083008
2025-02-19,51.80874252319336
2025-02-20,51.78965759277344
2025-02-21,51.16936111450195
2025-02-24,51.13119125366211
2025-02-25,50.95941925048828
2025-02-26,51.054847717285156
2025-02-27,50.43455505371094
2025-02-28,51.026222229003906
2025-03-03,50.78764343261719
2025-03-04,50.72084426879883
2025-03-05,50.77810287475586
2025-03-06,49.89060592651367
2025-03-07,50.539527893066406
2025-03-10,50.396385192871094
2025-03-11,50.37730026245117
2025-03-12,50.34866714477539
2025-03-13,50.329586029052734
2025-03-14,51.407936096191406
2025-03-17,52.07594680786133
2025-03-18,51.741939544677734
2025-03-19,52.08549118041992
2025-03-20,52.152286529541016
2025-03-21,51.76103210449219
2025-03-24,52.05685806274414
2025-03-25,52.095027923583984
2025-03-26,51.94234085083008
2025-03-27,51.904170989990234
2025-03-28,51.98051452636719
2025-03-31,52.17137145996094
2025-04-01,52.409950256347656
2025-04-02,52.85846710205078
2025-04-03,52.57217788696289
2025-04-04,49.60432052612305
2025-04-07,48.5927619934082
2025-04-08,48.23967361450195
2025-04-09,50.43455505371094
2025-04-10,50.34866714477539
2025-04-11,51.35068130493164
2025-04-14,52.028228759765625
2025-04-15,52.13320541381836
2025-04-16,52.3336067199707
2025-04-17,52.89664077758789
2025-04-21,52.161834716796875
2025-04-22,53.116127014160156
2025-04-23,53.135215759277344
2025-04-24,53.75550842285156
2025-04-25,53.736419677734375
2025-04-28,54.0704231262207
2025-04-29,54.03225326538086
2025-04-30,53.81276321411133
2025-05-01,53.87002182006836
2025-05-02,54.51894760131836
2025-05-05,54.499855041503906
2025-05-06,54.957916259765625
2025-05-07,55.177406311035156
2025-05-08,54.61437225341797
2025-05-09,54.7193489074707
2025-05-12,54.23265838623047
2025-05-13,54.51894760131836
2025-05-14,54.52848434448242
2025-05-15,55.45415496826172
2025-05-16,55.75952911376953
2025-05-19,56.07444763183594
2025-05-20,56.408447265625
2025-05-21,55.854957580566406
2025-05-22,55.50186538696289
2025-05-23,56.05535888671875
2025-05-27,56.27485275268555
2025-05-28,55.72135543823242
2025-05-29,56.026729583740234
2025-05-30,56.3034782409668
2025-06-02,56.91422653198242
2025-06-03,56.70427703857422
2025-06-04,56.45616149902344
2025-06-05,56.66611099243164
2025-06-06,56.885597229003906
2025-06-09,56.35118865966797
2025-06-10,56.437076568603516
2025-06-11,56.59931182861328
2025-06-12,57.09554672241211
2025-06-13,56.70427703857422
2025-06-16,56.63926696777344
2025-06-17,56.154090881347656
2025-06-18,56.183204650878906
2025-06-20,56.018245697021484
2025-06-23,56.41608810424805
2025-06-24,56.67808532714844
2025-06-25,56.328758239746094
2025-06-26,56.90126419067383
2025-06-27,56.94977951049805
2025-06-30,57.44466018676758
2025-07-01,57.328216552734375
2025-07-02,57.260292053222656
2025-07-03,57.299102783203125
2025-07-07,56.852745056152344
2025-07-08,56.61016082763672
2025-07-09,56.775115966796875
2025-07-10,57.095333099365234
2025-07-11,56.94977951049805
2025-07-14,57.260292053222656
2025-07-15,56.561641693115234
2025-07-16,56.804229736328125
2025-07-17,56.94007873535156
2025-07-18,57.36703109741211
2025-07-21,57.35732650756836
2025-07-22,57.648433685302734
2025-07-23,57.65813064575195
2025-07-24,57.4931755065918
2025-07-25,57.59991455078125
2025-07-28,56.9594841003418
2025-07-29,57.425254821777344
2025-07-30,57.40584182739258
2025-07-31,57.328216552734375
2025-08-01,57.44466018676758
2025-08-04,58.2597541809082
2025-08-05,58.19182586669922
2025-08-06,58.27915954589844
2025-08-07,58.58967208862305
2025-08-08,58.51204299926758
2025-08-11,58.57996368408203
2025-08-12,58.948699951171875
2025-08-13,59.171878814697266
2025-08-14,59.07484817504883
2025-08-15,59.1912841796875
2025-08-18,58.948699951171875
2025-08-19,59.1330680847168
2025-08-20,59.492095947265625
2025-08-21,59.36594772338867
2025-08-22,59.60853958129883
2025-08-25,58.85166931152344
2025-08-26,58.871070861816406
2025-08-27,58.7740364074707
2025-08-28,58.81285095214844
2025-08-29,58.5605583190918
2025-09-02,57.97835159301758
2025-09-03,57.861907958984375
2025-09-04,58.05598068237305
2025-09-05,58.094791412353516
2025-09-08,58.03657531738281
2025-09-09,58.162715911865234
2025-09-10,58.57026672363281
2025-09-11,59.09425354003906
2025-09-12,59.27861785888672
2025-09-15,59.34654235839844
2025-09-16,58.90988540649414
2025-09-17,58.91958999633789
2025-09-18,58.638187408447266
2025-09-19,58.5605583190918
2025-09-22,58.948699951171875
2025-09-23,59.03602981567383
2025-09-24,59.006919860839844
2025-09-25,58.74492645263672
2025-09-26,59.210693359375
2025-09-29,59.10395812988281
2025-09-30,59.3077278137207
2025-10-01,59.50179672241211
2025-10-02,59.424171447753906
2025-10-03,59.783199310302734
2025-10-06,59.81230926513672
2025-10-07,59.7637939453125
2025-10-08,60.016082763671875
2025-10-09,59.56972122192383
2025-10-10,59.259212493896484
2025-10-13,59.6473503112793
2025-10-14,59.97726821899414
2025-10-15,60.3945198059082
2025-10-16,60.025787353515625
2025-10-17,60.2004508972168
2025-10-20,60.28778076171875
2025-10-21,59.60853958129883
2025-10-22,59.928749084472656
2025-10-23,59.967567443847656
2025-10-24,60.045196533203125
2025-10-27,60.2586669921875
2025-10-28,60.03548812866211
2025-10-29,59.56972122192383
2025-10-30,59.40476608276367
2025-10-31,59.1912841796875
2025-11-03,59.45328140258789
2025-11-04,59.16217803955078
2025-11-05,59.54061508178711
2025-11-06,59.3271369934082
2025-11-07,59.82201385498047
2025-11-10,60.11311721801758
2025-11-11,60.51095962524414
2025-11-12,60.637107849121094
2025-11-13,60.025787353515625
2025-11-14,60.33629608154297
2025-11-17,60.016082763671875
2025-11-18,59.744388580322266
2025-11-19,59.579429626464844
2025-11-20,59.1912841796875
2025-11-21,59.530906677246094
2025-11-24,59.98697280883789
2025-11-25,60.326595306396484
2025-11-26,60.86998748779297
2025-11-28,61.190208435058594
2025-12-01,60.7147331237793
2025-12-02,60.51095962524414
2025-12-03,60.588584899902344
2025-12-04,60.48185348510742
2025-12-05,60.16163635253906
2025-12-08,59.86082458496094
2025-12-09,59.71527862548828
2025-12-10,59.734683990478516
2025-12-11,60.34600067138672
2025-12-12,60.2004508972168
2025-12-15,60.42362976074219
2025-12-16,59.936485290527344
2025-12-17,59.8773193359375
2025-12-18,60.02523422241211
2025-12-19,59.9266242980957
2025-12-22,60.2816276550293
2025-12-23,60.89302444458008
2025-12-24,60.95219039916992
2025-12-26,60.97191619873047
2025-12-29,60.863441467285156
2025-12-30,60.863441467285156
2025-12-31,60.50843811035156
2026-01-02,61.08038330078125
2026-01-05,60.97191619873047
2026-01-06,60.843719482421875
2026-01-07,60.47885513305664
2026-01-08,60.82399368286133
2026-01-09,60.94232940673828
2026-01-12,60.991634368896484
2026-01-13,60.64649200439453
2026-01-14,60.96205139160156
2026-01-15,60.991634368896484
2026-01-16,61.376224517822266
2026-01-20,61.25788879394531
2026-01-21,61.603031158447266
2026-01-22,61.98761749267578
2026-01-23,62.165122985839844
2026-01-26,62.52012634277344
2026-01-27,63.535831451416016
2026-01-28,63.456939697265625
2026-01-29,63.89083480834961
2026-01-30,63.516109466552734
2026-02-02,63.07235336303711
2026-02-03,63.959861755371094
2026-02-04,63.80207824707031
2026-02-05,64.01902770996094
2026-02-06,64.81779479980469
2026-02-09,65.50807189941406
2026-02-10,65.67571258544922
2026-02-11,66.513916015625
2026-02-12,66.45475006103516
2026-02-13,67.40142822265625
2026-02-17,67.66768646240234
2026-02-18,67.03656768798828
2026-02-19,66.99711608886719
2026-02-20,67.60851287841797
2026-02-23,67.72684478759766
2026-02-24,67.924072265625
2026-02-25,68.18046569824219
2026-02-26,68.2889404296875
2026-02-27,68.40727233886719
2026-03-02,68.03253936767578
2026-03-03,66.82947540283203
2026-03-04,67.2042007446289
2026-03-05,66.36600494384766
2026-03-06,66.16876983642578
2026-03-09,66.20822143554688
2026-03-10,66.01100158691406
2026-03-11,65.90252685546875
2026-03-12,65.66584777832031
2026-03-13,65.57710266113281
2026-03-16,66.31669616699219
2026-03-17,66.50405883789062
2026-03-18,65.63626861572266
2026-03-19,65.96168518066406
2026-03-20,64.39376068115234
2026-03-23,65.0248794555664
2026-03-24,65.42918395996094
2026-03-25,65.9321060180664
2026-03-26,65.4587631225586
2026-03-27,65.4587631225586
2026-03-30,65.54751586914062
2026-03-31,66.07015991210938
2026-04-01,66.287109375
2026-04-02,66.74072265625
2026-04-06,66.71114349365234
2026-04-07,66.7505874633789
2026-04-08,67.7958755493164
2026-04-09,68.07199096679688
2026-04-10,67.65782165527344
2026-04-13,67.04642486572266
2026-04-14,66.96753692626953
2026-04-15,66.58293914794922
2026-04-16,66.43502807617188
2026-04-17,66.62239074707031
2026-04-20,66.40544128417969
2026-04-21,65.67571258544922
2026-04-22,65.94197082519531
2026-04-23,66.4153060913086
2026-04-24,66.80975341796875
2026-04-27,66.36600494384766
2026-04-28,66.60266876220703
2026-04-29,65.61654663085938
2026-04-30,67.57892608642578
2026-05-01,67.19434356689453
2026-05-04,66.61253356933594
2026-05-05,67.05628204345703
2026-05-06,67.00697326660156
2026-05-07,66.16876983642578
2026-05-08,66.05044555664062
2026-05-11,66.48432922363281
2026-05-12,66.43502807617188
2026-05-13,66.1589126586914
2026-05-14,66.3857192993164
2026-05-15,65.13334655761719
2026-05-18,65.71515655517578
2026-05-19,65.81376647949219
2026-05-20,66.26738739013672
2026-05-21,66.55335998535156
2026-05-22,66.46461486816406
2026-05-26,66.71114349365234
2026-05-27,66.20822143554688
2026-05-28,65.86307525634766
2026-05-29,65.67571258544922
2026-06-01,64.81779479980469
2026-06-02,65.75460052490234
2026-06-03,65.3798828125
2026-06-04,65.79405212402344
2026-06-05,65.26154327392578
2026-06-08,64.78820037841797
2026-06-09,65.07418060302734
2026-06-10,65.13334655761719
2026-06-11,65.9222412109375
2026-06-12,66.36600494384766
2026-06-15,66.6500015258789
2026-06-16,66.7300033569336
2026-06-17,65.9800033569336
2026-06-18,66.36000061035156
2026-06-22,66.37999725341797
2026-06-23,66.36000061035156
2026-06-24,66.5999984741211
2026-06-25,67.31999969482422
2026-06-26,67.41999816894531
2026-06-29,67.37000274658203
2026-06-30,66.5999984741211
