,JAAA
2020-10-19,39.43210220336914
2020-10-20,39.40058517456055
2020-10-21,39.40058517456055
2020-10-22,39.3927001953125
2020-10-23,39.38088607788086
2020-10-26,39.37300109863281
2020-10-27,39.35327911376953
2020-10-28,39.29812240600586
2020-10-29,39.282344818115234
2020-10-30,39.270511627197266
2020-11-02,39.24687957763672
2020-11-03,39.294185638427734
2020-11-04,39.294185638427734
2020-11-05,39.38481903076172
2020-11-06,39.41634750366211
2020-11-09,39.443939208984375
2020-11-10,39.55113220214844
2020-11-11,39.56215286254883
2020-11-12,39.570045471191406
2020-11-13,39.58976364135742
2020-11-16,39.60948181152344
2020-11-17,39.61342239379883
2020-11-18,39.62919235229492
2020-11-19,39.625244140625
2020-11-20,39.58187484741211
2020-11-23,39.62128829956055
2020-11-24,39.633121490478516
2020-11-25,39.58583450317383
2020-11-27,39.625244140625
2020-11-30,39.647308349609375
2020-12-01,39.65361785888672
2020-12-02,39.60468292236328
2020-12-03,39.58102035522461
2020-12-04,39.562068939208984
2020-12-07,39.69544219970703
2020-12-08,39.636268615722656
2020-12-09,39.62046432495117
2020-12-10,39.699398040771484
2020-12-11,39.69544219970703
2020-12-14,39.719139099121094
2020-12-15,39.719139099121094
2020-12-16,39.70333480834961
2020-12-17,39.73966979980469
2020-12-18,39.738861083984375
2020-12-21,39.790164947509766
2020-12-22,39.715171813964844
2020-12-23,39.73096466064453
2020-12-24,39.738861083984375
2020-12-28,39.73096466064453
2020-12-29,39.738861083984375
2020-12-30,39.77522277832031
2020-12-31,39.74359893798828
2021-01-04,39.751502990722656
2021-01-05,39.74755096435547
2021-01-06,39.751502990722656
2021-01-07,39.767311096191406
2021-01-08,39.77522277832031
2021-01-11,39.78311538696289
2021-01-12,39.79103088378906
2021-01-13,39.8510627746582
2021-01-14,39.850276947021484
2021-01-15,39.83054733276367
2021-01-19,39.84633255004883
2021-01-20,39.854244232177734
2021-01-21,39.9095573425293
2021-01-22,39.870025634765625
2021-01-25,39.83449172973633
2021-01-26,39.8091926574707
2021-01-27,39.74359893798828
2021-01-28,39.79655075073242
2021-01-29,39.82658386230469
2021-02-01,39.839237213134766
2021-02-02,39.872474670410156
2021-02-03,39.872474670410156
2021-02-04,39.872474670410156
2021-02-05,39.91279602050781
2021-02-08,39.872474670410156
2021-02-09,39.90806198120117
2021-02-10,39.89620590209961
2021-02-11,39.872474670410156
2021-02-12,39.93574905395508
2021-02-16,39.94050979614258
2021-02-17,39.95157241821289
2021-02-18,39.95949172973633
2021-02-19,39.94367980957031
2021-02-22,39.96897506713867
2021-02-23,39.96424102783203
2021-02-24,39.980064392089844
2021-02-25,39.979270935058594
2021-02-26,39.99191665649414
2021-03-01,39.97688674926758
2021-03-02,40.012516021728516
2021-03-03,39.96104049682617
2021-03-04,39.980857849121094
2021-03-05,39.95708084106445
2021-03-08,39.97688674926758
2021-03-09,39.97688674926758
2021-03-10,39.96501159667969
2021-03-11,39.969749450683594
2021-03-12,39.96894836425781
2021-03-15,39.98479080200195
2021-03-16,39.96894836425781
2021-03-17,39.980857849121094
2021-03-18,40.004581451416016
2021-03-19,39.99191665649414
2021-03-22,40.03151321411133
2021-03-23,40.032310485839844
2021-03-24,40.024410247802734
2021-03-25,40.012516021728516
2021-03-26,39.996673583984375
2021-03-29,40.01647186279297
2021-03-30,39.98874282836914
2021-03-31,40.000640869140625
2021-04-01,40.01015853881836
2021-04-05,40.002235412597656
2021-04-06,40.002235412597656
2021-04-07,40.015689849853516
2021-04-08,40.04977798461914
2021-04-09,39.97050476074219
2021-04-12,40.006187438964844
2021-04-13,40.01015853881836
2021-04-14,40.045806884765625
2021-04-15,40.06565475463867
2021-04-16,40.057716369628906
2021-04-19,40.06565475463867
2021-04-20,40.05057144165039
2021-04-21,40.01411819458008
2021-04-22,40.053749084472656
2021-04-23,40.02678680419922
2021-04-26,40.033931732177734
2021-04-27,40.006187438964844
2021-04-28,40.006187438964844
2021-04-29,40.007774353027344
2021-04-30,40.01015853881836
2021-05-03,40.042667388916016
2021-05-04,40.022850036621094
2021-05-05,39.99904251098633
2021-05-06,39.98712921142578
2021-05-07,40.018890380859375
2021-05-10,40.03871536254883
2021-05-11,40.022850036621094
2021-05-12,40.022850036621094
2021-05-13,40.01173782348633
2021-05-14,40.02680206298828
2021-05-17,40.02601623535156
2021-05-18,40.018890380859375
2021-05-19,40.02680206298828
2021-05-20,40.018104553222656
2021-05-21,40.00777053833008
2021-05-24,39.92365264892578
2021-05-25,39.87762451171875
2021-05-26,40.00300216674805
2021-05-27,40.00300216674805
2021-05-28,40.03871536254883
2021-06-01,40.067317962646484
2021-06-02,40.0355339050293
2021-06-03,40.0355339050293
2021-06-04,40.050636291503906
2021-06-07,40.07524108886719
2021-06-08,40.103065490722656
2021-06-09,40.055397033691406
2021-06-10,40.095115661621094
2021-06-11,40.15073013305664
2021-06-14,40.067317962646484
2021-06-15,40.043479919433594
2021-06-16,40.08319091796875
2021-06-17,40.08319091796875
2021-06-18,40.080013275146484
2021-06-21,40.05141830444336
2021-06-22,40.128475189208984
2021-06-23,40.08240509033203
2021-06-24,40.103065490722656
2021-06-25,40.103065490722656
2021-06-28,40.089561462402344
2021-06-29,40.08319091796875
2021-06-30,40.0792121887207
2021-07-01,40.091156005859375
2021-07-02,40.06333923339844
2021-07-06,40.091156005859375
2021-07-07,40.09513854980469
2021-07-08,40.130924224853516
2021-07-09,40.130924224853516
2021-07-12,40.072872161865234
2021-07-13,40.14761734008789
2021-07-14,40.15874099731445
2021-07-15,40.18656921386719
2021-07-16,40.154781341552734
2021-07-19,40.130924224853516
2021-07-20,40.17464828491211
2021-07-21,40.14681625366211
2021-07-22,40.14284896850586
2021-07-23,40.1269416809082
2021-07-26,40.11897277832031
2021-07-27,40.14681625366211
2021-07-28,40.14681625366211
2021-07-29,40.14601135253906
2021-07-30,40.15874099731445
2021-08-02,40.14281463623047
2021-08-03,40.158748626708984
2021-08-04,40.15077590942383
2021-08-05,40.17465591430664
2021-08-06,40.18659591674805
2021-08-09,40.16670608520508
2021-08-10,40.195335388183594
2021-08-11,40.190574645996094
2021-08-12,40.1826171875
2021-08-13,40.190574645996094
2021-08-16,40.18659591674805
2021-08-17,40.17862319946289
2021-08-18,40.17862319946289
2021-08-19,40.206485748291016
2021-08-20,40.1826171875
2021-08-23,40.190574645996094
2021-08-24,40.194557189941406
2021-08-25,40.206485748291016
2021-08-26,40.19853210449219
2021-08-27,40.2025146484375
2021-08-30,40.23831558227539
2021-08-31,40.2025146484375
2021-09-01,40.21445083618164
2021-09-02,40.210472106933594
2021-09-03,40.210472106933594
2021-09-07,40.20649719238281
2021-09-08,40.2025146484375
2021-09-09,40.226402282714844
2021-09-10,40.21445083618164
2021-09-13,40.210472106933594
2021-09-14,40.20649719238281
2021-09-15,40.20649719238281
2021-09-16,40.20649719238281
2021-09-17,40.20649719238281
2021-09-20,40.210472106933594
2021-09-21,40.210472106933594
2021-09-22,40.22161865234375
2021-09-23,40.21445083618164
2021-09-24,40.227996826171875
2021-09-27,40.226402282714844
2021-09-28,40.23038864135742
2021-09-29,40.226402282714844
2021-09-30,40.23436737060547
2021-10-01,40.251895904541016
2021-10-04,40.251895904541016
2021-10-05,40.230384826660156
2021-10-06,40.235958099365234
2021-10-07,40.235958099365234
2021-10-08,40.2479248046875
2021-10-11,40.23116683959961
2021-10-12,40.224002838134766
2021-10-13,40.224002838134766
2021-10-14,40.22000503540039
2021-10-15,40.22000503540039
2021-10-18,40.23197555541992
2021-10-19,40.224002838134766
2021-10-20,40.2479248046875
2021-10-21,40.2479248046875
2021-10-22,40.2463264465332
2021-10-25,40.251895904541016
2021-10-26,40.2479248046875
2021-10-27,40.26784896850586
2021-10-28,40.27899932861328
2021-10-29,40.271827697753906
2021-11-01,40.269432067871094
2021-11-02,40.284603118896484
2021-11-03,40.286991119384766
2021-11-04,40.27660369873047
2021-11-05,40.280601501464844
2021-11-08,40.308536529541016
2021-11-09,40.29655838012695
2021-11-10,40.2885856628418
2021-11-11,40.29257583618164
2021-11-12,40.300559997558594
2021-11-15,40.284603118896484
2021-11-16,40.284603118896484
2021-11-17,40.284603118896484
2021-11-18,40.2885856628418
2021-11-19,40.29338073730469
2021-11-22,40.29257583618164
2021-11-23,40.29257583618164
2021-11-24,40.308536529541016
2021-11-26,40.270240783691406
2021-11-29,40.300559997558594
2021-11-30,40.2885856628418
2021-12-01,40.30137634277344
2021-12-02,40.28139877319336
2021-12-03,40.29338455200195
2021-12-06,40.268619537353516
2021-12-07,40.25343322753906
2021-12-08,40.30057144165039
2021-12-09,40.26542663574219
2021-12-10,40.29338455200195
2021-12-13,40.30137634277344
2021-12-14,40.30936050415039
2021-12-15,40.30137634277344
2021-12-16,40.30856704711914
2021-12-17,40.30137634277344
2021-12-20,40.30057144165039
2021-12-21,40.30936050415039
2021-12-22,40.29338455200195
2021-12-23,40.30537796020508
2021-12-27,40.29259490966797
2021-12-28,40.30938720703125
2021-12-29,40.30537796020508
2021-12-30,40.30537796020508
2021-12-31,40.29738998413086
2022-01-03,40.29658126831055
2022-01-04,40.31178283691406
2022-01-05,40.30537796020508
2022-01-06,40.310176849365234
2022-01-07,40.30137634277344
2022-01-10,40.310176849365234
2022-01-11,40.321380615234375
2022-01-12,40.34538650512695
2022-01-13,40.353370666503906
2022-01-14,40.34538650512695
2022-01-18,40.34538650512695
2022-01-19,40.34538650512695
2022-01-20,40.38536834716797
2022-01-21,40.36936950683594
2022-01-24,40.38456726074219
2022-01-25,40.36537170410156
2022-01-26,40.38536834716797
2022-01-27,40.40135955810547
2022-01-28,40.393367767333984
2022-01-31,40.37736892700195
2022-02-01,40.38776779174805
2022-02-02,40.40380096435547
2022-02-03,40.39338684082031
2022-02-04,40.408592224121094
2022-02-07,40.371768951416016
2022-02-08,40.38776779174805
2022-02-09,40.40380096435547
2022-02-10,40.371768951416016
2022-02-11,40.38776779174805
2022-02-14,40.363746643066406
2022-02-15,40.35575866699219
2022-02-16,40.351741790771484
2022-02-17,40.34775161743164
2022-02-18,40.33174133300781
2022-02-22,40.32373046875
2022-02-23,40.33973693847656
2022-02-24,40.33174133300781
2022-02-25,40.29170227050781
2022-02-28,40.2837028503418
2022-03-01,40.181976318359375
2022-03-02,40.17396926879883
2022-03-03,40.18998336791992
2022-03-04,40.26207733154297
2022-03-07,40.260467529296875
2022-03-08,40.20600128173828
2022-03-09,40.20600128173828
2022-03-10,40.230037689208984
2022-03-11,40.09383773803711
2022-03-14,40.085845947265625
2022-03-15,40.053802490234375
2022-03-16,40.01375198364258
2022-03-17,40.029762268066406
2022-03-18,40.06181716918945
2022-03-21,40.02174758911133
2022-03-22,40.03376007080078
2022-03-23,40.03777313232422
2022-03-24,40.04576873779297
2022-03-25,40.09383773803711
2022-03-28,40.09383773803711
2022-03-29,40.10987091064453
2022-03-30,40.10987091064453
2022-03-31,40.218017578125
2022-04-01,40.153079986572266
2022-04-04,40.20118713378906
2022-04-05,40.189170837402344
2022-04-06,40.245277404785156
2022-04-07,40.341487884521484
2022-04-08,40.33749771118164
2022-04-11,40.31742858886719
2022-04-12,40.32946014404297
2022-04-13,40.257301330566406
2022-04-14,40.2813606262207
2022-04-18,40.257301330566406
2022-04-19,40.26531982421875
2022-04-20,40.2733268737793
2022-04-21,40.23727035522461
2022-04-22,40.24927520751953
2022-04-25,40.24927520751953
2022-04-26,40.257301330566406
2022-04-27,40.217227935791016
2022-04-28,40.217227935791016
2022-04-29,40.33749771118164
2022-05-02,40.146419525146484
2022-05-03,40.05812454223633
2022-05-04,39.993896484375
2022-05-05,39.97782897949219
2022-05-06,40.01799011230469
2022-05-09,40.146419525146484
2022-05-10,39.993896484375
2022-05-11,39.969825744628906
2022-05-12,39.97782897949219
2022-05-13,39.7289924621582
2022-05-16,39.53633117675781
2022-05-17,39.57646179199219
2022-05-18,39.53633117675781
2022-05-19,39.6246337890625
2022-05-20,39.53633117675781
2022-05-23,39.56842803955078
2022-05-24,39.616600036621094
2022-05-25,39.57646179199219
2022-05-26,39.60858154296875
2022-05-27,39.648712158203125
2022-05-31,39.62220001220703
2022-06-01,39.67127227783203
2022-06-02,39.655174255371094
2022-06-03,39.719512939453125
2022-06-06,39.7355842590332
2022-06-07,39.7275505065918
2022-06-08,39.80794143676758
2022-06-09,39.791873931884766
2022-06-10,39.81597900390625
2022-06-13,39.58281326293945
2022-06-14,39.45417022705078
2022-06-15,39.639102935791016
2022-06-16,39.56673812866211
2022-06-17,39.470252990722656
2022-06-21,39.438079833984375
2022-06-22,39.470252990722656
2022-06-23,39.446128845214844
2022-06-24,39.397891998291016
2022-06-27,39.40995407104492
2022-06-28,39.44050598144531
2022-06-29,39.47829818725586
2022-06-30,39.43085479736328
2022-07-01,39.46952438354492
2022-07-05,39.44535446166992
2022-07-06,39.380916595458984
2022-07-07,39.46147155761719
2022-07-08,39.485618591308594
2022-07-11,39.49367904663086
2022-07-12,39.46952438354492
2022-07-13,39.453407287597656
2022-07-14,39.413124084472656
2022-07-15,39.411537170410156
2022-07-18,39.444541931152344
2022-07-19,39.35676574707031
2022-07-20,39.453407287597656
2022-07-21,39.42924118041992
2022-07-22,39.5661735534668
2022-07-25,39.53395462036133
2022-07-26,39.558128356933594
2022-07-27,39.5822868347168
2022-07-28,39.646724700927734
2022-07-29,39.69505310058594
2022-08-01,39.699092864990234
2022-08-02,39.465003967285156
2022-08-03,39.59415054321289
2022-08-04,39.47307586669922
2022-08-05,39.70718002319336
2022-08-08,39.71524429321289
2022-08-09,39.71524429321289
2022-08-10,39.79595947265625
2022-08-11,39.83633041381836
2022-08-12,39.88475036621094
2022-08-15,39.88475036621094
2022-08-16,39.933189392089844
2022-08-17,39.88475036621094
2022-08-18,39.925113677978516
2022-08-19,39.933189392089844
2022-08-22,39.957393646240234
2022-08-23,39.98969268798828
2022-08-24,39.98969268798828
2022-08-25,39.98969268798828
2022-08-26,39.91704559326172
2022-08-29,39.90897750854492
2022-08-30,39.85247039794922
2022-08-31,39.828250885009766
2022-09-01,39.86306381225586
2022-09-02,39.90760040283203
2022-09-06,39.91569519042969
2022-09-07,39.94403839111328
2022-09-08,39.790184020996094
2022-09-09,39.91569519042969
2022-09-12,39.96023178100586
2022-09-13,39.96428680419922
2022-09-14,39.9278450012207
2022-09-15,39.91974639892578
2022-09-16,39.935943603515625
2022-09-19,39.95214080810547
2022-09-20,39.94403839111328
2022-09-21,39.84686279296875
2022-09-22,39.871177673339844
2022-09-23,39.89546585083008
2022-09-26,39.91165542602539
2022-09-27,39.82258224487305
2022-09-28,39.790184020996094
2022-09-29,39.76186752319336
2022-09-30,39.757808685302734
2022-10-03,39.5628776550293
2022-10-04,39.67657470703125
2022-10-05,39.709068298339844
2022-10-06,39.85526657104492
2022-10-07,39.81466293334961
2022-10-10,39.63596725463867
2022-10-11,39.611610412597656
2022-10-12,39.57911682128906
2022-10-13,39.60348892211914
2022-10-14,39.58724594116211
2022-10-17,39.61811065673828
2022-10-18,39.611610412597656
2022-10-19,39.627845764160156
2022-10-20,39.644100189208984
2022-10-21,39.72530746459961
2022-10-24,39.657100677490234
2022-10-25,39.63596725463867
2022-10-26,39.644100189208984
2022-10-27,39.644100189208984
2022-10-28,39.644100189208984
2022-10-31,39.66845703125
2022-11-01,39.694541931152344
2022-11-02,39.686378479003906
2022-11-03,39.539676666259766
2022-11-04,39.74345016479492
2022-11-07,39.7515983581543
2022-11-08,39.74345016479492
2022-11-09,39.800506591796875
2022-11-10,39.833099365234375
2022-11-11,39.898319244384766
2022-11-14,39.87385559082031
2022-11-15,39.939064025878906
2022-11-16,40.02872848510742
2022-11-17,39.99612808227539
2022-11-18,40.118385314941406
2022-11-21,40.16729736328125
2022-11-22,40.12653350830078
2022-11-23,40.0776252746582
2022-11-25,40.1102294921875
2022-11-28,40.102088928222656
2022-11-29,40.224334716796875
2022-11-30,40.24879455566406
2022-12-01,40.23651123046875
2022-12-02,40.22014236450195
2022-12-05,40.25288391113281
2022-12-06,40.23651123046875
2022-12-07,40.22834014892578
2022-12-08,40.26925277709961
2022-12-09,40.28564453125
2022-12-12,40.408443450927734
2022-12-13,40.31019973754883
2022-12-14,40.37569046020508
2022-12-15,40.39206314086914
2022-12-16,40.408443450927734
2022-12-19,40.482120513916016
2022-12-20,40.416622161865234
2022-12-21,40.482120513916016
2022-12-22,40.70314407348633
2022-12-23,40.50661849975586
2022-12-27,40.490177154541016
2022-12-28,40.49840545654297
2022-12-29,40.61351776123047
2022-12-30,40.50661849975586
2023-01-03,40.564178466796875
2023-01-04,40.564178466796875
2023-01-05,40.55595397949219
2023-01-06,40.5477294921875
2023-01-09,40.580604553222656
2023-01-10,40.7039680480957
2023-01-11,40.58885955810547
2023-01-12,40.63818359375
2023-01-13,40.67930603027344
2023-01-17,40.71218490600586
2023-01-18,40.77796936035156
2023-01-19,40.79441833496094
2023-01-20,40.860206604003906
2023-01-23,40.85199737548828
2023-01-24,40.860206604003906
2023-01-25,40.89310836791992
2023-01-26,40.90953826904297
2023-01-27,40.93419647216797
2023-01-30,40.99999237060547
2023-01-31,41.032894134521484
2023-02-01,41.0172004699707
2023-02-02,41.054378509521484
2023-02-03,41.033729553222656
2023-02-06,41.11629867553711
2023-02-07,41.149356842041016
2023-02-08,41.1576042175293
2023-02-09,41.17413330078125
2023-02-10,41.165889739990234
2023-02-13,41.28976821899414
2023-02-14,41.17413330078125
2023-02-15,41.215431213378906
2023-02-16,41.24020767211914
2023-02-17,41.23195266723633
2023-02-21,41.23195266723633
2023-02-22,41.198909759521484
2023-02-23,41.215431213378906
2023-02-24,41.14111328125
2023-02-27,41.1823844909668
2023-02-28,41.2071647644043
2023-03-01,41.190582275390625
2023-03-02,41.21961212158203
2023-03-03,41.21131896972656
2023-03-06,41.277687072753906
2023-03-07,41.20301818847656
2023-03-08,41.227901458740234
2023-03-09,41.20301818847656
2023-03-10,41.18643569946289
2023-03-13,41.15324783325195
2023-03-14,40.96245574951172
2023-03-15,40.95416259765625
2023-03-16,40.98733901977539
2023-03-17,40.929264068603516
2023-03-20,40.95416259765625
2023-03-21,40.87950134277344
2023-03-22,40.94588088989258
2023-03-23,41.0537109375
2023-03-24,40.98733901977539
2023-03-27,40.97904586791992
2023-03-28,41.03711700439453
2023-03-29,41.095184326171875
2023-03-30,41.11177062988281
2023-03-31,41.07028579711914
2023-04-03,41.14031982421875
2023-04-04,41.173641204833984
2023-04-05,41.19031524658203
2023-04-06,41.156978607177734
2023-04-10,41.21532440185547
2023-04-11,41.2486572265625
2023-04-12,41.27366256713867
2023-04-13,41.29033279418945
2023-04-14,41.28199768066406
2023-04-17,41.29033279418945
2023-04-18,41.356998443603516
2023-04-19,41.29867172241211
2023-04-20,41.332000732421875
2023-04-21,41.38201904296875
2023-04-24,41.3653450012207
2023-04-25,41.34867858886719
2023-04-26,41.42368698120117
2023-04-27,41.465362548828125
2023-04-28,41.47370529174805
2023-05-01,41.499664306640625
2023-05-02,41.432655334472656
2023-05-03,41.482913970947266
2023-05-04,41.55830001831055
2023-05-05,41.516422271728516
2023-05-08,41.5247917175293
2023-05-09,41.50804901123047
2023-05-10,41.491294860839844
2023-05-11,41.499664306640625
2023-05-12,41.491294860839844
2023-05-15,41.50804901123047
2023-05-16,41.50804901123047
2023-05-17,41.55830001831055
2023-05-18,41.5499267578125
2023-05-19,41.5247917175293
2023-05-22,41.491294860839844
2023-05-23,41.5499267578125
2023-05-24,41.55830001831055
2023-05-25,41.57505416870117
2023-05-26,41.58343505859375
2023-05-30,41.59181213378906
2023-05-31,41.60857009887695
2023-06-01,41.64898681640625
2023-06-02,41.65739822387695
2023-06-05,41.674224853515625
2023-06-06,41.69108581542969
2023-06-07,41.707916259765625
2023-06-08,41.766849517822266
2023-06-09,41.7415885925293
2023-06-12,41.78368377685547
2023-06-13,41.758419036865234
2023-06-14,41.77526092529297
2023-06-15,41.800514221191406
2023-06-16,41.82577896118164
2023-06-20,41.86786651611328
2023-06-21,41.905757904052734
2023-06-22,41.91838836669922
2023-06-23,41.89313888549805
2023-06-26,41.92681121826172
2023-06-27,41.93523406982422
2023-06-28,41.96049499511719
2023-06-29,41.96049499511719
2023-06-30,41.968894958496094
2023-07-03,41.971435546875
2023-07-05,42.00528335571289
2023-07-06,41.996829986572266
2023-07-07,42.017982482910156
2023-07-10,42.05606460571289
2023-07-11,42.07298278808594
2023-07-12,42.06791305541992
2023-07-13,42.08991622924805
2023-07-14,42.14067459106445
2023-07-17,42.166053771972656
2023-07-18,42.19990921020508
2023-07-19,42.233760833740234
2023-07-20,42.259151458740234
2023-07-21,42.35223388671875
2023-07-24,42.360694885253906
2023-07-25,42.34376525878906
2023-07-26,42.369136810302734
2023-07-27,42.46223449707031
2023-07-28,42.479156494140625
2023-07-31,42.517234802246094
2023-08-01,42.557212829589844
2023-08-02,42.57423400878906
2023-08-03,42.61674880981445
2023-08-04,42.59123611450195
2023-08-07,42.58274841308594
2023-08-08,42.58274841308594
2023-08-09,42.59975814819336
2023-08-10,42.57423400878906
2023-08-11,42.60825729370117
2023-08-14,42.629520416259766
2023-08-15,42.64228820800781
2023-08-16,42.6252555847168
2023-08-17,42.667808532714844
2023-08-18,42.667808532714844
2023-08-21,42.667808532714844
2023-08-22,42.69331359863281
2023-08-23,42.73585891723633
2023-08-24,42.73585891723633
2023-08-25,42.74436569213867
2023-08-28,42.769866943359375
2023-08-29,42.803897857666016
2023-08-30,42.812400817871094
2023-08-31,42.82091522216797
2023-09-01,42.85000228881836
2023-09-05,42.90985870361328
2023-09-06,42.83289337158203
2023-09-07,42.85853958129883
2023-09-08,42.85853958129883
2023-09-11,42.892765045166016
2023-09-12,42.91841506958008
2023-09-13,42.91841506958008
2023-09-14,42.94407272338867
2023-09-15,42.952640533447266
2023-09-18,42.96973419189453
2023-09-19,42.98684310913086
2023-09-20,42.98684310913086
2023-09-21,43.02961349487305
2023-09-22,43.021060943603516
2023-09-25,43.03817367553711
2023-09-26,43.055259704589844
2023-09-27,43.03817367553711
2023-09-28,43.04670333862305
2023-09-29,43.04670333862305
2023-10-02,43.06907272338867
2023-10-03,43.06046676635742
2023-10-04,43.043277740478516
2023-10-05,43.00886535644531
2023-10-06,43.034664154052734
2023-10-09,43.06907272338867
2023-10-10,43.06907272338867
2023-10-11,43.034664154052734
2023-10-12,43.0518684387207
2023-10-13,43.06907272338867
2023-10-16,43.0518684387207
2023-10-17,43.07767105102539
2023-10-18,43.08627700805664
2023-10-19,43.10347366333008
2023-10-20,43.1120719909668
2023-10-23,43.1120719909668
2023-10-24,43.13787841796875
2023-10-25,43.15507125854492
2023-10-26,43.13787841796875
2023-10-27,43.18086624145508
2023-10-30,43.18947982788086
2023-10-31,43.21527099609375
2023-11-01,43.235145568847656
2023-11-02,43.243804931640625
2023-11-03,43.25244903564453
2023-11-06,43.312965393066406
2023-11-07,43.312965393066406
2023-11-08,43.312965393066406
2023-11-09,43.34754943847656
2023-11-10,43.35619354248047
2023-11-13,43.390769958496094
2023-11-14,43.399410247802734
2023-11-15,43.399410247802734
2023-11-16,43.442649841308594
2023-11-17,43.46856689453125
2023-11-20,43.47722244262695
2023-11-21,43.48587417602539
2023-11-22,43.49452209472656
2023-11-24,43.51180648803711
2023-11-27,43.52910614013672
2023-11-28,43.52910614013672
2023-11-29,43.5896110534668
2023-11-30,43.59825897216797
2023-12-01,43.629554748535156
2023-12-04,43.638267517089844
2023-12-05,43.66434860229492
2023-12-06,43.67304992675781
2023-12-07,43.61217498779297
2023-12-08,43.69913864135742
2023-12-11,43.7252197265625
2023-12-12,43.71653747558594
2023-12-13,43.7252197265625
2023-12-14,43.74261474609375
2023-12-15,43.86436080932617
2023-12-18,43.803489685058594
2023-12-19,43.86436080932617
2023-12-20,43.8730583190918
2023-12-21,43.9078483581543
2023-12-22,43.6904411315918
2023-12-26,43.70783233642578
2023-12-27,43.71653747558594
2023-12-28,43.7252197265625
2023-12-29,43.74261474609375
2024-01-02,43.794795989990234
2024-01-03,43.77739334106445
2024-01-04,43.760013580322266
2024-01-05,43.803489685058594
2024-01-08,43.81218338012695
2024-01-09,43.82088851928711
2024-01-10,43.83828353881836
2024-01-11,43.86436080932617
2024-01-12,43.89046859741211
2024-01-16,43.9078483581543
2024-01-17,43.942630767822266
2024-01-18,43.96001434326172
2024-01-19,43.9774169921875
2024-01-22,43.96872329711914
2024-01-23,43.99480438232422
2024-01-24,43.99480438232422
2024-01-25,44.02960968017578
2024-01-26,44.02960968017578
2024-01-29,44.046993255615234
2024-01-30,44.046993255615234
2024-01-31,44.03828430175781
2024-02-01,44.082008361816406
2024-02-02,44.07327651977539
2024-02-05,44.125728607177734
2024-02-06,44.14320373535156
2024-02-07,44.15194320678711
2024-02-08,44.1694450378418
2024-02-09,44.1694450378418
2024-02-12,44.17818832397461
2024-02-13,44.1694450378418
2024-02-14,44.186920166015625
2024-02-15,44.221893310546875
2024-02-16,44.23063659667969
2024-02-20,44.24812698364258
2024-02-21,44.26561737060547
2024-02-22,44.256866455078125
2024-02-23,44.2830924987793
2024-02-26,44.2830924987793
2024-02-27,44.309326171875
2024-02-28,44.30057907104492
2024-02-29,44.326805114746094
2024-03-01,44.34613800048828
2024-03-04,44.363731384277344
2024-03-05,44.37250900268555
2024-03-06,44.363731384277344
2024-03-07,44.39008712768555
2024-03-08,44.39888381958008
2024-03-11,44.39888381958008
2024-03-12,44.416446685791016
2024-03-13,44.43402862548828
2024-03-14,44.451602935791016
2024-03-15,44.46039581298828
2024-03-18,44.469181060791016
2024-03-19,44.469181060791016
2024-03-20,44.48676300048828
2024-03-21,44.513126373291016
2024-03-22,44.530704498291016
2024-03-25,44.530704498291016
2024-03-26,44.521907806396484
2024-03-27,44.56584548950195
2024-03-28,44.592220306396484
2024-04-01,44.609886169433594
2024-04-02,44.609886169433594
2024-04-03,44.609886169433594
2024-04-04,44.65406799316406
2024-04-05,44.67173385620117
2024-04-08,44.68940353393555
2024-04-09,44.68940353393555
2024-04-10,44.67173385620117
2024-04-11,44.680572509765625
2024-04-12,44.74242401123047
2024-04-15,44.73358154296875
2024-04-16,44.74242401123047
2024-04-17,44.7689323425293
2024-04-18,44.80426788330078
2024-04-19,44.8131103515625
2024-04-22,44.8131103515625
2024-04-23,44.80426788330078
2024-04-24,44.830772399902344
2024-04-25,44.86611557006836
2024-04-26,44.87495040893555
2024-04-29,44.87495040893555
2024-04-30,44.87495040893555
2024-05-01,44.896278381347656
2024-05-02,44.93180465698242
2024-05-03,44.93180465698242
2024-05-06,44.958465576171875
2024-05-07,44.96733093261719
2024-05-08,44.96733093261719
2024-05-09,45.002864837646484
2024-05-10,45.02953338623047
2024-05-13,45.03840637207031
2024-05-14,45.047279357910156
2024-05-15,45.056175231933594
2024-05-16,45.073936462402344
2024-05-17,45.100589752197266
2024-05-20,45.11835479736328
2024-05-21,45.12724685668945
2024-05-22,45.12724685668945
2024-05-23,45.180545806884766
2024-05-24,45.189414978027344
2024-05-28,45.180545806884766
2024-05-29,45.207191467285156
2024-05-30,45.22494888305664
2024-05-31,45.24271774291992
2024-06-03,45.257015228271484
2024-06-04,45.257015228271484
2024-06-05,45.257015228271484
2024-06-06,45.257015228271484
2024-06-07,45.28379440307617
2024-06-10,45.292724609375
2024-06-11,45.3016471862793
2024-06-12,45.3016471862793
2024-06-13,45.310569763183594
2024-06-14,45.310569763183594
2024-06-17,45.33735656738281
2024-06-18,45.34628677368164
2024-06-20,45.34628677368164
2024-06-21,45.38200378417969
2024-06-24,45.39985656738281
2024-06-25,45.39985656738281
2024-06-26,45.39985656738281
2024-06-27,45.408790588378906
2024-06-28,45.42664337158203
2024-07-01,45.44191360473633
2024-07-02,45.450889587402344
2024-07-03,45.45986557006836
2024-07-05,45.47780990600586
2024-07-08,45.48678207397461
2024-07-09,45.522701263427734
2024-07-10,45.531673431396484
2024-07-11,45.540653228759766
2024-07-12,45.56757354736328
2024-07-15,45.576560974121094
2024-07-16,45.58552932739258
2024-07-17,45.576560974121094
2024-07-18,45.576560974121094
2024-07-19,45.61246871948242
2024-07-22,45.61246871948242
2024-07-23,45.64837646484375
2024-07-24,45.6393928527832
2024-07-25,45.6393928527832
2024-07-26,45.66632843017578
2024-07-29,45.702232360839844
2024-07-30,45.73815155029297
2024-07-31,45.711212158203125
2024-08-01,45.732872009277344
2024-08-02,45.63361358642578
2024-08-05,45.5884895324707
2024-08-06,45.68775939941406
2024-08-07,45.71481704711914
2024-08-08,45.723846435546875
2024-08-09,45.74189376831055
2024-08-12,45.71481704711914
2024-08-13,45.70580291748047
2024-08-14,45.69677734375
2024-08-15,45.70580291748047
2024-08-16,45.732872009277344
2024-08-19,45.8050537109375
2024-08-20,45.83213424682617
2024-08-21,45.841163635253906
2024-08-22,45.85920333862305
2024-08-23,45.88627624511719
2024-08-26,45.90431594848633
2024-08-27,45.90431594848633
2024-08-28,45.91335678100586
2024-08-29,45.90431594848633
2024-08-30,45.94041442871094
2024-09-03,45.96672821044922
2024-09-04,45.975807189941406
2024-09-05,45.96672821044922
2024-09-06,46.00303268432617
2024-09-09,46.02117919921875
2024-09-10,46.02117919921875
2024-09-11,46.01210021972656
2024-09-12,46.03025436401367
2024-09-13,46.048397064208984
2024-09-16,46.066551208496094
2024-09-17,46.066551208496094
2024-09-18,46.07561492919922
2024-09-19,46.08469009399414
2024-09-20,46.12097930908203
2024-09-23,46.13005828857422
2024-09-24,46.13913345336914
2024-09-25,46.13913345336914
2024-09-26,46.15727233886719
2024-09-27,46.17543029785156
2024-09-30,46.16636276245117
2024-10-01,46.19646072387695
2024-10-02,46.20558166503906
2024-10-03,46.214698791503906
2024-10-04,46.23295211791992
2024-10-07,46.251197814941406
2024-10-08,46.260311126708984
2024-10-09,46.269439697265625
2024-10-10,46.28767776489258
2024-10-11,46.28767776489258
2024-10-14,46.29680252075195
2024-10-15,46.3150520324707
2024-10-16,46.3150520324707
2024-10-17,46.3150520324707
2024-10-18,46.34242630004883
2024-10-21,46.351539611816406
2024-10-22,46.351539611816406
2024-10-23,46.369781494140625
2024-10-24,46.360660552978516
2024-10-25,46.369781494140625
2024-10-28,46.40626525878906
2024-10-29,46.39716339111328
2024-10-30,46.433650970458984
2024-10-31,46.433650970458984
2024-11-01,46.46390151977539
2024-11-04,46.445560455322266
2024-11-05,46.46390151977539
2024-11-06,46.482242584228516
2024-11-07,46.5189094543457
2024-11-08,46.56475067138672
2024-11-11,46.55556869506836
2024-11-12,46.56475067138672
2024-11-13,46.58308029174805
2024-11-14,46.61976623535156
2024-11-15,46.66560363769531
2024-11-18,46.61976623535156
2024-11-19,46.61976623535156
2024-11-20,46.63808822631836
2024-11-21,46.702266693115234
2024-11-22,46.729766845703125
2024-11-25,46.702266693115234
2024-11-26,46.702266693115234
2024-11-27,46.72060012817383
2024-11-29,46.72060012817383
2024-12-02,46.73073959350586
2024-12-03,46.80450439453125
2024-12-04,46.79527282714844
2024-12-05,46.7768440246582
2024-12-06,46.78606033325195
2024-12-09,46.82293701171875
2024-12-10,46.832157135009766
2024-12-11,46.832157135009766
2024-12-12,46.82293701171875
2024-12-13,46.8505973815918
2024-12-16,46.89668655395508
2024-12-17,46.86902618408203
2024-12-18,46.832157135009766
2024-12-19,46.832157135009766
2024-12-20,46.86902618408203
2024-12-23,46.90795135498047
2024-12-24,46.9172248840332
2024-12-26,46.94501876831055
2024-12-27,46.98208999633789
2024-12-30,46.991355895996094
2024-12-31,46.991355895996094
2025-01-02,47.02842330932617
2025-01-03,47.01915740966797
2025-01-06,47.04695510864258
2025-01-07,47.03768539428711
2025-01-08,47.02842330932617
2025-01-10,47.065486907958984
2025-01-13,47.09328842163086
2025-01-14,47.10255432128906
2025-01-15,47.139617919921875
2025-01-16,47.14888381958008
2025-01-17,47.18594741821289
2025-01-21,47.20448684692383
2025-01-22,47.21375274658203
2025-01-23,47.2322883605957
2025-01-24,47.25082778930664
2025-01-27,47.25082778930664
2025-01-28,47.26008224487305
2025-01-29,47.269351959228516
2025-01-30,47.27862548828125
2025-01-31,47.29716110229492
2025-02-03,47.302738189697266
2025-02-04,47.302738189697266
2025-02-05,47.321346282958984
2025-02-06,47.33995056152344
2025-02-07,47.35856628417969
2025-02-10,47.367862701416016
2025-02-11,47.377166748046875
2025-02-12,47.349266052246094
2025-02-13,47.33995056152344
2025-02-14,47.33995056152344
2025-02-18,47.312042236328125
2025-02-19,47.321346282958984
2025-02-20,47.33064270019531
2025-02-21,47.33064270019531
2025-02-24,47.321346282958984
2025-02-25,47.367862701416016
2025-02-26,47.377166748046875
2025-02-27,47.367862701416016
2025-02-28,47.367862701416016
2025-03-03,47.35758972167969
2025-03-04,47.329551696777344
2025-03-05,47.348236083984375
2025-03-06,47.31086349487305
2025-03-07,47.338897705078125
2025-03-10,47.282833099365234
2025-03-11,47.26414489746094
2025-03-12,47.26414489746094
2025-03-13,47.17070388793945
2025-03-14,47.24545669555664
2025-03-17,47.26414489746094
2025-03-18,47.21742248535156
2025-03-19,47.208072662353516
2025-03-20,47.21742248535156
2025-03-21,47.254791259765625
2025-03-24,47.236106872558594
2025-03-25,47.24545669555664
2025-03-26,47.254791259765625
2025-03-27,47.31086349487305
2025-03-28,47.32020950317383
2025-03-31,47.3856201171875
2025-04-01,47.43068313598633
2025-04-02,47.440067291259766
2025-04-03,47.19597625732422
2025-04-04,46.97064971923828
2025-04-07,46.84859848022461
2025-04-08,47.11147689819336
2025-04-09,47.2335319519043
2025-04-10,46.74532699584961
2025-04-11,46.792274475097656
2025-04-14,46.97064971923828
2025-04-15,47.186580657958984
2025-04-16,47.16781234741211
2025-04-17,47.22414016723633
2025-04-21,47.19597625732422
2025-04-22,47.25230407714844
2025-04-23,47.30863952636719
2025-04-24,47.37435531616211
2025-04-25,47.41191101074219
2025-04-28,47.421295166015625
2025-04-29,47.449462890625
2025-04-30,47.449462890625
2025-05-01,47.53059387207031
2025-05-02,47.577762603759766
2025-05-05,47.63438034057617
2025-05-06,47.577762603759766
2025-05-07,47.62494659423828
2025-05-08,47.63438034057617
2025-05-09,47.63438034057617
2025-05-12,47.69097900390625
2025-05-13,47.6721076965332
2025-05-14,47.70984649658203
2025-05-15,47.69097900390625
2025-05-16,47.72871398925781
2025-05-19,47.700416564941406
2025-05-20,47.71928405761719
2025-05-21,47.71928405761719
2025-05-22,47.75703048706055
2025-05-23,47.77589416503906
2025-05-27,47.75703048706055
2025-05-28,47.80419921875
2025-05-29,47.81363296508789
2025-05-30,47.87967300415039
2025-06-02,47.88915252685547
2025-06-03,47.91756820678711
2025-06-04,47.90809631347656
2025-06-05,47.87019348144531
2025-06-06,47.92704772949219
2025-06-09,47.94599151611328
2025-06-10,47.99338150024414
2025-06-11,47.98390197753906
2025-06-12,48.00285339355469
2025-06-13,47.99338150024414
2025-06-16,47.99338150024414
2025-06-17,47.99338150024414
2025-06-18,47.974430084228516
2025-06-20,47.99338150024414
2025-06-23,48.0597038269043
2025-06-24,48.0407600402832
2025-06-25,48.00285339355469
2025-06-26,48.0597038269043
2025-06-27,48.088130950927734
2025-06-30,48.088130950927734
2025-07-01,48.12905502319336
2025-07-02,48.090980529785156
2025-07-03,48.11954116821289
2025-07-07,48.13857650756836
2025-07-08,48.13857650756836
2025-07-09,48.1766471862793
2025-07-10,48.16712951660156
2025-07-11,48.1766471862793
2025-07-14,48.2147102355957
2025-07-15,48.195682525634766
2025-07-16,48.195682525634766
2025-07-17,48.195682525634766
2025-07-18,48.205204010009766
2025-07-21,48.2337532043457
2025-07-22,48.262298583984375
2025-07-23,48.2337532043457
2025-07-24,48.262298583984375
2025-07-25,48.281333923339844
2025-07-28,48.30036544799805
2025-07-29,48.338436126708984
2025-07-30,48.31940841674805
2025-07-31,48.338436126708984
2025-08-01,48.33366012573242
2025-08-04,48.37188720703125
2025-08-05,48.362335205078125
2025-08-06,48.37188720703125
2025-08-07,48.37188720703125
2025-08-08,48.38144302368164
2025-08-11,48.39100646972656
2025-08-12,48.429237365722656
2025-08-13,48.40055847167969
2025-08-14,48.457916259765625
2025-08-15,48.49614334106445
2025-08-18,48.46746826171875
2025-08-19,48.457916259765625
2025-08-20,48.49614334106445
2025-08-21,48.50570297241211
2025-08-22,48.52481460571289
2025-08-25,48.52481460571289
2025-08-26,48.53437042236328
2025-08-27,48.5439338684082
2025-08-28,48.5439338684082
2025-08-29,48.572608947753906
2025-09-02,48.59468078613281
2025-09-03,48.6138801574707
2025-09-04,48.59468078613281
2025-09-05,48.5850830078125
2025-09-08,48.633079528808594
2025-09-09,48.66188049316406
2025-09-10,48.64268112182617
2025-09-11,48.633079528808594
2025-09-12,48.62348556518555
2025-09-15,48.66188049316406
2025-09-16,48.64268112182617
2025-09-17,48.652286529541016
2025-09-18,48.68108367919922
2025-09-19,48.700286865234375
2025-09-22,48.719486236572266
2025-09-23,48.719486236572266
2025-09-24,48.719486236572266
2025-09-25,48.719486236572266
2025-09-26,48.738677978515625
2025-09-29,48.7482795715332
2025-09-30,48.7482795715332
2025-10-01,48.793609619140625
2025-10-02,48.783966064453125
2025-10-03,48.793609619140625
2025-10-06,48.783966064453125
2025-10-07,48.812889099121094
2025-10-08,48.812889099121094
2025-10-09,48.803245544433594
2025-10-10,48.74538803100586
2025-10-13,48.812889099121094
2025-10-14,48.783966064453125
2025-10-15,48.793609619140625
2025-10-16,48.774322509765625
2025-10-17,48.812889099121094
2025-10-20,48.812889099121094
2025-10-21,48.83217239379883
2025-10-22,48.83217239379883
2025-10-23,48.85145950317383
2025-10-24,48.84182357788086
2025-10-27,48.918968200683594
2025-10-28,48.928611755371094
2025-10-29,48.90932083129883
2025-10-30,48.890037536621094
2025-10-31,48.928611755371094
2025-11-03,48.959598541259766
2025-11-04,48.96928787231445
2025-11-05,48.97896957397461
2025-11-06,48.97896957397461
2025-11-07,48.98865509033203
2025-11-10,49.0177116394043
2025-11-11,49.02739715576172
2025-11-12,49.0177116394043
2025-11-13,49.02739715576172
2025-11-14,49.03708267211914
2025-11-17,49.05645751953125
2025-11-18,49.03708267211914
2025-11-19,49.07582473754883
2025-11-20,49.07582473754883
2025-11-21,49.095191955566406
2025-11-24,49.085514068603516
2025-11-25,49.085514068603516
2025-11-26,49.104881286621094
2025-11-28,49.13393783569336
2025-12-01,49.15824508666992
2025-12-02,49.12907028198242
2025-12-03,49.13880157470703
2025-12-04,49.13880157470703
2025-12-05,49.13880157470703
2025-12-08,49.11935806274414
2025-12-09,49.11935806274414
2025-12-10,49.13880157470703
2025-12-11,49.16796875
2025-12-12,49.17768859863281
2025-12-15,49.197139739990234
2025-12-16,49.20685958862305
2025-12-17,49.21657943725586
2025-12-18,49.255470275878906
2025-12-19,49.255470275878906
2025-12-22,49.28087615966797
2025-12-23,49.300411224365234
2025-12-24,49.32972717285156
2025-12-26,49.37858200073242
2025-12-29,49.38835144042969
2025-12-30,49.40788650512695
2025-12-31,49.417659759521484
2026-01-02,49.44697189331055
2026-01-05,49.42742919921875
2026-01-06,49.437198638916016
2026-01-07,49.46651077270508
2026-01-08,49.45673751831055
2026-01-09,49.47627639770508
2026-01-12,49.47627639770508
2026-01-13,49.49581527709961
2026-01-14,49.50558853149414
2026-01-15,49.51536560058594
2026-01-16,49.58374786376953
2026-01-20,49.58374786376953
2026-01-21,49.60329818725586
2026-01-22,49.59352493286133
2026-01-23,49.63260269165039
2026-01-26,49.60329818725586
2026-01-27,49.60329818725586
2026-01-28,49.63260269165039
2026-01-29,49.65214538574219
2026-01-30,49.68352127075195
2026-02-02,49.703128814697266
2026-02-03,49.693328857421875
2026-02-04,49.703128814697266
2026-02-05,49.6442985534668
2026-02-06,49.67371368408203
2026-02-09,49.693328857421875
2026-02-10,49.71293640136719
2026-02-11,49.703128814697266
2026-02-12,49.722747802734375
2026-02-13,49.74235534667969
2026-02-17,49.732547760009766
2026-02-18,49.761959075927734
2026-02-19,49.74235534667969
2026-02-20,49.771766662597656
2026-02-23,49.74235534667969
2026-02-24,49.75216293334961
2026-02-25,49.75216293334961
2026-02-26,49.703128814697266
2026-02-27,49.58797073364258
2026-03-02,49.647029876708984
2026-03-03,49.647029876708984
2026-03-04,49.66671371459961
2026-03-05,49.63718795776367
2026-03-06,49.578128814697266
2026-03-09,49.647029876708984
2026-03-10,49.66671371459961
2026-03-11,49.647029876708984
2026-03-12,49.66671371459961
2026-03-13,49.58797073364258
2026-03-16,49.66671371459961
2026-03-17,49.66671371459961
2026-03-18,49.66671371459961
2026-03-19,49.706085205078125
2026-03-20,49.706085205078125
2026-03-23,49.774986267089844
2026-03-24,49.794673919677734
2026-03-25,49.794673919677734
2026-03-26,49.784828186035156
2026-03-27,49.706085205078125
2026-03-30,49.7159309387207
2026-03-31,49.777198791503906
2026-04-01,49.777198791503906
2026-04-02,49.82661056518555
2026-04-06,49.86613845825195
2026-04-07,49.87602615356445
2026-04-08,49.89578628540039
2026-04-09,49.905670166015625
2026-04-10,49.905670166015625
2026-04-13,49.955081939697266
2026-04-14,49.97484588623047
2026-04-15,49.9847297668457
2026-04-16,49.99461364746094
2026-04-17,50.034141540527344
2026-04-20,49.99461364746094
2026-04-21,50.00448989868164
2026-04-22,50.02425765991211
2026-04-23,50.034141540527344
2026-04-24,50.05390930175781
2026-04-27,50.063785552978516
2026-04-28,50.063785552978516
2026-04-29,50.10331726074219
2026-04-30,50.12415313720703
2026-05-01,50.114227294921875
2026-05-04,50.14399719238281
2026-05-05,50.163841247558594
2026-05-06,50.163841247558594
2026-05-07,50.17375946044922
2026-05-08,50.20352554321289
2026-05-11,50.193603515625
2026-05-12,50.223365783691406
2026-05-13,50.23329162597656
2026-05-14,50.24320983886719
2026-05-15,50.23329162597656
2026-05-18,50.253135681152344
2026-05-19,50.24320983886719
2026-05-20,50.26305389404297
2026-05-21,50.26305389404297
2026-05-22,50.29281997680664
2026-05-26,50.30274200439453
2026-05-27,50.32258605957031
2026-05-28,50.312660217285156
2026-05-29,50.340553283691406
2026-06-01,50.340553283691406
2026-06-02,50.35051345825195
2026-06-03,50.340553283691406
2026-06-04,50.35051345825195
2026-06-05,50.37043380737305
2026-06-08,50.38039779663086
2026-06-09,50.37043380737305
2026-06-10,50.38039779663086
2026-06-11,50.390357971191406
2026-06-12,50.40031433105469
2026-06-15,50.42023849487305
2026-06-16,50.4102783203125
2026-06-17,50.4102783203125
2026-06-18,50.44015884399414
2026-06-22,50.45012283325195
2026-06-23,50.44015884399414
2026-06-24,50.44015884399414
2026-06-25,50.460079193115234
2026-06-26,50.47003936767578
2026-06-29,50.480003356933594
2026-06-30,50.4900016784668
