,XDWL.SW
2016-07-01,36.10846710205078
2016-07-04,36.57981872558594
2016-07-05,36.57981872558594
2016-07-06,36.57981872558594
2016-07-07,36.57981872558594
2016-07-08,36.57981872558594
2016-07-11,36.57981872558594
2016-07-12,36.57981872558594
2016-07-13,37.766605377197266
2016-07-14,37.766605377197266
2016-07-15,37.766605377197266
2016-07-18,37.766605377197266
2016-07-19,37.766605377197266
2016-07-20,37.766605377197266
2016-07-21,37.766605377197266
2016-07-22,37.766605377197266
2016-07-25,38.128517150878906
2016-07-26,38.128517150878906
2016-07-27,38.54094696044922
2016-07-28,37.9349365234375
2016-07-29,37.9349365234375
2016-08-02,37.9349365234375
2016-08-03,37.9349365234375
2016-08-04,37.9349365234375
2016-08-05,37.9349365234375
2016-08-08,38.22952651977539
2016-08-09,38.22952651977539
2016-08-10,38.22952651977539
2016-08-11,38.22952651977539
2016-08-12,38.22952651977539
2016-08-15,38.406272888183594
2016-08-16,38.406272888183594
2016-08-17,38.406272888183594
2016-08-18,38.406272888183594
2016-08-19,38.406272888183594
2016-08-22,38.406272888183594
2016-08-23,37.91810607910156
2016-08-24,37.91810607910156
2016-08-25,37.90968322753906
2016-08-26,37.90968322753906
2016-08-29,37.90968322753906
2016-08-30,37.90968322753906
2016-08-31,38.43994903564453
2016-09-01,38.43994903564453
2016-09-02,38.43994903564453
2016-09-05,38.43994903564453
2016-09-06,38.751380920410156
2016-09-07,38.751380920410156
2016-09-08,38.751380920410156
2016-09-09,38.456783294677734
2016-09-12,38.456783294677734
2016-09-13,38.456783294677734
2016-09-14,38.456783294677734
2016-09-15,38.456783294677734
2016-09-16,38.456783294677734
2016-09-19,38.03593826293945
2016-09-20,38.03593826293945
2016-09-21,38.03593826293945
2016-09-22,38.03593826293945
2016-09-23,38.03593826293945
2016-09-26,38.03593826293945
2016-09-27,38.03593826293945
2016-09-28,38.03593826293945
2016-09-29,38.03593826293945
2016-09-30,38.03593826293945
2016-10-03,38.03593826293945
2016-10-04,38.03593826293945
2016-10-05,38.03593826293945
2016-10-06,38.03593826293945
2016-10-07,38.19586944580078
2016-10-10,38.0780143737793
2016-10-11,38.0780143737793
2016-10-12,38.0780143737793
2016-10-13,38.0780143737793
2016-10-14,38.29685592651367
2016-10-17,37.943359375
2016-10-18,37.943359375
2016-10-19,37.943359375
2016-10-20,37.943359375
2016-10-21,37.943359375
2016-10-24,37.943359375
2016-10-25,37.943359375
2016-10-26,37.943359375
2016-10-27,37.943359375
2016-10-28,37.943359375
2016-10-31,37.943359375
2016-11-01,37.5645866394043
2016-11-02,37.5645866394043
2016-11-03,37.5645866394043
2016-11-04,37.5645866394043
2016-11-07,37.269996643066406
2016-11-08,37.269996643066406
2016-11-09,36.933319091796875
2016-11-10,36.933319091796875
2016-11-11,36.933319091796875
2016-11-14,36.933319091796875
2016-11-15,38.69245147705078
2016-11-16,38.69245147705078
2016-11-17,38.69245147705078
2016-11-18,38.69245147705078
2016-11-21,38.69245147705078
2016-11-22,38.69245147705078
2016-11-23,38.69245147705078
2016-11-24,38.69245147705078
2016-11-25,38.69245147705078
2016-11-28,38.69245147705078
2016-11-29,38.69245147705078
2016-11-30,38.69245147705078
2016-12-01,39.56779861450195
2016-12-02,39.56779861450195
2016-12-05,39.56779861450195
2016-12-06,39.56779861450195
2016-12-07,39.56779861450195
2016-12-08,39.56779861450195
2016-12-09,39.56779861450195
2016-12-12,39.56779861450195
2016-12-13,39.56779861450195
2016-12-14,39.56779861450195
2016-12-15,39.56779861450195
2016-12-16,39.56779861450195
2016-12-19,39.56779861450195
2016-12-20,39.56779861450195
2016-12-21,39.56779861450195
2016-12-22,39.56779861450195
2016-12-23,39.56779861450195
2016-12-27,39.56779861450195
2016-12-28,39.56779861450195
2016-12-29,39.56779861450195
2016-12-30,40.83034133911133
2017-01-03,41.49527359008789
2017-01-04,41.35219192504883
2017-01-05,41.35219192504883
2017-01-06,41.35219192504883
2017-01-09,41.35219192504883
2017-01-10,41.167022705078125
2017-01-11,41.67204284667969
2017-01-12,41.67204284667969
2017-01-13,41.67204284667969
2017-01-16,41.25119400024414
2017-01-17,40.81351852416992
2017-01-18,40.81351852416992
2017-01-19,40.81351852416992
2017-01-20,40.81351852416992
2017-01-23,40.81351852416992
2017-01-24,40.81351852416992
2017-01-25,40.81351852416992
2017-01-26,40.81351852416992
2017-01-27,41.11651611328125
2017-01-30,41.11651611328125
2017-01-31,40.40107345581055
2017-02-01,40.59467315673828
2017-02-02,40.47683334350586
2017-02-03,40.47683334350586
2017-02-06,40.47683334350586
2017-02-07,40.47683334350586
2017-02-08,40.47683334350586
2017-02-09,40.47683334350586
2017-02-10,40.47683334350586
2017-02-13,41.697288513183594
2017-02-14,41.94978713989258
2017-02-15,41.94978713989258
2017-02-16,41.94978713989258
2017-02-17,41.94978713989258
2017-02-20,42.21913528442383
2017-02-21,42.21913528442383
2017-02-22,42.21913528442383
2017-02-23,42.21913528442383
2017-02-24,42.404296875
2017-02-27,42.404296875
2017-02-28,42.404296875
2017-03-01,42.791481018066406
2017-03-02,42.791481018066406
2017-03-03,42.791481018066406
2017-03-06,42.791481018066406
2017-03-07,42.791481018066406
2017-03-08,42.791481018066406
2017-03-09,42.791481018066406
2017-03-10,42.555809020996094
2017-03-13,42.555809020996094
2017-03-14,42.555809020996094
2017-03-15,42.555809020996094
2017-03-16,42.555809020996094
2017-03-17,42.555809020996094
2017-03-20,42.53055953979492
2017-03-21,42.53055953979492
2017-03-22,42.53055953979492
2017-03-23,42.53055953979492
2017-03-24,42.53055953979492
2017-03-27,42.53055953979492
2017-03-28,42.53055953979492
2017-03-29,42.53055953979492
2017-03-30,42.48847961425781
2017-03-31,42.48847961425781
2017-04-03,42.513729095458984
2017-04-04,42.379051208496094
2017-04-05,42.379051208496094
2017-04-06,41.68887710571289
2017-04-07,41.68887710571289
2017-04-10,42.780853271484375
2017-04-11,42.78944778442383
2017-04-12,42.78944778442383
2017-04-13,42.78944778442383
2017-04-18,42.78944778442383
2017-04-19,42.08517074584961
2017-04-20,42.08517074584961
2017-04-21,42.08517074584961
2017-04-24,42.08517074584961
2017-04-25,42.89252471923828
2017-04-26,42.89252471923828
2017-04-27,42.89252471923828
2017-04-28,42.89252471923828
2017-05-02,42.89252471923828
2017-05-03,42.89252471923828
2017-05-04,42.89252471923828
2017-05-05,42.89252471923828
2017-05-08,42.89252471923828
2017-05-09,42.89252471923828
2017-05-10,42.89252471923828
2017-05-11,43.95753479003906
2017-05-12,43.95753479003906
2017-05-15,43.95753479003906
2017-05-16,43.95753479003906
2017-05-17,42.566139221191406
2017-05-18,42.35141372680664
2017-05-19,42.35141372680664
2017-05-22,42.540374755859375
2017-05-23,42.540374755859375
2017-05-24,42.540374755859375
2017-05-26,42.540374755859375
2017-05-29,42.98699951171875
2017-05-30,42.85816955566406
2017-05-31,42.85816955566406
2017-06-01,42.85816955566406
2017-06-02,42.85816955566406
2017-06-06,42.849571228027344
2017-06-07,42.849571228027344
2017-06-08,42.849571228027344
2017-06-09,42.849571228027344
2017-06-12,42.746517181396484
2017-06-13,42.969818115234375
2017-06-14,43.201725006103516
2017-06-15,43.201725006103516
2017-06-16,43.201725006103516
2017-06-19,43.459373474121094
2017-06-20,43.407840728759766
2017-06-21,43.407840728759766
2017-06-22,43.107234954833984
2017-06-23,43.107234954833984
2017-06-26,43.2618293762207
2017-06-27,43.2618293762207
2017-06-28,43.2618293762207
2017-06-29,43.2618293762207
2017-06-30,43.2618293762207
2017-07-03,43.2618293762207
2017-07-04,42.849571228027344
2017-07-05,42.84097671508789
2017-07-06,42.84097671508789
2017-07-07,42.47166061401367
2017-07-10,42.78944778442383
2017-07-11,42.78944778442383
2017-07-12,42.78944778442383
2017-07-13,42.78944778442383
2017-07-14,42.78944778442383
2017-07-17,42.78944778442383
2017-07-18,42.78944778442383
2017-07-19,42.78944778442383
2017-07-20,42.78944778442383
2017-07-21,42.78944778442383
2017-07-24,42.712158203125
2017-07-25,42.712158203125
2017-07-26,42.712158203125
2017-07-27,42.712158203125
2017-07-28,42.712158203125
2017-07-31,42.712158203125
2017-08-02,43.931766510009766
2017-08-03,43.931766510009766
2017-08-04,43.931766510009766
2017-08-07,44.28390884399414
2017-08-08,44.31825256347656
2017-08-09,43.63974380493164
2017-08-10,43.63974380493164
2017-08-11,43.13300704956055
2017-08-14,43.13300704956055
2017-08-15,43.13300704956055
2017-08-16,43.13300704956055
2017-08-17,43.13300704956055
2017-08-18,43.00416946411133
2017-08-21,42.89252471923828
2017-08-22,42.89252471923828
2017-08-23,42.89252471923828
2017-08-24,42.89252471923828
2017-08-25,42.89252471923828
2017-08-28,42.89252471923828
2017-08-29,42.89252471923828
2017-08-30,42.89252471923828
2017-08-31,42.89252471923828
2017-09-01,43.63115692138672
2017-09-04,43.39066696166992
2017-09-05,43.596797943115234
2017-09-06,43.596797943115234
2017-09-07,43.596797943115234
2017-09-08,43.596797943115234
2017-09-11,43.69986343383789
2017-09-12,43.94894790649414
2017-09-13,43.94894790649414
2017-09-14,43.94894790649414
2017-09-15,43.94894790649414
2017-09-18,44.378379821777344
2017-09-19,44.5072135925293
2017-09-20,44.5072135925293
2017-09-21,44.5072135925293
2017-09-22,44.76487350463867
2017-09-25,44.85935592651367
2017-09-26,44.85935592651367
2017-09-27,44.85935592651367
2017-09-28,44.92807388305664
2017-09-29,44.92807388305664
2017-10-02,45.1256103515625
2017-10-03,45.460567474365234
2017-10-04,45.460567474365234
2017-10-05,45.460567474365234
2017-10-06,45.743995666503906
2017-10-09,45.743995666503906
2017-10-10,45.78693389892578
2017-10-11,45.78693389892578
2017-10-12,45.7697639465332
2017-10-13,45.7697639465332
2017-10-16,45.93295669555664
2017-10-17,45.93295669555664
2017-10-18,46.3881721496582
2017-10-19,46.3881721496582
2017-10-20,46.44828414916992
2017-10-23,46.62864303588867
2017-10-24,46.62864303588867
2017-10-25,46.62864303588867
2017-10-26,47.006553649902344
2017-10-27,47.006553649902344
2017-10-30,47.22986602783203
2017-10-31,47.22986602783203
2017-11-01,47.22986602783203
2017-11-02,47.22986602783203
2017-11-03,47.57341384887695
2017-11-06,47.57341384887695
2017-11-07,47.57341384887695
2017-11-08,47.57341384887695
2017-11-09,47.57341384887695
2017-11-10,47.57341384887695
2017-11-13,46.99797058105469
2017-11-14,46.99797058105469
2017-11-15,46.99797058105469
2017-11-16,46.99797058105469
2017-11-17,46.809017181396484
2017-11-20,46.9893798828125
2017-11-21,46.9893798828125
2017-11-22,46.9893798828125
2017-11-23,46.9893798828125
2017-11-24,46.9893798828125
2017-11-27,47.04091262817383
2017-11-28,47.04091262817383
2017-11-29,47.04091262817383
2017-11-30,47.59918975830078
2017-12-01,47.59918975830078
2017-12-04,47.64213180541992
2017-12-05,47.64213180541992
2017-12-06,47.23844909667969
2017-12-07,47.23844909667969
2017-12-08,47.95991134643555
2017-12-11,47.934146881103516
2017-12-12,47.934146881103516
2017-12-13,48.09734344482422
2017-12-14,48.09734344482422
2017-12-15,47.80531692504883
2017-12-18,48.363590240478516
2017-12-19,48.363590240478516
2017-12-20,47.934146881103516
2017-12-21,48.406532287597656
2017-12-22,48.406532287597656
2017-12-27,48.35499572753906
2017-12-28,48.35499572753906
2017-12-29,48.0887565612793
2018-01-03,48.08015823364258
2018-01-04,48.08015823364258
2018-01-05,48.84455490112305
2018-01-08,49.05069351196289
2018-01-09,49.05069351196289
2018-01-10,49.1108283996582
2018-01-11,49.1108283996582
2018-01-12,49.1108283996582
2018-01-15,49.23106002807617
2018-01-16,49.23106002807617
2018-01-17,49.23106002807617
2018-01-18,49.342708587646484
2018-01-19,49.342708587646484
2018-01-22,49.48872375488281
2018-01-23,49.8322868347168
2018-01-24,49.8322868347168
2018-01-25,48.5697135925293
2018-01-26,48.5697135925293
2018-01-29,48.5697135925293
2018-01-30,48.5697135925293
2018-01-31,48.25193405151367
2018-02-01,47.88261413574219
2018-02-02,47.59059143066406
2018-02-05,46.92066955566406
2018-02-06,46.224971771240234
2018-02-07,46.70595169067383
2018-02-08,46.70595169067383
2018-02-09,44.81641387939453
2018-02-12,45.288795471191406
2018-02-13,45.19431686401367
2018-02-14,45.19431686401367
2018-02-15,45.19431686401367
2018-02-16,45.19431686401367
2018-02-19,46.1992073059082
2018-02-20,46.23356628417969
2018-02-21,46.23356628417969
2018-02-22,46.23356628417969
2018-02-23,46.23356628417969
2018-02-26,47.04091262817383
2018-02-27,47.16974639892578
2018-02-28,47.16974639892578
2018-03-01,47.16974639892578
2018-03-02,45.32315444946289
2018-03-05,45.52927780151367
2018-03-06,46.482643127441406
2018-03-07,46.43968963623047
2018-03-08,46.43968963623047
2018-03-09,46.43968963623047
2018-03-12,47.77955627441406
2018-03-13,47.81390380859375
2018-03-14,47.384464263916016
2018-03-15,47.23844909667969
2018-03-16,47.23844909667969
2018-03-19,46.98078918457031
2018-03-20,46.90349197387695
2018-03-21,46.90349197387695
2018-03-22,46.90349197387695
2018-03-23,46.90349197387695
2018-03-26,45.280208587646484
2018-03-27,45.99308395385742
2018-03-28,45.99308395385742
2018-03-29,46.12191390991211
2018-04-03,46.12191390991211
2018-04-04,45.503517150878906
2018-04-05,46.87771987915039
2018-04-06,46.87771987915039
2018-04-09,46.389739990234375
2018-04-10,46.55516815185547
2018-04-11,46.624820709228516
2018-04-12,46.624820709228516
2018-04-13,46.624820709228516
2018-04-16,47.1211051940918
2018-04-17,47.3823127746582
2018-04-18,47.3823127746582
2018-04-19,47.95695877075195
2018-04-20,47.9743766784668
2018-04-23,47.99178695678711
2018-04-24,47.99178695678711
2018-04-25,47.99178695678711
2018-04-26,47.99178695678711
2018-04-27,47.99178695678711
2018-04-30,48.818931579589844
2018-05-02,48.818931579589844
2018-05-03,48.818931579589844
2018-05-04,48.818931579589844
2018-05-07,49.41099166870117
2018-05-08,49.3326416015625
2018-05-09,49.393577575683594
2018-05-11,49.9769287109375
2018-05-14,50.0814208984375
2018-05-15,50.0814208984375
2018-05-16,50.0814208984375
2018-05-17,50.0814208984375
2018-05-18,50.0814208984375
2018-05-22,49.855037689208984
2018-05-23,49.132381439208984
2018-05-24,49.593833923339844
2018-05-25,49.593833923339844
2018-05-28,49.593833923339844
2018-05-29,48.83634948730469
2018-05-30,48.83634948730469
2018-05-31,48.83634948730469
2018-06-01,48.83634948730469
2018-06-04,49.21073532104492
2018-06-05,49.21073532104492
2018-06-06,49.167198181152344
2018-06-07,49.167198181152344
2018-06-08,49.167198181152344
2018-06-11,49.680904388427734
2018-06-12,49.680904388427734
2018-06-13,49.680904388427734
2018-06-14,49.576419830322266
2018-06-15,49.93339157104492
2018-06-18,49.585140228271484
2018-06-19,49.585140228271484
2018-06-20,49.585140228271484
2018-06-21,49.52417755126953
2018-06-22,49.52417755126953
2018-06-25,48.479366302490234
2018-06-26,48.479366302490234
2018-06-27,48.479366302490234
2018-06-28,48.479366302490234
2018-06-29,48.479366302490234
2018-07-02,48.479366302490234
2018-07-03,48.90599060058594
2018-07-04,48.90599060058594
2018-07-05,48.97565460205078
2018-07-06,48.97565460205078
2018-07-09,49.376155853271484
2018-07-10,49.968231201171875
2018-07-11,49.968231201171875
2018-07-12,49.968231201171875
2018-07-13,49.968231201171875
2018-07-16,50.1597785949707
2018-07-17,50.1597785949707
2018-07-18,50.342620849609375
2018-07-19,50.342620849609375
2018-07-20,50.13365173339844
2018-07-23,49.915992736816406
2018-07-24,49.915992736816406
2018-07-25,49.915992736816406
2018-07-26,49.915992736816406
2018-07-27,49.915992736816406
2018-07-30,49.915992736816406
2018-07-31,50.02047348022461
2018-08-02,50.090126037597656
2018-08-03,50.39485168457031
2018-08-06,50.5864143371582
2018-08-07,50.865020751953125
2018-08-08,50.865020751953125
2018-08-09,50.7518424987793
2018-08-10,50.7518424987793
2018-08-13,50.003055572509766
2018-08-14,50.003055572509766
2018-08-15,50.003055572509766
2018-08-16,50.003055572509766
2018-08-17,50.02047348022461
2018-08-20,50.25555419921875
2018-08-21,50.064002990722656
2018-08-22,49.9769287109375
2018-08-23,49.9769287109375
2018-08-24,49.9769287109375
2018-08-27,49.9769287109375
2018-08-28,50.41227340698242
2018-08-29,50.41227340698242
2018-08-30,50.41227340698242
2018-08-31,49.65478515625
2018-09-03,49.767974853515625
2018-09-04,49.767974853515625
2018-09-05,49.767974853515625
2018-09-06,49.767974853515625
2018-09-07,49.767974853515625
2018-09-10,49.21944046020508
2018-09-11,49.22815704345703
2018-09-12,49.38488006591797
2018-09-13,49.38488006591797
2018-09-14,49.445823669433594
2018-09-17,49.21073532104492
2018-09-18,49.3326416015625
2018-09-19,49.74185562133789
2018-09-20,49.811500549316406
2018-09-21,49.811500549316406
2018-09-24,49.715721130371094
2018-09-25,49.715721130371094
2018-09-26,49.715721130371094
2018-09-27,50.65606689453125
2018-09-28,50.49933624267578
2018-10-01,51.03046417236328
2018-10-02,50.87372970581055
2018-10-03,51.204593658447266
2018-10-04,50.8824462890625
2018-10-05,50.569000244140625
2018-10-08,50.307796478271484
2018-10-09,50.168487548828125
2018-10-10,49.489349365234375
2018-10-11,48.24428939819336
2018-10-12,48.453250885009766
2018-10-15,47.861183166503906
2018-10-16,47.861183166503906
2018-10-17,48.775390625
2018-10-18,48.871177673339844
2018-10-19,48.78409957885742
2018-10-22,48.78409957885742
2018-10-23,47.82637023925781
2018-10-24,48.02661895751953
2018-10-25,47.451969146728516
2018-10-26,47.451969146728516
2018-10-29,47.652217864990234
2018-10-30,47.234310150146484
2018-10-31,47.234310150146484
2018-11-01,48.20945739746094
2018-11-02,48.566436767578125
2018-11-05,48.30522918701172
2018-11-06,48.549015045166016
2018-11-07,49.114967346191406
2018-11-08,49.437110900878906
2018-11-09,49.15849685668945
2018-11-12,48.801513671875
2018-11-13,48.74058151245117
2018-11-14,48.261695861816406
2018-11-15,47.67833709716797
2018-11-16,48.061439514160156
2018-11-19,47.68706130981445
2018-11-20,46.99051284790039
2018-11-21,46.755428314208984
2018-11-22,46.755428314208984
2018-11-23,46.642242431640625
2018-11-26,46.642242431640625
2018-11-27,47.12982177734375
2018-11-28,47.2517204284668
2018-11-29,47.4954948425293
2018-11-30,48.000492095947266
2018-12-03,49.03660583496094
2018-12-04,48.60125732421875
2018-12-05,48.60125732421875
2018-12-06,47.66093826293945
2018-12-07,46.050174713134766
2018-12-10,45.919578552246094
2018-12-11,46.47679901123047
2018-12-12,46.47679901123047
2018-12-13,46.58129119873047
2018-12-14,46.58129119873047
2018-12-17,45.36233901977539
2018-12-18,45.27527618408203
2018-12-19,45.27527618408203
2018-12-20,44.308807373046875
2018-12-21,43.74287033081055
2018-12-27,43.15517044067383
2018-12-28,43.751583099365234
2019-01-03,43.5948600769043
2019-01-04,44.5787239074707
2019-01-07,44.378482818603516
2019-01-08,44.99665451049805
2019-01-09,45.214332580566406
2019-01-10,45.25786590576172
2019-01-11,45.25786590576172
2019-01-14,45.388465881347656
2019-01-15,45.90216064453125
2019-01-16,45.90216064453125
2019-01-17,46.33749771118164
2019-01-18,46.50293731689453
2019-01-21,47.32136154174805
2019-01-22,47.32136154174805
2019-01-23,46.99051284790039
2019-01-24,46.88603210449219
2019-01-25,47.29524230957031
2019-01-28,46.973106384277344
2019-01-29,46.973106384277344
2019-01-30,47.3823127746582
2019-01-31,47.79153060913086
2019-02-01,48.02661895751953
2019-02-04,48.14850997924805
2019-02-05,48.73187255859375
2019-02-06,48.73187255859375
2019-02-07,48.73187255859375
2019-02-08,47.98308181762695
2019-02-11,48.29652404785156
2019-02-12,48.75798797607422
2019-02-13,49.19332504272461
2019-02-14,49.00177764892578
2019-02-15,49.41099166870117
2019-02-18,49.41099166870117
2019-02-19,49.41099166870117
2019-02-20,49.53289794921875
2019-02-21,49.53289794921875
2019-02-22,49.48065185546875
2019-02-25,49.48065185546875
2019-02-26,49.75926971435547
2019-02-27,49.75926971435547
2019-02-28,49.42840576171875
2019-03-01,49.785377502441406
2019-03-04,49.785377502441406
2019-03-05,49.84633255004883
2019-03-06,49.84633255004883
2019-03-07,49.82021713256836
2019-03-08,49.628658294677734
2019-03-11,49.40229415893555
2019-03-12,49.40229415893555
2019-03-13,49.99433898925781
2019-03-14,50.21201705932617
2019-03-15,50.21201705932617
2019-03-18,50.47321319580078
2019-03-19,50.447105407714844
2019-03-20,50.342620849609375
2019-03-21,49.82891845703125
2019-03-22,49.82891845703125
2019-03-25,49.28038787841797
2019-03-26,49.28038787841797
2019-03-27,49.75056457519531
2019-03-28,49.84633255004883
2019-03-29,50.064002990722656
2019-04-01,50.455814361572266
2019-04-02,50.455814361572266
2019-04-03,50.769264221191406
2019-04-04,51.0217399597168
2019-04-05,51.0217399597168
2019-04-08,51.178470611572266
2019-04-09,51.282955169677734
2019-04-10,51.282955169677734
2019-04-11,52.5074462890625
2019-04-12,51.4126091003418
2019-04-15,51.67963790893555
2019-04-16,52.133602142333984
2019-04-17,52.17809295654297
2019-04-18,52.17809295654297
2019-04-23,52.9346923828125
2019-04-24,52.9346923828125
2019-04-25,52.78337478637695
2019-04-26,52.78337478637695
2019-04-29,53.014801025390625
2019-04-30,52.89019012451172
2019-05-02,52.82787322998047
2019-05-03,52.82787322998047
2019-05-06,52.008975982666016
2019-05-07,52.008975982666016
2019-05-08,52.017879486083984
2019-05-09,51.6262321472168
2019-05-10,51.6262321472168
2019-05-13,50.20206832885742
2019-05-14,50.424591064453125
2019-05-15,50.424591064453125
2019-05-16,51.17228317260742
2019-05-17,51.17228317260742
2019-05-20,50.94975662231445
2019-05-21,51.17228317260742
2019-05-22,51.17228317260742
2019-05-23,50.522499084472656
2019-05-24,50.522499084472656
2019-05-27,50.63821792602539
2019-05-28,50.63821792602539
2019-05-29,50.63821792602539
2019-05-31,49.26744842529297
2019-06-03,49.18733596801758
2019-06-04,48.92920684814453
2019-06-05,49.632389068603516
2019-06-06,49.632389068603516
2019-06-07,49.85491943359375
2019-06-11,51.136680603027344
2019-06-12,51.136680603027344
2019-06-13,50.94084167480469
2019-06-14,50.82513427734375
2019-06-17,50.82513427734375
2019-06-18,51.11886978149414
2019-06-19,51.67963790893555
2019-06-20,51.67963790893555
2019-06-21,51.67963790893555
2019-06-24,51.4215087890625
2019-06-25,50.92304229736328
2019-06-26,50.718318939208984
2019-06-27,50.718318939208984
2019-06-28,50.92304229736328
2019-07-01,51.89326477050781
2019-07-02,51.98228454589844
2019-07-03,52.22260665893555
2019-07-04,52.45402908325195
2019-07-05,52.2671012878418
2019-07-08,52.2671012878418
2019-07-09,52.160301208496094
2019-07-10,52.160301208496094
2019-07-11,52.33831787109375
2019-07-12,52.4095344543457
2019-07-15,52.4095344543457
2019-07-16,52.4095344543457
2019-07-17,52.632057189941406
2019-07-18,52.632057189941406
2019-07-19,51.94667434692383
2019-07-22,51.8487663269043
2019-07-23,52.21371078491211
2019-07-24,52.25820541381836
2019-07-25,52.70326232910156
2019-07-26,52.70326232910156
2019-07-29,52.85457992553711
2019-07-30,52.4095344543457
2019-07-31,52.4095344543457
2019-08-02,51.04766082763672
2019-08-05,49.30305480957031
2019-08-06,49.27635955810547
2019-08-07,48.85799026489258
2019-08-08,48.85799026489258
2019-08-09,50.28217315673828
2019-08-12,49.676902770996094
2019-08-13,49.676902770996094
2019-08-14,49.98843765258789
2019-08-15,49.044918060302734
2019-08-16,49.044918060302734
2019-08-19,49.77480697631836
2019-08-20,50.291080474853516
2019-08-21,50.291080474853516
2019-08-22,50.495792388916016
2019-08-23,50.46019744873047
2019-08-26,49.68579864501953
2019-08-27,50.121952056884766
2019-08-28,49.810420989990234
2019-08-29,49.810420989990234
2019-08-30,50.65602111816406
2019-09-02,51.074371337890625
2019-09-03,50.65602111816406
2019-09-04,50.798439025878906
2019-09-05,51.29689025878906
2019-09-06,51.85765838623047
2019-09-09,52.089080810546875
2019-09-10,51.77755355834961
2019-09-11,52.42733383178711
2019-09-12,52.70326232910156
2019-09-13,52.70326232910156
2019-09-16,52.51634216308594
2019-09-17,52.632057189941406
2019-09-18,52.810081481933594
2019-09-19,52.988101959228516
2019-09-20,52.88127899169922
2019-09-23,52.40062713623047
2019-09-24,52.22260665893555
2019-09-25,51.59062194824219
2019-09-26,52.2671012878418
2019-09-27,52.365020751953125
2019-09-30,52.4095344543457
2019-10-01,52.801170349121094
2019-10-02,51.86656188964844
2019-10-03,51.05656051635742
2019-10-04,51.17228317260742
2019-10-07,51.5372314453125
2019-10-08,51.697444915771484
2019-10-09,51.30580139160156
2019-10-10,51.90216827392578
2019-10-11,52.88127899169922
2019-10-14,52.51634216308594
2019-10-15,52.89019012451172
2019-10-16,52.916893005371094
2019-10-17,52.997005462646484
2019-10-18,52.356117248535156
2019-10-21,52.578651428222656
2019-10-22,52.578651428222656
2019-10-23,52.85457992553711
2019-10-24,53.13051223754883
2019-10-25,53.005889892578125
2019-10-28,53.44205856323242
2019-10-29,53.62897872924805
2019-10-30,53.539974212646484
2019-10-31,53.148311614990234
2019-11-01,53.62007522583008
2019-11-04,54.1363410949707
2019-11-05,54.260948181152344
2019-11-06,54.225341796875
2019-11-07,54.43006896972656
2019-11-08,54.54579544067383
2019-11-11,54.45677947998047
2019-11-12,54.608097076416016
2019-11-13,54.260948181152344
2019-11-14,54.260948181152344
2019-11-15,54.634796142578125
2019-11-18,54.54579544067383
2019-11-19,54.69710922241211
2019-11-20,54.69710922241211
2019-11-21,54.46567153930664
2019-11-22,54.7683219909668
2019-11-25,55.204471588134766
2019-11-26,55.3201904296875
2019-11-27,55.6317138671875
2019-11-28,55.613914489746094
2019-11-29,55.69402313232422
2019-12-02,55.3201904296875
2019-12-03,53.81589126586914
2019-12-04,53.99391555786133
2019-12-05,54.31435775756836
2019-12-06,55.18666076660156
2019-12-09,55.017539978027344
2019-12-10,54.44786834716797
2019-12-11,54.73270034790039
2019-12-12,55.30238342285156
2019-12-13,55.09765625
2019-12-16,55.765235900878906
2019-12-17,55.71182632446289
2019-12-18,55.48930358886719
2019-12-19,55.34688186645508
2019-12-20,55.8453483581543
2019-12-23,55.86314010620117
2019-12-27,55.898746490478516
2019-12-30,55.21335983276367
2020-01-03,55.58721160888672
2020-01-06,55.10654830932617
2020-01-07,55.667327880859375
2020-01-08,55.39139175415039
2020-01-09,56.27259826660156
2020-01-10,56.14798355102539
2020-01-13,56.050071716308594
2020-01-14,56.041168212890625
2020-01-15,55.93436050415039
2020-01-16,56.11237335205078
2020-01-17,56.11237335205078
2020-01-20,56.655338287353516
2020-01-21,56.36160659790039
2020-01-22,56.699851989746094
2020-01-23,56.4862174987793
2020-01-24,56.610836029052734
2020-01-27,55.72962188720703
2020-01-28,55.667327880859375
2020-01-29,56.21918869018555
2020-01-30,55.30238342285156
2020-01-31,55.79193878173828
2020-02-03,55.27566909790039
2020-02-04,55.56940841674805
2020-02-05,56.370513916015625
2020-02-06,57.07369613647461
2020-02-07,56.88676452636719
2020-02-10,56.86896896362305
2020-02-11,57.483131408691406
2020-02-12,57.46533203125
2020-02-13,57.385231018066406
2020-02-14,57.83028793334961
2020-02-17,58.034996032714844
2020-02-18,57.527652740478516
2020-02-19,57.901493072509766
2020-02-20,57.340721130371094
2020-02-21,57.12709426879883
2020-02-24,55.284584045410156
2020-02-25,55.151058197021484
2020-02-26,54.2342529296875
2020-02-27,52.22260665893555
2020-02-28,49.258541107177734
2020-03-02,49.84601593017578
2020-03-03,51.76865005493164
2020-03-04,51.16337203979492
2020-03-05,50.61151885986328
2020-03-06,48.15481185913086
2020-03-09,45.511192321777344
2020-03-10,45.21745681762695
2020-03-11,45.28867721557617
2020-03-12,41.447853088378906
2020-03-13,41.10071563720703
2020-03-16,40.428672790527344
2020-03-17,40.62005615234375
2020-03-18,39.4406623840332
2020-03-19,40.38417434692383
2020-03-20,41.35438537597656
2020-03-23,37.891868591308594
2020-03-24,40.59779357910156
2020-03-25,42.734066009521484
2020-03-26,43.65531921386719
2020-03-27,42.83641815185547
2020-03-30,42.42697525024414
2020-03-31,43.9134521484375
2020-04-01,42.52933883666992
2020-04-02,42.186649322509766
2020-04-03,42.62724304199219
2020-04-06,44.19384002685547
2020-04-07,46.000755310058594
2020-04-08,44.7278938293457
2020-04-09,46.27668762207031
2020-04-14,46.606021881103516
2020-04-15,46.0363655090332
2020-04-16,45.75152587890625
2020-04-17,46.970977783203125
2020-04-20,46.85525131225586
2020-04-21,45.68031692504883
2020-04-22,46.29449462890625
2020-04-23,47.131187438964844
2020-04-24,46.95317077636719
2020-04-27,47.77206802368164
2020-04-28,48.0658073425293
2020-04-29,48.91141128540039
2020-04-30,49.34754943847656
2020-05-04,46.54372024536133
2020-05-05,47.78985595703125
2020-05-06,48.03020477294922
2020-05-07,48.288333892822266
2020-05-08,48.67107391357422
2020-05-11,49.18733596801758
2020-05-12,48.71558380126953
2020-05-13,47.90271759033203
2020-05-14,46.34601593017578
2020-05-15,47.33829879760742
2020-05-18,48.33969497680664
2020-05-19,48.922325134277344
2020-05-20,49.37750244140625
2020-05-22,48.867698669433594
2020-05-25,49.905494689941406
2020-05-26,50.16039276123047
2020-05-27,50.63376998901367
2020-05-28,51.00701141357422
2020-05-29,50.16039276123047
2020-06-02,51.398475646972656
2020-06-03,52.254207611083984
2020-06-04,52.12675857543945
2020-06-05,52.855037689208984
2020-06-08,53.2737922668457
2020-06-09,52.855037689208984
2020-06-10,52.317935943603516
2020-06-11,50.9979133605957
2020-06-12,50.55184555053711
2020-06-15,49.59597396850586
2020-06-16,52.02661895751953
2020-06-17,51.471309661865234
2020-06-18,51.462196350097656
2020-06-19,51.6624755859375
2020-06-22,51.12537384033203
2020-06-23,51.76261901855469
2020-06-24,50.89778137207031
2020-06-25,50.51542663574219
2020-06-26,50.24232864379883
2020-06-29,50.00563430786133
2020-06-30,50.71571350097656
2020-07-01,51.098060607910156
2020-07-02,51.70799255371094
2020-07-03,51.52592086791992
2020-07-06,52.16317367553711
2020-07-07,52.04481887817383
2020-07-08,51.462196350097656
2020-07-09,52.03572082519531
2020-07-10,51.389366149902344
2020-07-13,52.60014343261719
2020-07-14,51.871849060058594
2020-07-15,53.04621124267578
2020-07-16,52.754905700683594
2020-07-17,52.84593963623047
2020-07-20,53.02800750732422
2020-07-21,53.49228286743164
2020-07-22,52.73668670654297
2020-07-23,52.78221130371094
2020-07-24,51.89006805419922
2020-07-27,51.89006805419922
2020-07-28,51.68978500366211
2020-07-29,51.844547271728516
2020-07-30,50.95241165161133
2020-07-31,51.034332275390625
2020-08-03,52.345245361328125
2020-08-04,52.117652893066406
2020-08-05,52.272403717041016
2020-08-06,52.36344528198242
2020-08-07,52.73668670654297
2020-08-10,52.87324905395508
2020-08-11,53.464969635009766
2020-08-12,53.246498107910156
2020-08-13,53.301109313964844
2020-08-14,53.00979232788086
2020-08-17,53.01890563964844
2020-08-18,53.119041442871094
2020-08-19,53.72897720336914
2020-08-20,53.219181060791016
2020-08-21,53.34663009643555
2020-08-24,53.774497985839844
2020-08-25,53.847328186035156
2020-08-26,54.16594696044922
2020-08-27,54.55739974975586
2020-08-28,54.4936637878418
2020-08-31,54.37533187866211
2020-09-01,54.621124267578125
2020-09-02,55.467750549316406
2020-09-03,54.93973922729492
2020-09-04,52.946075439453125
2020-09-07,53.665252685546875
2020-09-08,53.32841873168945
2020-09-09,53.610633850097656
2020-09-10,53.556007385253906
2020-09-11,52.99159240722656
2020-09-14,53.373939514160156
2020-09-15,53.80179977416992
2020-09-16,53.91104507446289
2020-09-17,53.191864013671875
2020-09-18,53.13724899291992
2020-09-21,51.71710205078125
2020-09-22,52.354347229003906
2020-09-23,53.119041442871094
2020-09-24,52.19047927856445
2020-09-25,52.28151321411133
2020-09-28,53.756290435791016
2020-09-29,53.40125274658203
2020-09-30,53.756290435791016
2020-10-01,53.80179977416992
2020-10-02,53.5104866027832
2020-10-05,53.701663970947266
2020-10-06,53.965667724609375
2020-10-07,54.12043380737305
2020-10-08,54.69395065307617
2020-10-09,54.69395065307617
2020-10-12,55.33119201660156
2020-10-13,55.376712799072266
2020-10-14,55.385826110839844
2020-10-15,54.23877716064453
2020-10-16,55.06718826293945
2020-10-19,54.75768280029297
2020-10-20,54.0020751953125
2020-10-21,53.647037506103516
2020-10-22,53.71076583862305
2020-10-23,53.94745635986328
2020-10-26,52.763999938964844
2020-10-27,53.25558853149414
2020-10-28,52.518211364746094
2020-10-29,51.54412841796875
2020-10-30,51.40757369995117
2020-11-02,52.53641891479492
2020-11-03,52.73668670654297
2020-11-04,54.43905258178711
2020-11-05,55.02167510986328
2020-11-06,54.357112884521484
2020-11-09,57.079071044921875
2020-11-10,56.077674865722656
2020-11-11,57.151893615722656
2020-11-12,56.64210510253906
2020-11-13,56.70582962036133
2020-11-16,57.588863372802734
2020-11-17,57.288455963134766
2020-11-18,57.306663513183594
2020-11-19,56.99713134765625
2020-11-20,57.133689880371094
2020-11-23,57.3521728515625
2020-11-24,57.85287094116211
2020-11-25,57.77093505859375
2020-11-26,57.971221923828125
2020-11-27,58.016727447509766
2020-11-30,57.625274658203125
2020-12-01,57.9985237121582
2020-12-02,57.34307861328125
2020-12-03,57.306663513183594
2020-12-04,57.83466720581055
2020-12-07,57.625274658203125
2020-12-08,57.625274658203125
2020-12-09,57.78914260864258
2020-12-10,57.552459716796875
2020-12-11,57.069969177246094
2020-12-14,57.670799255371094
2020-12-15,57.45231628417969
2020-12-16,57.87106704711914
2020-12-17,58.19881057739258
2020-12-18,58.016727447509766
2020-12-21,57.261138916015625
2020-12-22,57.80734634399414
2020-12-23,58.26252746582031
2020-12-28,58.71769714355469
2020-12-29,58.76322555541992
2020-12-30,58.46281433105469
2021-01-04,58.217002868652344
2021-01-05,57.73452377319336
2021-01-06,58.96349334716797
2021-01-07,59.62804412841797
2021-01-08,59.97398376464844
2021-01-11,59.79192352294922
2021-01-12,59.93757247924805
2021-01-13,59.94668197631836
2021-01-14,60.247093200683594
2021-01-15,59.60985565185547
2021-01-18,59.62804412841797
2021-01-19,59.6735725402832
2021-01-20,59.9921989440918
2021-01-21,60.42006301879883
2021-01-22,60.09235382080078
2021-01-25,60.41096496582031
2021-01-26,60.34724044799805
2021-01-27,59.291229248046875
2021-01-28,59.655364990234375
2021-01-29,58.83605194091797
2021-02-01,59.13645935058594
2021-02-02,60.05591583251953
2021-02-03,60.647647857666016
2021-02-04,60.71137237548828
2021-02-05,61.67636489868164
2021-02-08,61.97676467895508
2021-02-09,61.539794921875
2021-02-10,61.66724395751953
2021-02-11,61.576202392578125
2021-02-12,61.87662124633789
2021-02-15,62.322689056396484
2021-02-16,62.30448532104492
2021-02-17,62.17704772949219
2021-02-18,61.867523193359375
2021-02-19,62.21345520019531
2021-02-22,61.74006271362305
2021-02-23,61.54888916015625
2021-02-24,62.63222122192383
2021-02-25,62.24076843261719
2021-02-26,61.029991149902344
2021-03-01,62.69593811035156
2021-03-02,62.89622116088867
2021-03-03,62.45014953613281
2021-03-04,62.51386260986328
2021-03-05,61.53068923950195
2021-03-08,62.81427764892578
2021-03-09,63.56077575683594
2021-03-10,63.806583404541016
2021-03-11,63.84297561645508
2021-03-12,64.12519073486328
2021-03-15,64.4620132446289
2021-03-16,64.65319061279297
2021-03-17,64.36189270019531
2021-03-18,64.74424743652344
2021-03-19,64.24354553222656
2021-03-22,64.08876037597656
2021-03-23,64.57128143310547
2021-03-24,64.41651153564453
2021-03-25,63.76103973388672
2021-03-26,64.99002075195312
2021-03-29,65.31776428222656
2021-03-30,65.22672271728516
2021-03-31,65.49982452392578
2021-04-01,66.091552734375
2021-04-06,66.45567321777344
2021-04-07,66.10067749023438
2021-04-08,66.27362060546875
2021-04-09,66.28272247314453
2021-04-12,66.27362060546875
2021-04-13,66.51032257080078
2021-04-14,66.53762817382812
2021-04-15,66.9472885131836
2021-04-16,67.02922821044922
2021-04-19,66.82894134521484
2021-04-20,66.30095672607422
2021-04-21,66.45567321777344
2021-04-22,66.66507720947266
2021-04-23,66.59225463867188
2021-04-26,66.9472885131836
2021-04-27,66.70149230957031
2021-04-28,66.81777954101562
2021-04-29,66.56892395019531
2021-04-30,66.55049896240234
2021-05-03,66.6334457397461
2021-05-04,65.61044311523438
2021-05-05,66.35697937011719
2021-05-06,65.94222259521484
2021-05-07,66.6150131225586
2021-05-10,66.4675521850586
2021-05-11,64.96530151367188
2021-05-12,65.38924407958984
2021-05-14,65.3247299194336
2021-05-17,65.38924407958984
2021-05-18,65.6749496459961
2021-05-19,64.40309143066406
2021-05-20,64.99295043945312
2021-05-21,65.94222259521484
2021-05-25,66.03437805175781
2021-05-26,66.0251693725586
2021-05-27,66.26480102539062
2021-05-28,66.6150131225586
2021-05-31,66.5412826538086
2021-06-01,66.35697937011719
2021-06-02,66.6334457397461
2021-06-03,66.73484802246094
2021-06-04,66.60580444335938
2021-06-07,66.95600128173828
2021-06-08,66.68872833251953
2021-06-09,66.76245880126953
2021-06-10,66.7440414428711
2021-06-11,66.7532730102539
2021-06-14,67.24171447753906
2021-06-15,67.19564056396484
2021-06-16,67.36152648925781
2021-06-17,67.96977996826172
2021-06-18,68.28313446044922
2021-06-21,67.65644073486328
2021-06-22,68.34765625
2021-06-23,68.58729553222656
2021-06-24,68.71630859375
2021-06-25,68.7531967163086
2021-06-28,69.121826171875
2021-06-29,69.14948272705078
2021-06-30,69.24164581298828
2021-07-01,69.3798828125
2021-07-02,69.70243835449219
2021-07-05,69.74852752685547
2021-07-06,69.58263397216797
2021-07-07,69.9503402709961
2021-07-08,69.70060729980469
2021-07-09,69.3305892944336
2021-07-12,69.70060729980469
2021-07-13,69.91334533691406
2021-07-14,69.59881591796875
2021-07-15,69.35832977294922
2021-07-16,69.30284118652344
2021-07-19,67.50830078125
2021-07-20,68.84032440185547
2021-07-21,69.21034240722656
2021-07-22,69.50634765625
2021-07-23,70.39436340332031
2021-07-26,70.005859375
2021-07-27,69.73760986328125
2021-07-28,69.83009338378906
2021-07-29,69.61734008789062
2021-07-30,69.37683868408203
2021-08-02,69.37683868408203
2021-08-03,69.23807525634766
2021-08-04,69.63583374023438
2021-08-05,69.81161499023438
2021-08-06,70.37586212158203
2021-08-09,70.64411163330078
2021-08-10,70.9678726196289
2021-08-11,71.11588287353516
2021-08-12,71.25463104248047
2021-08-13,71.48589324951172
2021-08-16,70.34809112548828
2021-08-17,70.54237365722656
2021-08-18,70.40361022949219
2021-08-19,69.41382598876953
2021-08-20,70.28337097167969
2021-08-23,70.671875
2021-08-24,70.58860778808594
2021-08-25,70.98638153076172
2021-08-26,71.11588287353516
2021-08-27,71.1621322631836
2021-08-30,71.31012725830078
2021-08-31,71.66165924072266
2021-09-01,71.81889343261719
2021-09-02,72.08715057373047
2021-09-03,72.00391387939453
2021-09-06,72.54966735839844
2021-09-07,72.13341522216797
2021-09-08,72.13341522216797
2021-09-09,71.86515808105469
2021-09-10,71.75413513183594
2021-09-13,71.68939971923828
2021-09-14,71.80964660644531
2021-09-15,71.01459503173828
2021-09-16,72.1568374633789
2021-09-17,72.20328521728516
2021-09-20,70.5781478881836
2021-09-21,71.04244232177734
2021-09-22,70.7174301147461
2021-09-23,71.15391540527344
2021-09-24,71.11674499511719
2021-09-27,71.5253677368164
2021-09-28,71.33963012695312
2021-09-29,70.60598754882812
2021-09-30,70.7174301147461
2021-10-01,69.60303497314453
2021-10-04,69.57518005371094
2021-10-05,69.90019226074219
2021-10-06,69.18514251708984
2021-10-07,70.2252426147461
2021-10-08,70.41096496582031
2021-10-11,70.23452758789062
2021-10-12,70.16952514648438
2021-10-13,70.09522247314453
2021-10-14,70.27165985107422
2021-10-15,71.32107543945312
2021-10-18,71.42322540283203
2021-10-19,72.02681732177734
2021-10-20,72.1382827758789
2021-10-21,71.86896514892578
2021-10-22,72.25899505615234
2021-10-25,72.25899505615234
2021-10-26,72.95549011230469
2021-10-27,72.43545532226562
2021-10-28,72.3239974975586
2021-10-29,72.50045013427734
2021-11-01,72.67689514160156
2021-11-02,72.89976501464844
2021-11-03,72.6676025390625
2021-11-04,73.25267028808594
2021-11-05,73.93987274169922
2021-11-08,73.82843017578125
2021-11-09,73.76341247558594
2021-11-10,73.5405502319336
2021-11-11,73.85628509521484
2021-11-12,74.05130004882812
2021-11-15,74.19989776611328
2021-11-16,74.77566528320312
2021-11-17,74.77566528320312
2021-11-18,74.58065032958984
2021-11-19,74.61779022216797
2021-11-22,75.17499542236328
2021-11-23,74.26490020751953
2021-11-24,74.58065032958984
2021-11-25,74.91496276855469
2021-11-26,71.9432601928711
2021-11-29,72.61188507080078
2021-11-30,72.09184265136719
2021-12-01,71.9618148803711
2021-12-02,71.38605499267578
2021-12-03,71.50679779052734
2021-12-06,71.88752746582031
2021-12-07,73.5312728881836
2021-12-08,73.55912780761719
2021-12-09,73.49702453613281
2021-12-10,73.14297485351562
2021-12-13,73.60884857177734
2021-12-14,72.2391586303711
2021-12-15,72.64911651611328
2021-12-16,73.6554183959961
2021-12-17,72.05280303955078
2021-12-20,70.96266174316406
2021-12-21,71.7825927734375
2021-12-22,72.98455810546875
2021-12-23,73.55294799804688
2021-12-27,73.70201110839844
2021-12-28,74.54060363769531
2021-12-29,73.9070053100586
2021-12-30,74.34492492675781
2022-01-03,74.07472229003906
2022-01-04,74.2703857421875
2022-01-05,74.29833221435547
2022-01-06,73.33861541748047
2022-01-07,73.40386199951172
2022-01-10,73.40386199951172
2022-01-11,73.33861541748047
2022-01-12,73.54361724853516
2022-01-13,73.27339172363281
2022-01-14,72.48141479492188
2022-01-17,72.63980865478516
2022-01-18,71.88507843017578
2022-01-19,71.71736907958984
2022-01-20,71.17695617675781
2022-01-21,69.50909423828125
2022-01-24,67.48719787597656
2022-01-25,67.77603912353516
2022-01-26,69.52775573730469
2022-01-27,69.9097671508789
2022-01-28,68.5028076171875
2022-01-31,70.45018005371094
2022-02-01,70.75765991210938
2022-02-02,71.26081085205078
2022-02-03,70.53401947021484
2022-02-04,70.34768676757812
2022-02-07,70.82288360595703
2022-02-08,70.51539611816406
2022-02-09,71.3912582397461
2022-02-10,71.69873046875
2022-02-11,71.23285675048828
2022-02-14,69.73271942138672
2022-02-15,70.58062744140625
2022-02-16,70.27313995361328
2022-02-17,70.0644760131836
2022-02-18,68.896728515625
2022-02-21,67.97185516357422
2022-02-22,68.35488891601562
2022-02-23,68.47632598876953
2022-02-24,66.27164459228516
2022-02-25,68.0185546875
2022-02-28,68.31752014160156
2022-03-01,68.19607543945312
2022-03-02,67.57015991210938
2022-03-03,68.59779357910156
2022-03-04,66.12216186523438
2022-03-07,66.27164459228516
2022-03-08,65.10388946533203
2022-03-09,66.2996826171875
2022-03-10,66.44914245605469
2022-03-11,67.16845703125
2022-03-14,66.70137786865234
2022-03-15,66.15019989013672
2022-03-16,68.6631851196289
2022-03-17,69.41053771972656
2022-03-18,69.91498565673828
2022-03-21,70.35404968261719
2022-03-22,70.62496948242188
2022-03-23,70.7183837890625
2022-03-24,70.61563110351562
2022-03-25,70.72772216796875
2022-03-28,71.40036010742188
2022-03-29,72.27850341796875
2022-03-30,71.89546966552734
2022-03-31,71.2789306640625
2022-04-01,71.20417785644531
2022-04-04,70.9986572265625
2022-04-05,71.48441314697266
2022-04-06,70.17657470703125
2022-04-07,70.0644760131836
2022-04-08,70.8585205078125
2022-04-11,70.10182189941406
2022-04-12,69.57868194580078
2022-04-13,69.5506591796875
2022-04-14,70.39141845703125
2022-04-19,70.0644760131836
2022-04-20,71.34431457519531
2022-04-21,71.89546966552734
2022-04-22,70.55957794189453
2022-04-25,68.50436401367188
2022-04-26,69.25170135498047
2022-04-27,68.46697998046875
2022-04-28,69.36380767822266
2022-04-29,69.47592163085938
2022-05-02,68.31752014160156
2022-05-03,68.7379150390625
2022-05-04,69.36380767822266
2022-05-05,70.41944885253906
2022-05-06,68.19607543945312
2022-05-09,67.63554382324219
2022-05-10,67.26187896728516
2022-05-11,66.32769012451172
2022-05-12,65.57099914550781
2022-05-13,68.0185546875
2022-05-16,67.91583251953125
2022-05-17,68.7752685546875
2022-05-18,68.02790069580078
2022-05-19,64.45929718017578
2022-05-20,65.65505981445312
2022-05-23,65.7391586303711
2022-05-24,64.45929718017578
2022-05-25,65.16929626464844
2022-05-27,66.43980407714844
2022-05-30,68.45764923095703
2022-05-31,67.46739959716797
2022-06-01,67.94386291503906
2022-06-02,67.08435821533203
2022-06-03,67.35530090332031
2022-06-07,68.15869903564453
2022-06-08,68.57975769042969
2022-06-09,68.47654724121094
2022-06-10,66.6658935546875
2022-06-13,64.45184326171875
2022-06-14,63.65439987182617
2022-06-15,64.32049560546875
2022-06-16,60.98063659667969
2022-06-17,60.4177360534668
2022-06-20,61.15889358520508
2022-06-21,61.77806854248047
2022-06-22,61.918785095214844
2022-06-23,61.45909881591797
2022-06-24,62.397254943847656
2022-06-27,63.28851318359375
2022-06-28,63.19470977783203
2022-06-29,61.86251449584961
2022-06-30,60.91495132446289
2022-07-01,61.215171813964844
2022-07-04,61.92816925048828
2022-07-05,61.44972610473633
2022-07-06,62.42540740966797
2022-07-07,63.61687469482422
2022-07-08,63.70132064819336
2022-07-11,63.598114013671875
2022-07-12,63.513668060302734
2022-07-13,62.7443733215332
2022-07-14,62.1627311706543
2022-07-15,63.24159240722656
2022-07-18,63.88893508911133
2022-07-19,62.856971740722656
2022-07-20,64.50814056396484
2022-07-21,64.84585571289062
2022-07-22,64.8552474975586
2022-07-25,64.46121978759766
2022-07-26,63.9639892578125
2022-07-27,64.49874877929688
2022-07-28,65.07101440429688
2022-07-29,65.95291137695312
2022-08-02,65.69959259033203
2022-08-03,66.81600952148438
2022-08-04,66.67528533935547
2022-08-05,66.62838745117188
2022-08-08,66.98487854003906
2022-08-09,66.37507629394531
2022-08-10,65.91889953613281
2022-08-11,66.76763916015625
2022-08-12,66.90911102294922
2022-08-15,67.4937973022461
2022-08-16,67.98416900634766
2022-08-17,67.86157989501953
2022-08-18,67.8993148803711
2022-08-19,68.10678100585938
2022-08-22,66.87139129638672
2022-08-23,66.76763916015625
2022-08-24,66.87139129638672
2022-08-25,67.00341796875
2022-08-26,67.30518341064453
2022-08-29,65.07015228271484
2022-08-30,65.53225708007812
2022-08-31,65.40023040771484
2022-09-01,64.35344696044922
2022-09-02,65.3436508178711
2022-09-05,64.41946411132812
2022-09-06,64.54206085205078
2022-09-07,64.3345947265625
2022-09-08,64.8249740600586
2022-09-09,64.66465759277344
2022-09-12,65.3436508178711
2022-09-13,64.12712860107422
2022-09-14,63.51413345336914
2022-09-15,63.3726806640625
2022-09-16,62.39191818237305
2022-09-19,62.87287139892578
2022-09-20,62.38248062133789
2022-09-21,62.47677993774414
2022-09-22,61.88268280029297
2022-09-23,60.27005386352539
2022-09-26,60.69443893432617
2022-09-27,60.94905471801758
2022-09-28,59.91169738769531
2022-09-29,59.525047302246094
2022-09-30,59.63822555541992
2022-10-03,60.58126449584961
2022-10-04,62.26931381225586
2022-10-05,62.03355407714844
2022-10-06,62.12784957885742
2022-10-07,61.175384521484375
2022-10-10,60.62841796875
2022-10-11,60.119171142578125
2022-10-12,60.119171142578125
2022-10-13,59.14783477783203
2022-10-14,61.53373718261719
2022-10-17,60.91132736206055
2022-10-18,61.84495162963867
2022-10-19,61.99583435058594
2022-10-20,62.25044631958008
2022-10-21,61.88268280029297
2022-10-24,62.99545669555664
2022-10-25,63.26893615722656
2022-10-26,63.51413345336914
2022-10-27,63.731056213378906
2022-10-28,63.16521453857422
2022-10-31,64.79669189453125
2022-11-01,64.93814086914062
2022-11-02,64.23087310791016
2022-11-03,63.36325454711914
2022-11-04,63.30667495727539
2022-11-07,63.184078216552734
2022-11-08,64.09883880615234
2022-11-09,63.542625427246094
2022-11-10,64.34770965576172
2022-11-11,64.22456359863281
2022-11-14,63.855194091796875
2022-11-15,64.49922943115234
2022-11-16,63.86465835571289
2022-11-17,63.4573974609375
2022-11-18,64.00674438476562
2022-11-21,64.27192687988281
2022-11-22,64.37611389160156
2022-11-23,64.48028564453125
2022-11-24,64.8307113647461
2022-11-25,65.13380432128906
2022-11-28,64.48976135253906
2022-11-29,64.15826416015625
2022-11-30,64.26244354248047
2022-12-01,65.29480743408203
2022-12-02,65.01068115234375
2022-12-05,64.75496673583984
2022-12-06,63.940433502197266
2022-12-07,63.46687316894531
2022-12-08,63.4763298034668
2022-12-09,63.3437385559082
2022-12-12,62.983829498291016
2022-12-13,64.20562744140625
2022-12-14,63.86465835571289
2022-12-15,62.22612380981445
2022-12-16,61.54420852661133
2022-12-19,61.373722076416016
2022-12-20,60.947509765625
2022-12-21,61.5252571105957
2022-12-22,61.0611686706543
2022-12-23,61.35477066040039
2022-12-27,61.46842956542969
2022-12-28,61.14640808105469
2022-12-29,60.80543899536133
2022-12-30,61.004337310791016
2023-01-03,62.33977508544922
2023-01-04,61.771507263183594
2023-01-05,61.885162353515625
2023-01-06,62.30189895629883
2023-01-09,62.6523323059082
2023-01-10,62.43449783325195
2023-01-11,63.561561584472656
2023-01-12,64.167724609375
2023-01-13,64.2908706665039
2023-01-16,64.25296020507812
2023-01-17,64.0824966430664
2023-01-18,63.4573974609375
2023-01-19,62.510257720947266
2023-01-20,63.400569915771484
2023-01-23,63.98779296875
2023-01-24,64.59394836425781
2023-01-25,64.01618194580078
2023-01-26,64.62237548828125
2023-01-27,65.0675048828125
2023-01-30,64.81178283691406
2023-01-31,64.76441955566406
2023-02-01,64.84966278076172
2023-02-02,65.92937469482422
2023-02-03,66.35559844970703
2023-02-06,66.00516510009766
2023-02-07,65.67366790771484
2023-02-08,65.97096252441406
2023-02-09,66.01847076416016
2023-02-10,64.91643524169922
2023-02-13,65.83796691894531
2023-02-14,65.7144546508789
2023-02-15,65.79046630859375
2023-02-16,65.75245666503906
2023-02-17,65.4389419555664
2023-02-20,65.4389419555664
2023-02-21,65.10643768310547
2023-02-22,64.60292053222656
2023-02-23,65.1539306640625
2023-02-24,64.47940826416016
2023-02-27,65.19194030761719
2023-02-28,64.92591857910156
2023-03-01,64.90692901611328
2023-03-02,64.66941833496094
2023-03-03,65.6954574584961
2023-03-06,65.89495849609375
2023-03-07,65.8759536743164
2023-03-08,65.3819351196289
2023-03-09,65.04944610595703
2023-03-10,62.82632827758789
2023-03-13,61.18274688720703
2023-03-14,62.588809967041016
2023-03-15,61.66728210449219
2023-03-16,63.26333999633789
2023-03-17,62.70281219482422
2023-03-20,62.84532928466797
2023-03-21,63.69086456298828
2023-03-22,63.928367614746094
2023-03-23,63.30134201049805
2023-03-24,62.67432403564453
2023-03-27,63.405845642089844
2023-03-28,63.462860107421875
2023-03-29,64.15638732910156
2023-03-30,64.37489318847656
2023-03-31,64.81192016601562
2023-04-03,65.19194030761719
2023-04-04,64.84040832519531
2023-04-05,64.16590118408203
2023-04-06,64.30840301513672
2023-04-11,64.72640991210938
2023-04-12,64.40338897705078
2023-04-13,63.78586959838867
2023-04-14,64.53640747070312
2023-04-17,64.73592376708984
2023-04-18,65.21092987060547
2023-04-19,64.8214111328125
2023-04-20,64.47940826416016
2023-04-21,64.47940826416016
2023-04-24,64.17538452148438
2023-04-25,63.99488830566406
2023-04-26,63.1778450012207
2023-04-27,63.985389709472656
2023-04-28,64.26087188720703
2023-05-02,64.21339416503906
2023-05-03,63.937889099121094
2023-05-04,62.911827087402344
2023-05-05,64.35589599609375
2023-05-08,64.25138854980469
2023-05-09,64.27989196777344
2023-05-10,64.27989196777344
2023-05-11,64.25138854980469
2023-05-12,64.44142150878906
2023-05-15,64.53640747070312
2023-05-16,64.35589599609375
2023-05-17,64.6504135131836
2023-05-19,65.41043853759766
2023-05-22,65.57195281982422
2023-05-23,65.45795440673828
2023-05-24,64.89508056640625
2023-05-25,64.89508056640625
2023-05-26,65.3531723022461
2023-05-30,65.79216766357422
2023-05-31,65.4963150024414
2023-06-01,65.56311798095703
2023-06-02,66.97554779052734
2023-06-05,66.80376434326172
2023-06-06,66.80376434326172
2023-06-07,66.99463653564453
2023-06-08,66.30750274658203
2023-06-09,66.71788024902344
2023-06-12,67.22367095947266
2023-06-13,68.17801666259766
2023-06-14,68.09210968017578
2023-06-15,67.71992492675781
2023-06-16,68.2638931274414
2023-06-19,67.94895935058594
2023-06-20,67.9394302368164
2023-06-21,67.28094482421875
2023-06-22,67.29047393798828
2023-06-23,66.8801040649414
2023-06-26,66.64151763916016
2023-06-27,66.8991928100586
2023-06-28,67.31909942626953
2023-06-29,67.41454315185547
2023-06-30,68.19709014892578
2023-07-03,68.40705871582031
2023-07-04,68.3879623413086
2023-07-05,68.35932922363281
2023-07-06,67.08051300048828
2023-07-07,67.25228881835938
2023-07-10,66.70832824707031
2023-07-11,66.69878387451172
2023-07-12,66.91828155517578
2023-07-13,66.66059875488281
2023-07-14,66.74649047851562
2023-07-17,66.74649047851562
2023-07-18,66.71788024902344
2023-07-19,67.11869049072266
2023-07-20,67.52906799316406
2023-07-21,67.54814147949219
2023-07-24,67.38591003417969
2023-07-25,67.9394302368164
2023-07-26,67.38591003417969
2023-07-27,67.59586334228516
2023-07-28,68.17801666259766
2023-07-31,68.42613983154297
2023-08-02,67.75808715820312
2023-08-03,67.22367095947266
2023-08-04,67.18550109863281
2023-08-07,67.48135375976562
2023-08-08,66.91828155517578
2023-08-09,67.37635803222656
2023-08-10,67.22367095947266
2023-08-11,67.3095474243164
2023-08-14,67.07096099853516
2023-08-15,66.49837493896484
2023-08-16,66.59380340576172
2023-08-17,65.96394348144531
2023-08-18,65.45814514160156
2023-08-21,65.61083221435547
2023-08-22,65.94483947753906
2023-08-23,66.14505767822266
2023-08-24,66.30816650390625
2023-08-25,66.0970687866211
2023-08-28,66.81675720214844
2023-08-29,67.0086898803711
2023-08-30,67.44049072265625
2023-08-31,68.1410140991211
2023-09-01,68.11223602294922
2023-09-04,68.12181854248047
2023-09-05,68.22737884521484
2023-09-06,68.04505920410156
2023-09-07,67.72838592529297
2023-09-08,67.3637466430664
2023-09-11,68.02586364746094
2023-09-12,68.1410140991211
2023-09-13,67.9970703125
2023-09-14,68.1889877319336
2023-09-15,68.72636413574219
2023-09-18,68.38090515136719
2023-09-19,68.13140869140625
2023-09-20,68.35212707519531
2023-09-21,67.44049072265625
2023-09-22,67.6036376953125
2023-09-25,67.17182159423828
2023-09-26,67.40213775634766
2023-09-27,67.47888946533203
2023-09-28,67.24858856201172
2023-09-29,67.53646850585938
2023-10-02,67.2293930053711
2023-10-03,66.70162963867188
2023-10-04,66.24100494384766
2023-10-05,66.27940368652344
2023-10-06,66.077880859375
2023-10-09,66.32737731933594
2023-10-10,67.5844497680664
2023-10-11,67.42131042480469
2023-10-12,67.67081451416016
2023-10-13,67.23898315429688
2023-10-16,67.14303588867188
2023-10-17,66.73040008544922
2023-10-18,66.62484741210938
2023-10-19,65.55009460449219
2023-10-20,64.25464630126953
2023-10-23,64.2834243774414
2023-10-24,64.7056655883789
2023-10-25,64.19705963134766
2023-10-26,63.65968704223633
2023-10-27,63.909183502197266
2023-10-30,63.966758728027344
2023-10-31,64.76323699951172
2023-11-01,65.4157485961914
2023-11-02,66.11626434326172
2023-11-03,66.76879119873047
2023-11-06,67.05665588378906
2023-11-07,67.07586669921875
2023-11-08,66.92233276367188
2023-11-09,67.29656982421875
2023-11-10,67.12383270263672
2023-11-13,67.46929168701172
2023-11-14,68.32333374023438
2023-11-15,68.28048706054688
2023-11-16,67.91442108154297
2023-11-17,68.29974365234375
2023-11-20,68.24195098876953
2023-11-21,68.4538803100586
2023-11-22,68.78141784667969
2023-11-23,68.75251770019531
2023-11-24,68.76214599609375
2023-11-27,68.60802459716797
2023-11-28,68.32864379882812
2023-11-29,68.31902313232422
2023-11-30,67.7699203491211
2023-12-01,68.29974365234375
2023-12-04,68.29974365234375
2023-12-05,68.23233032226562
2023-12-06,68.6272964477539
2023-12-07,68.6850814819336
2023-12-08,69.166748046875
2023-12-11,69.2727279663086
2023-12-12,69.33052062988281
2023-12-13,69.51354217529297
2023-12-14,70.19751739501953
2023-12-15,70.13008117675781
2023-12-18,70.22640228271484
2023-12-19,70.22640228271484
2023-12-20,70.47687530517578
2023-12-21,69.6195068359375
2023-12-22,70.03376007080078
2023-12-27,69.22454071044922
2023-12-28,68.89701080322266
2023-12-29,68.75251770019531
2024-01-03,68.79104614257812
2024-01-04,68.80067443847656
2024-01-05,68.67545318603516
2024-01-08,68.77177429199219
2024-01-09,69.22454071044922
2024-01-10,69.49427795410156
2024-01-11,69.7158432006836
2024-01-12,69.74474334716797
2024-01-15,70.03376007080078
2024-01-16,70.03376007080078
2024-01-17,70.03376007080078
2024-01-18,70.48650360107422
2024-01-19,71.14156341552734
2024-01-22,71.90258026123047
2024-01-23,71.5846939086914
2024-01-24,71.90258026123047
2024-01-25,72.1241683959961
2024-01-26,71.93148040771484
2024-01-29,71.89295196533203
2024-01-30,72.23975372314453
2024-01-31,71.55577850341797
2024-02-01,71.67139434814453
2024-02-02,72.30718994140625
2024-02-05,72.67325592041016
2024-02-06,73.10674285888672
2024-02-07,73.34758758544922
2024-02-08,73.91593933105469
2024-02-09,74.17604064941406
2024-02-12,74.70586395263672
2024-02-13,74.49393463134766
2024-02-14,74.63843536376953
2024-02-15,74.85037231445312
2024-02-16,75.13935852050781
2024-02-19,75.05266571044922
2024-02-20,74.62879943847656
2024-02-21,74.42916870117188
2024-02-22,75.85450744628906
2024-02-23,76.32963562011719
2024-02-26,76.11632537841797
2024-02-27,76.0290756225586
2024-02-28,75.7769546508789
2024-02-29,75.99996185302734
2024-03-01,76.9502182006836
2024-03-04,77.06656646728516
2024-03-05,76.78538513183594
2024-03-06,76.95989990234375
2024-03-07,77.27017974853516
2024-03-08,77.28958129882812
2024-03-11,76.53327178955078
2024-03-12,77.4447250366211
2024-03-13,77.43502807617188
2024-03-14,77.5998764038086
2024-03-15,77.19261932373047
2024-03-18,77.90044403076172
2024-03-19,78.01680755615234
2024-03-20,78.5888900756836
2024-03-21,80.30516052246094
2024-03-22,79.97549438476562
2024-03-25,79.90760803222656
2024-03-26,80.37301635742188
2024-03-27,80.47969055175781
2024-03-28,80.4893798828125
2024-04-02,79.90760803222656
2024-04-03,80.5766372680664
2024-04-04,80.86753845214844
2024-04-05,79.62639617919922
2024-04-08,80.37301635742188
2024-04-09,79.84941864013672
2024-04-10,80.198486328125
2024-04-11,79.79124450683594
2024-04-12,79.9560775756836
2024-04-15,79.8397216796875
2024-04-16,78.14286041259766
2024-04-17,78.19133758544922
2024-04-18,77.57078552246094
2024-04-19,77.32836151123047
2024-04-22,77.52229309082031
2024-04-23,78.54041290283203
2024-04-24,78.85070037841797
2024-04-25,78.00711059570312
2024-04-26,79.09309387207031
2024-04-29,79.35490417480469
2024-04-30,79.4421615600586
2024-05-02,78.6955795288086
2024-05-03,78.83131408691406
2024-05-06,79.66519165039062
2024-05-07,80.29544830322266
2024-05-08,80.18878936767578
2024-05-10,81.00328826904297
2024-05-13,80.88693237304688
2024-05-14,80.916015625
2024-05-15,81.497802734375
2024-05-16,82.06987762451172
2024-05-17,82.13775634765625
2024-05-21,82.4577407836914
2024-05-22,82.77406311035156
2024-05-23,82.4528579711914
2024-05-24,82.58914184570312
2024-05-27,82.71568298339844
2024-05-28,82.24845886230469
2024-05-29,81.76178741455078
2024-05-30,80.98310852050781
2024-05-31,80.35042572021484
2024-06-03,80.78843688964844
2024-06-04,79.81507873535156
2024-06-05,80.72029113769531
2024-06-06,81.22644805908203
2024-06-07,81.31404113769531
2024-06-10,81.20697784423828
2024-06-11,81.2556381225586
2024-06-12,82.00511932373047
2024-06-13,82.05380249023438
2024-06-14,81.0707015991211
2024-06-17,81.29457092285156
2024-06-18,81.45030975341797
2024-06-19,81.34324645996094
2024-06-20,82.08300018310547
2024-06-21,81.81046295166016
2024-06-24,82.22899627685547
2024-06-25,81.96619415283203
2024-06-26,82.07324981689453
2024-06-27,82.42365264892578
2024-06-28,82.91034698486328
2024-07-01,82.91034698486328
2024-07-02,83.20234680175781
2024-07-03,83.65008544921875
2024-07-04,83.83502197265625
2024-07-05,83.70848846435547
2024-07-08,83.932373046875
2024-07-09,83.87397003173828
2024-07-10,84.12703704833984
2024-07-11,84.80838775634766
2024-07-12,84.38984680175781
2024-07-15,85.07119750976562
2024-07-16,84.99331665039062
2024-07-17,83.46516418457031
2024-07-18,83.22180938720703
2024-07-19,83.14393615722656
2024-07-22,83.00768280029297
2024-07-23,83.76689147949219
2024-07-24,81.67418670654297
2024-07-25,80.69108581542969
2024-07-26,81.20697784423828
2024-07-29,81.56712341308594
2024-07-30,81.38218688964844
2024-07-31,82.19005584716797
2024-08-02,76.84634399414062
2024-08-05,74.80229187011719
2024-08-06,75.28897857666016
2024-08-07,77.33302307128906
2024-08-08,75.483642578125
2024-08-09,77.84890747070312
2024-08-12,78.5205078125
2024-08-13,78.90011596679688
2024-08-14,79.32839965820312
2024-08-15,81.3724365234375
2024-08-16,80.9247055053711
2024-08-19,81.34324645996094
2024-08-20,81.39190673828125
2024-08-21,81.01840209960938
2024-08-22,80.75437927246094
2024-08-23,80.88150024414062
2024-08-26,80.72505187988281
2024-08-27,80.44146728515625
2024-08-28,80.578369140625
2024-08-29,81.0379638671875
2024-08-30,80.8619613647461
2024-09-02,81.5562515258789
2024-09-03,80.44146728515625
2024-09-04,79.512451171875
2024-09-05,79.27776336669922
2024-09-06,77.72291564941406
2024-09-09,78.26074981689453
2024-09-10,78.50521850585938
2024-09-11,77.7815933227539
2024-09-12,80.44146728515625
2024-09-13,80.27521514892578
2024-09-16,80.18720245361328
2024-09-17,80.96953582763672
2024-09-18,80.43167877197266
2024-09-19,82.03541564941406
2024-09-20,81.7518310546875
2024-09-23,82.03541564941406
2024-09-24,82.0940933227539
2024-09-25,82.35812377929688
2024-09-26,82.91552734375
2024-09-27,82.33855438232422
2024-09-30,82.16255187988281
2024-10-01,81.5562515258789
2024-10-02,82.11366271972656
2024-10-03,82.02564239501953
2024-10-04,82.79817199707031
2024-10-07,82.79817199707031
2024-10-08,83.10132598876953
2024-10-09,83.00352478027344
2024-10-10,83.36534881591797
2024-10-11,83.8836441040039
2024-10-14,84.94953918457031
2024-10-15,84.42149353027344
2024-10-16,84.42149353027344
2024-10-17,85.00821685791016
2024-10-18,85.03754425048828
2024-10-21,84.55839538574219
2024-10-22,84.529052734375
2024-10-23,84.39214324951172
2024-10-24,84.25524139404297
2024-10-25,84.48992919921875
2024-10-28,84.49971008300781
2024-10-29,84.73441314697266
2024-10-30,84.6072769165039
2024-10-31,82.87640380859375
2024-11-01,83.96187591552734
2024-11-04,82.94486999511719
2024-11-05,83.53160095214844
2024-11-06,85.85899353027344
2024-11-07,86.6021728515625
2024-11-08,86.83687591552734
2024-11-11,87.68763732910156
2024-11-12,87.45294952392578
2024-11-13,87.47164916992188
2024-11-14,88.09952545166016
2024-11-15,86.5003890991211
2024-11-18,86.5494613647461
2024-11-19,86.3336181640625
2024-11-20,86.09817504882812
2024-11-21,86.88301086425781
2024-11-22,88.28593444824219
2024-11-25,88.40365600585938
2024-11-26,87.99160766601562
2024-11-27,87.90330505371094
2024-11-28,88.05048370361328
2024-11-29,88.18782043457031
2024-12-02,88.91381072998047
2024-12-03,88.86475372314453
2024-12-04,89.16889190673828
2024-12-05,89.15907287597656
2024-12-06,88.96287536621094
2024-12-09,88.68817138671875
2024-12-10,88.7862777709961
2024-12-11,88.63911437988281
2024-12-12,89.66923522949219
2024-12-13,89.76734161376953
2024-12-16,89.88507080078125
2024-12-17,89.75753021240234
2024-12-18,89.54168701171875
2024-12-19,87.70710754394531
2024-12-20,87.71692657470703
2024-12-23,87.82483673095703
2024-12-27,88.91381072998047
2024-12-30,88.35460662841797
2025-01-03,89.02173614501953
2025-01-06,90.0027847290039
2025-01-07,89.20813751220703
2025-01-08,89.07078552246094
2025-01-09,89.46321105957031
2025-01-10,88.57044219970703
2025-01-13,88.22706604003906
2025-01-14,88.49195098876953
2025-01-15,89.55149841308594
2025-01-16,89.76734161376953
2025-01-17,90.66011047363281
2025-01-20,90.67973327636719
2025-01-21,90.9151840209961
2025-01-22,91.70985412597656
2025-01-23,91.77851867675781
2025-01-24,91.96492004394531
2025-01-27,90.30692291259766
2025-01-28,90.85631561279297
2025-01-29,91.3076171875
2025-01-30,91.71965789794922
2025-01-31,92.5633773803711
2025-02-03,91.05253601074219
2025-02-04,91.1702651977539
2025-02-05,90.60124969482422
2025-02-06,91.89624786376953
2025-02-07,92.0335922241211
2025-02-10,92.2690658569336
2025-02-11,92.2984848022461
2025-02-12,92.2984848022461
2025-02-13,92.08264923095703
2025-02-14,92.07283782958984
2025-02-17,92.6124267578125
2025-02-18,92.84788513183594
2025-02-19,92.46327209472656
2025-02-20,91.80421447753906
2025-02-21,91.6468276977539
2025-02-24,90.16152954101562
2025-02-25,89.28607177734375
2025-02-26,90.20086669921875
2025-02-27,90.4664535522461
2025-02-28,89.59101104736328
2025-03-03,90.25989532470703
2025-03-04,86.8171157836914
2025-03-05,87.54500579833984
2025-03-06,87.55484771728516
2025-03-07,85.84329223632812
2025-03-10,84.83997344970703
2025-03-11,83.83665466308594
2025-03-12,84.87931823730469
2025-03-13,84.45635223388672
2025-03-14,85.3514633178711
2025-03-17,85.51868438720703
2025-03-18,84.92849731445312
2025-03-19,85.67607879638672
2025-03-20,86.32528686523438
2025-03-21,85.67607879638672
2025-03-24,87.05318450927734
2025-03-25,87.05318450927734
2025-03-26,86.55152893066406
2025-03-27,86.3646240234375
2025-03-28,84.38748931884766
2025-03-31,84.10223388671875
2025-04-01,84.5153579711914
2025-04-02,85.10555267333984
2025-04-03,80.20697784423828
2025-04-04,76.23301696777344
2025-04-07,74.41326141357422
2025-04-08,75.75102996826172
2025-04-09,71.9344482421875
2025-04-10,74.42311096191406
2025-04-11,73.36074829101562
2025-04-14,75.69200134277344
2025-04-15,76.48876190185547
2025-04-16,75.62316131591797
2025-04-17,75.32805633544922
2025-04-22,74.72802734375
2025-04-23,78.09211730957031
2025-04-24,78.22982788085938
2025-04-25,78.86919403076172
2025-04-28,78.72164916992188
2025-04-29,79.01675415039062
2025-04-30,78.8790512084961
2025-05-02,80.94470977783203
2025-05-05,80.71846771240234
2025-05-06,80.68895721435547
2025-05-07,80.18729400634766
2025-05-08,81.06275939941406
2025-05-09,81.69229125976562
2025-05-12,84.24979400634766
2025-05-13,85.08588409423828
2025-05-14,85.06621551513672
2025-05-15,84.86946868896484
2025-05-16,85.19408416748047
2025-05-19,84.61373138427734
2025-05-20,85.23343658447266
2025-05-21,84.53650665283203
2025-05-22,83.85538482666016
2025-05-23,82.4142074584961
2025-05-26,83.53952026367188
2025-05-27,84.27984619140625
2025-05-28,84.28972625732422
2025-05-30,83.90474700927734
2025-06-02,83.59874725341797
2025-06-03,84.58586120605469
2025-06-04,84.88198852539062
2025-06-05,84.72405242919922
2025-06-06,85.28671264648438
2025-06-10,85.47425842285156
2025-06-11,85.68155670166016
2025-06-12,84.87213134765625
2025-06-13,84.3193359375
2025-06-16,84.26011657714844
2025-06-17,84.34894561767578
2025-06-18,84.41805267333984
2025-06-19,83.8257827758789
2025-06-20,84.18113708496094
2025-06-23,84.24036407470703
2025-06-24,84.29959869384766
2025-06-25,84.67469787597656
2025-06-26,84.38843536376953
2025-06-27,84.96096801757812
2025-06-30,84.63521575927734
2025-07-01,84.39830780029297
2025-07-02,84.39830780029297
2025-07-03,85.39529418945312
2025-07-04,84.9905776977539
2025-07-07,85.54336547851562
2025-07-08,85.2669677734375
2025-07-09,85.29658508300781
2025-07-10,85.87897491455078
2025-07-11,85.35581970214844
2025-07-14,85.55323028564453
2025-07-15,85.98756408691406
2025-07-16,84.82276153564453
2025-07-17,86.53047943115234
2025-07-18,86.1257553100586
2025-07-21,86.47125244140625
2025-07-22,85.60259246826172
2025-07-23,86.24421691894531
2025-07-24,86.96480560302734
2025-07-25,87.06351470947266
2025-07-28,87.5077133178711
2025-07-29,88.10985565185547
2025-07-30,88.1690902709961
2025-07-31,88.178955078125
2025-08-04,87.21157836914062
2025-08-05,87.72488403320312
2025-08-06,87.48797607421875
2025-08-07,87.99140930175781
2025-08-08,88.07037353515625
2025-08-11,88.84031677246094
2025-08-12,88.94890594482422
2025-08-13,88.98839569091797
2025-08-14,89.21542358398438
2025-08-15,89.42271423339844
2025-08-18,89.19568634033203
2025-08-19,89.20555877685547
2025-08-20,88.14046478271484
2025-08-21,88.40815734863281
2025-08-22,88.84439849853516
2025-08-25,89.17158508300781
2025-08-26,88.83448791503906
2025-08-27,89.35995483398438
2025-08-28,89.2707290649414
2025-08-29,88.73533630371094
2025-09-01,88.89398193359375
2025-09-02,87.8826904296875
2025-09-03,88.61636352539062
2025-09-04,89.40953826904297
2025-09-05,89.57807922363281
2025-09-08,88.57670593261719
2025-09-09,88.69568634033203
2025-09-10,89.50868225097656
2025-09-11,89.78628540039062
2025-09-12,89.99449157714844
2025-09-15,90.19278717041016
2025-09-16,89.87551879882812
2025-09-17,89.1120834350586
2025-09-18,90.03414154052734
2025-09-19,90.4604721069336
2025-09-22,90.64884948730469
2025-09-23,90.8570556640625
2025-09-24,90.50013732910156
2025-09-25,90.43073272705078
2025-09-26,90.42081451416016
2025-09-29,90.77774047851562
2025-09-30,90.65876770019531
2025-10-01,91.46184539794922
2025-10-02,91.709716796875
2025-10-03,91.93775177001953
2025-10-06,92.03689575195312
2025-10-07,91.95758056640625
2025-10-08,92.68134307861328
2025-10-09,92.85980224609375
2025-10-10,91.50150299072266
2025-10-13,91.59073638916016
2025-10-14,90.9462890625
2025-10-15,91.72953796386719
2025-10-16,91.42218780517578
2025-10-17,90.01432800292969
2025-10-20,91.352783203125
2025-10-21,91.7196273803711
2025-10-22,91.96749114990234
2025-10-23,91.61056518554688
2025-10-27,93.19689178466797
2025-10-28,93.1473159790039
2025-10-29,93.90082550048828
2025-10-30,93.87108612060547
2025-10-31,93.67279815673828
2025-11-03,94.2874984741211
2025-11-04,93.99996185302734
2025-11-05,94.05946350097656
2025-11-06,92.7110824584961
2025-11-07,91.6700439453125
2025-11-10,93.65296936035156
2025-11-11,93.30595397949219
2025-11-12,93.59347534179688
2025-11-13,92.31449890136719
2025-11-14,91.60065460205078
2025-11-17,91.73945617675781
2025-11-18,90.63893127441406
2025-11-19,91.32926940917969
2025-11-20,91.82648468017578
2025-11-21,90.54366302490234
2025-11-24,92.10493469238281
2025-11-25,92.85076904296875
2025-11-26,93.35791778564453
2025-11-27,93.77559661865234
2025-11-28,94.02420043945312
2025-12-01,93.7656478881836
2025-12-02,93.72586822509766
2025-12-03,93.79547119140625
2025-12-04,94.13359069824219
2025-12-05,94.63080596923828
2025-12-08,94.89930725097656
2025-12-09,94.87942504882812
2025-12-10,94.34242248535156
2025-12-11,93.68608856201172
2025-12-12,93.21870422363281
2025-12-15,93.41758728027344
2025-12-16,93.09937286376953
2025-12-17,92.4132080078125
2025-12-18,92.98003387451172
2025-12-19,93.47725677490234
2025-12-22,93.6761474609375
2025-12-23,93.85514068603516
2025-12-29,93.68608856201172
2025-12-30,94.07391357421875
2026-01-05,94.77003479003906
2026-01-06,95.21752166748047
2026-01-07,95.5854721069336
2026-01-08,95.32691192626953
2026-01-09,95.76446533203125
2026-01-12,95.54569244384766
2026-01-13,96.47052001953125
2026-01-14,95.77440643310547
2026-01-15,96.99757385253906
2026-01-16,96.72907257080078
2026-01-19,94.97886657714844
2026-01-20,94.0440902709961
2026-01-21,93.83525848388672
2026-01-22,94.96891784667969
2026-01-23,94.81974792480469
2026-01-26,93.60652923583984
2026-01-27,93.397705078125
2026-01-28,93.44742584228516
2026-01-29,92.37342834472656
2026-01-30,93.04964447021484
2026-02-02,94.49158477783203
2026-02-03,93.57669830322266
2026-02-04,93.4573745727539
2026-02-05,92.12481689453125
2026-02-06,93.29826354980469
2026-02-09,93.21870422363281
2026-02-10,93.6164779663086
2026-02-11,93.96453094482422
2026-02-12,93.81536102294922
2026-02-13,92.71154022216797
2026-02-16,92.59220123291016
2026-02-17,92.59220123291016
2026-02-18,93.61034393310547
2026-02-19,93.45085144042969
2026-02-20,93.95922088623047
2026-02-23,93.31129455566406
2026-02-24,93.3212661743164
2026-02-25,94.32804107666016
2026-02-26,94.18848419189453
2026-02-27,92.98234558105469
2026-03-02,93.71998596191406
2026-03-03,92.57366180419922
2026-03-04,92.42414093017578
2026-03-05,92.71321105957031
2026-03-09,91.05850982666016
2026-03-10,92.4440689086914
2026-03-11,91.70643615722656
2026-03-12,91.6865005493164
2026-03-13,91.48713684082031
2026-03-16,92.15499877929688
2026-03-17,92.11512756347656
2026-03-18,91.73633575439453
2026-03-19,90.8392105102539
2026-03-20,89.64303588867188
2026-03-23,90.87908172607422
2026-03-24,90.3009262084961
2026-03-25,91.12828063964844
2026-03-26,90.8691177368164
2026-03-27,89.31409454345703
2026-03-30,89.46361541748047
2026-03-31,90.38067626953125
2026-04-01,91.40738677978516
2026-04-02,91.12828063964844
2026-04-07,91.87589263916016
2026-04-08,93.87947845458984
2026-04-09,94.19845581054688
2026-04-10,94.5174331665039
2026-04-13,94.14861297607422
2026-04-14,94.73673248291016
2026-04-15,95.48434448242188
2026-04-16,96.08242797851562
2026-04-17,97.0593032836914
2026-04-20,96.84000396728516
2026-04-21,96.77022552490234
2026-04-22,96.67054748535156
2026-04-23,97.17891693115234
2026-04-24,97.0593032836914
2026-04-27,97.09917449951172
2026-04-28,97.3683090209961
2026-04-29,97.228759765625
2026-04-30,96.97955322265625
2026-05-04,97.33840942382812
2026-05-05,97.98633575439453
2026-05-06,99.16256713867188
2026-05-07,99.27220916748047
2026-05-08,99.0429458618164
2026-05-11,99.20243835449219
2026-05-12,98.88345336914062
2026-05-13,99.96001434326172
2026-05-15,99.96001434326172
2026-05-18,99.70083618164062
2026-05-19,99.76065063476562
2026-05-20,100.4800033569336
2026-05-21,100.86000061035156
2026-05-22,101.22000122070312
2026-05-26,101.94000244140625
2026-05-27,101.87999725341797
2026-05-28,101.87999725341797
2026-05-29,101.87999725341797
2026-06-01,102.36000061035156
2026-06-02,102.5
2026-06-03,103.0
2026-06-04,102.44000244140625
2026-06-05,102.4800033569336
2026-06-08,102.4000015258789
2026-06-09,100.86000061035156
2026-06-10,101.05999755859375
2026-06-11,101.0
2026-06-12,102.62000274658203
2026-06-15,103.5
2026-06-16,103.58000183105469
2026-06-17,103.45999908447266
2026-06-18,104.0199966430664
2026-06-19,104.68000030517578
2026-06-22,104.68000030517578
2026-06-23,103.0
2026-06-24,104.23999786376953
2026-06-25,103.4800033569336
2026-06-26,102.4800033569336
2026-06-29,103.5999984741211
2026-06-30,104.55999755859375
2026-07-01,104.55999755859375
