,ZGLD.SW
2016-07-01,401.5
2016-07-04,405.2799987792969
2016-07-05,405.8399963378906
2016-07-06,414.989990234375
2016-07-07,410.0
2016-07-08,411.0
2016-07-11,413.05999755859375
2016-07-12,409.32000732421875
2016-07-13,407.3599853515625
2016-07-14,403.1400146484375
2016-07-15,403.6000061035156
2016-07-18,403.2900085449219
2016-07-19,405.6000061035156
2016-07-20,401.6600036621094
2016-07-21,403.6600036621094
2016-07-22,403.739990234375
2016-07-25,402.6300048828125
2016-07-26,404.6000061035156
2016-07-27,406.739990234375
2016-07-28,404.510009765625
2016-07-29,402.19000244140625
2016-08-02,406.5899963378906
2016-08-03,406.94000244140625
2016-08-04,409.7200012207031
2016-08-05,405.1499938964844
2016-08-08,405.70001220703125
2016-08-09,406.7099914550781
2016-08-10,406.20001220703125
2016-08-11,405.9200134277344
2016-08-12,406.7900085449219
2016-08-15,403.0
2016-08-16,400.3599853515625
2016-08-17,399.79998779296875
2016-08-18,399.17999267578125
2016-08-19,398.75
2016-08-22,397.0199890136719
2016-08-23,397.7099914550781
2016-08-24,396.5
2016-08-25,395.5799865722656
2016-08-26,399.3900146484375
2016-08-29,399.6600036621094
2016-08-30,399.8299865722656
2016-08-31,396.8399963378906
2016-09-01,397.1400146484375
2016-09-02,399.80999755859375
2016-09-05,401.3699951171875
2016-09-06,402.760009765625
2016-09-07,402.5400085449219
2016-09-08,401.8800048828125
2016-09-09,401.8500061035156
2016-09-12,397.82000732421875
2016-09-13,397.8800048828125
2016-09-14,397.3299865722656
2016-09-15,396.0799865722656
2016-09-16,396.2799987792969
2016-09-19,397.07000732421875
2016-09-20,397.30999755859375
2016-09-21,399.6300048828125
2016-09-22,399.82000732421875
2016-09-23,401.07000732421875
2016-09-26,400.04998779296875
2016-09-27,398.30999755859375
2016-09-28,396.0400085449219
2016-09-29,392.510009765625
2016-09-30,395.45001220703125
2016-10-03,393.69000244140625
2016-10-04,387.3900146484375
2016-10-05,382.3999938964844
2016-10-06,379.6000061035156
2016-10-07,378.760009765625
2016-10-10,381.8999938964844
2016-10-11,382.54998779296875
2016-10-12,382.8399963378906
2016-10-13,383.6000061035156
2016-10-14,382.3599853515625
2016-10-17,383.489990234375
2016-10-18,385.2900085449219
2016-10-19,388.25
2016-10-20,388.0299987792969
2016-10-21,388.67999267578125
2016-10-24,386.45001220703125
2016-10-25,391.3800048828125
2016-10-26,389.0899963378906
2016-10-27,388.1199951171875
2016-10-28,389.5799865722656
2016-10-31,388.95001220703125
2016-11-01,389.6000061035156
2016-11-02,391.0
2016-11-03,391.04998779296875
2016-11-04,391.04998779296875
2016-11-07,385.9100036621094
2016-11-08,384.9100036621094
2016-11-09,390.6499938964844
2016-11-10,385.75
2016-11-11,373.8599853515625
2016-11-14,375.2200012207031
2016-11-15,378.1199951171875
2016-11-16,380.239990234375
2016-11-17,380.239990234375
2016-11-18,377.1700134277344
2016-11-21,378.1000061035156
2016-11-22,377.94000244140625
2016-11-23,373.0
2016-11-24,372.1300048828125
2016-11-25,370.5
2016-11-28,372.82000732421875
2016-11-29,371.3900146484375
2016-11-30,368.75
2016-12-01,365.0199890136719
2016-12-02,366.989990234375
2016-12-05,363.4100036621094
2016-12-06,365.17999267578125
2016-12-07,365.8999938964844
2016-12-08,367.3900146484375
2016-12-09,366.30999755859375
2016-12-12,363.70001220703125
2016-12-13,361.79998779296875
2016-12-14,362.6600036621094
2016-12-15,359.0899963378906
2016-12-16,358.3399963378906
2016-12-19,360.1499938964844
2016-12-20,357.9599914550781
2016-12-21,357.9599914550781
2016-12-22,358.6600036621094
2016-12-23,359.55999755859375
2016-12-27,362.4800109863281
2016-12-28,362.9700012207031
2016-12-29,362.9700012207031
2016-12-30,363.7099914550781
2017-01-03,368.70001220703125
2017-01-04,369.1199951171875
2017-01-05,370.57000732421875
2017-01-06,369.0199890136719
2017-01-09,371.82000732421875
2017-01-10,372.989990234375
2017-01-11,373.0
2017-01-12,375.5799865722656
2017-01-13,373.6400146484375
2017-01-16,377.2300109863281
2017-01-17,377.489990234375
2017-01-18,377.45001220703125
2017-01-19,374.989990234375
2017-01-20,374.3900146484375
2017-01-23,376.3599853515625
2017-01-24,375.20001220703125
2017-01-25,370.3800048828125
2017-01-26,367.7300109863281
2017-01-27,368.2099914550781
2017-01-30,370.010009765625
2017-01-31,371.1000061035156
2017-02-01,370.1000061035156
2017-02-02,372.1199951171875
2017-02-03,374.6700134277344
2017-02-06,377.9800109863281
2017-02-07,381.5
2017-02-08,382.1700134277344
2017-02-09,382.2300109863281
2017-02-10,382.2300109863281
2017-02-13,380.05999755859375
2017-02-14,382.0799865722656
2017-02-15,382.1400146484375
2017-02-16,383.260009765625
2017-02-17,382.79998779296875
2017-02-20,383.2900085449219
2017-02-21,385.0
2017-02-22,385.0
2017-02-23,387.7099914550781
2017-02-24,389.760009765625
2017-02-27,391.29998779296875
2017-02-28,388.82000732421875
2017-03-01,387.8299865722656
2017-03-02,386.489990234375
2017-03-03,382.29998779296875
2017-03-06,382.3500061035156
2017-03-07,380.8800048828125
2017-03-08,377.80999755859375
2017-03-09,376.1000061035156
2017-03-10,373.79998779296875
2017-03-13,374.3800048828125
2017-03-14,374.19000244140625
2017-03-15,373.4200134277344
2017-03-16,376.8500061035156
2017-03-17,378.5
2017-03-20,379.3800048828125
2017-03-21,380.57000732421875
2017-03-22,381.19000244140625
2017-03-23,380.9599914550781
2017-03-24,381.1600036621094
2017-03-27,380.4800109863281
2017-03-28,381.79998779296875
2017-03-29,384.4100036621094
2017-03-30,384.17999267578125
2017-03-31,384.5
2017-04-03,387.5
2017-04-04,388.2099914550781
2017-04-05,386.2699890136719
2017-04-06,387.4800109863281
2017-04-07,392.8500061035156
2017-04-10,388.80999755859375
2017-04-11,394.7699890136719
2017-04-12,395.260009765625
2017-04-13,397.5400085449219
2017-04-18,396.1400146484375
2017-04-19,393.3800048828125
2017-04-20,392.70001220703125
2017-04-21,395.2799987792969
2017-04-24,391.0
2017-04-25,387.19000244140625
2017-04-26,387.0899963378906
2017-04-27,387.0
2017-04-28,387.8599853515625
2017-05-02,383.9100036621094
2017-05-03,380.6400146484375
2017-05-04,375.20001220703125
2017-05-05,374.20001220703125
2017-05-08,377.5400085449219
2017-05-09,376.94000244140625
2017-05-10,380.3399963378906
2017-05-11,379.8800048828125
2017-05-12,379.489990234375
2017-05-15,378.0899963378906
2017-05-16,376.5299987792969
2017-05-17,379.5199890136719
2017-05-18,377.44000244140625
2017-05-19,375.9800109863281
2017-05-22,376.05999755859375
2017-05-23,376.75
2017-05-24,376.2799987792969
2017-05-26,380.2300109863281
2017-05-29,380.45001220703125
2017-05-30,378.9599914550781
2017-05-31,377.2699890136719
2017-06-01,377.55999755859375
2017-06-02,378.5400085449219
2017-06-06,383.3800048828125
2017-06-07,383.70001220703125
2017-06-08,379.510009765625
2017-06-09,378.07000732421875
2017-06-12,377.0799865722656
2017-06-13,376.4100036621094
2017-06-14,379.70001220703125
2017-06-15,376.2300109863281
2017-06-16,375.92999267578125
2017-06-19,374.2200012207031
2017-06-20,372.9800109863281
2017-06-21,373.3299865722656
2017-06-22,373.9100036621094
2017-06-23,374.3299865722656
2017-06-26,372.1099853515625
2017-06-27,370.1400146484375
2017-06-28,370.0
2017-06-29,367.1099853515625
2017-06-30,366.70001220703125
2017-07-03,363.07000732421875
2017-07-04,363.75
2017-07-05,363.1400146484375
2017-07-06,362.8399963378906
2017-07-07,359.6000061035156
2017-07-10,360.69000244140625
2017-07-11,360.6400146484375
2017-07-12,362.5199890136719
2017-07-13,362.79998779296875
2017-07-14,366.1199951171875
2017-07-17,365.6600036621094
2017-07-18,364.2099914550781
2017-07-19,364.2200012207031
2017-07-20,364.2099914550781
2017-07-21,364.8399963378906
2017-07-24,364.9800109863281
2017-07-25,364.9200134277344
2017-07-26,368.1000061035156
2017-07-27,373.44000244140625
2017-07-28,378.30999755859375
2017-07-31,376.7799987792969
2017-08-02,377.8999938964844
2017-08-03,377.8900146484375
2017-08-04,375.6099853515625
2017-08-07,376.1600036621094
2017-08-08,376.25
2017-08-09,377.7699890136719
2017-08-10,380.94000244140625
2017-08-11,381.0400085449219
2017-08-14,383.1099853515625
2017-08-15,383.1099853515625
2017-08-16,381.6000061035156
2017-08-17,381.6000061035156
2017-08-18,382.70001220703125
2017-08-21,381.3599853515625
2017-08-22,382.489990234375
2017-08-23,382.04998779296875
2017-08-24,381.8500061035156
2017-08-25,380.6099853515625
2017-08-28,383.989990234375
2017-08-29,383.94000244140625
2017-08-30,386.8699951171875
2017-08-31,389.2699890136719
2017-09-01,391.20001220703125
2017-09-04,392.57000732421875
2017-09-05,393.3800048828125
2017-09-06,393.20001220703125
2017-09-07,394.1400146484375
2017-09-08,391.54998779296875
2017-09-11,390.3500061035156
2017-09-12,391.1199951171875
2017-09-13,391.70001220703125
2017-09-14,393.7900085449219
2017-09-15,390.17999267578125
2017-09-18,386.0199890136719
2017-09-19,387.1700134277344
2017-09-20,388.3399963378906
2017-09-21,385.7300109863281
2017-09-22,386.0
2017-09-25,389.010009765625
2017-09-26,387.8299865722656
2017-09-27,385.6499938964844
2017-09-28,383.8299865722656
2017-09-29,382.260009765625
2017-10-02,381.3699951171875
2017-10-03,380.9599914550781
2017-10-04,381.8599853515625
2017-10-05,382.7200012207031
2017-10-06,382.0299987792969
2017-10-09,385.67999267578125
2017-10-10,387.510009765625
2017-10-11,384.739990234375
2017-10-12,387.54998779296875
2017-10-13,389.0
2017-10-16,390.1199951171875
2017-10-17,385.9700012207031
2017-10-18,386.1000061035156
2017-10-19,385.19000244140625
2017-10-20,387.0799865722656
2017-10-23,385.57000732421875
2017-10-24,387.5199890136719
2017-10-25,388.239990234375
2017-10-26,389.54998779296875
2017-10-27,390.0899963378906
2017-10-30,390.2900085449219
2017-10-31,389.0400085449219
2017-11-01,392.7099914550781
2017-11-02,391.6300048828125
2017-11-03,389.739990234375
2017-11-06,392.20001220703125
2017-11-07,390.79998779296875
2017-11-08,395.0
2017-11-09,392.94000244140625
2017-11-10,390.010009765625
2017-11-13,391.0799865722656
2017-11-14,390.0400085449219
2017-11-15,388.0
2017-11-16,390.0299987792969
2017-11-17,391.5400085449219
2017-11-20,391.3800048828125
2017-11-21,390.3399963378906
2017-11-22,389.4599914550781
2017-11-23,389.19000244140625
2017-11-24,387.5199890136719
2017-11-27,390.1499938964844
2017-11-28,391.3999938964844
2017-11-29,388.0
2017-11-30,385.94000244140625
2017-12-01,388.4100036621094
2017-12-04,385.25
2017-12-05,382.80999755859375
2017-12-06,383.82000732421875
2017-12-07,381.70001220703125
2017-12-08,381.2200012207031
2017-12-11,379.25
2017-12-12,377.0
2017-12-13,377.32000732421875
2017-12-14,381.05999755859375
2017-12-15,381.29998779296875
2017-12-18,382.1000061035156
2017-12-19,381.6400146484375
2017-12-20,382.3999938964844
2017-12-21,384.0400085449219
2017-12-22,387.0799865722656
2017-12-27,389.79998779296875
2017-12-28,388.0799865722656
2017-12-29,389.3999938964844
2018-01-03,393.8500061035156
2018-01-04,394.0
2018-01-05,394.20001220703125
2018-01-08,394.6000061035156
2018-01-09,395.0
2018-01-10,395.79998779296875
2018-01-11,395.0
2018-01-12,396.6499938964844
2018-01-15,396.1000061035156
2018-01-16,393.8999938964844
2018-01-17,393.8500061035156
2018-01-18,391.25
2018-01-19,393.3500061035156
2018-01-22,393.29998779296875
2018-01-23,393.5
2018-01-24,392.20001220703125
2018-01-25,389.45001220703125
2018-01-26,388.0
2018-01-29,384.75
2018-01-30,384.3999938964844
2018-01-31,383.29998779296875
2018-02-01,382.6000061035156
2018-02-02,379.70001220703125
2018-02-05,383.79998779296875
2018-02-06,382.1499938964844
2018-02-07,382.54998779296875
2018-02-08,378.0
2018-02-09,378.04998779296875
2018-02-12,380.45001220703125
2018-02-13,379.3500061035156
2018-02-14,384.45001220703125
2018-02-15,382.1000061035156
2018-02-16,384.1499938964844
2018-02-19,383.5
2018-02-20,382.0
2018-02-21,381.5
2018-02-22,380.6499938964844
2018-02-23,380.3999938964844
2018-02-26,382.6499938964844
2018-02-27,378.54998779296875
2018-02-28,381.1499938964844
2018-03-01,379.3500061035156
2018-03-02,378.8500061035156
2018-03-05,379.5
2018-03-06,384.1000061035156
2018-03-07,383.20001220703125
2018-03-08,383.3999938964844
2018-03-09,384.3500061035156
2018-03-12,382.79998779296875
2018-03-13,383.04998779296875
2018-03-14,383.95001220703125
2018-03-15,382.6499938964844
2018-03-16,383.29998779296875
2018-03-19,382.5
2018-03-20,383.1499938964844
2018-03-21,386.79998779296875
2018-03-22,385.29998779296875
2018-03-23,391.3999938964844
2018-03-26,391.54998779296875
2018-03-27,389.5
2018-03-28,388.25
2018-03-29,387.5
2018-04-03,390.04998779296875
2018-04-04,392.1000061035156
2018-04-05,390.1000061035156
2018-04-06,391.75
2018-04-09,390.8500061035156
2018-04-10,391.79998779296875
2018-04-11,399.25
2018-04-12,394.25
2018-04-13,396.20001220703125
2018-04-16,396.29998779296875
2018-04-17,397.1499938964844
2018-04-18,399.1000061035156
2018-04-19,399.0
2018-04-20,398.95001220703125
2018-04-23,395.70001220703125
2018-04-24,398.45001220703125
2018-04-25,397.1499938964844
2018-04-26,398.1499938964844
2018-04-27,400.29998779296875
2018-04-30,398.79998779296875
2018-05-02,399.45001220703125
2018-05-03,402.3500061035156
2018-05-04,402.54998779296875
2018-05-07,404.5
2018-05-08,401.75
2018-05-09,405.0
2018-05-11,405.6499938964844
2018-05-14,403.6000061035156
2018-05-15,397.8500061035156
2018-05-16,395.0
2018-05-17,396.3999938964844
2018-05-18,395.54998779296875
2018-05-22,393.25
2018-05-23,392.5
2018-05-24,396.3999938964844
2018-05-25,396.1499938964844
2018-05-28,394.8500061035156
2018-05-29,395.70001220703125
2018-05-30,394.04998779296875
2018-05-31,393.8500061035156
2018-06-01,391.29998779296875
2018-06-04,391.0
2018-06-05,390.95001220703125
2018-06-06,391.45001220703125
2018-06-07,389.75
2018-06-08,391.20001220703125
2018-06-11,392.5
2018-06-12,392.5
2018-06-13,391.1000061035156
2018-06-14,396.6499938964844
2018-06-15,390.0
2018-06-18,388.8999938964844
2018-06-19,387.70001220703125
2018-06-20,387.8500061035156
2018-06-21,383.75
2018-06-22,385.1499938964844
2018-06-25,382.8999938964844
2018-06-26,381.8999938964844
2018-06-27,382.29998779296875
2018-06-28,381.6000061035156
2018-06-29,380.1000061035156
2018-07-02,379.5
2018-07-03,380.79998779296875
2018-07-04,381.54998779296875
2018-07-05,381.8999938964844
2018-07-06,380.04998779296875
2018-07-09,382.20001220703125
2018-07-10,381.1499938964844
2018-07-11,379.25
2018-07-12,381.70001220703125
2018-07-13,381.54998779296875
2018-07-16,378.70001220703125
2018-07-17,375.3999938964844
2018-07-18,374.95001220703125
2018-07-19,373.45001220703125
2018-07-20,374.29998779296875
2018-07-23,372.1499938964844
2018-07-24,373.6000061035156
2018-07-25,373.8999938964844
2018-07-26,373.29998779296875
2018-07-27,373.04998779296875
2018-07-30,370.04998779296875
2018-07-31,370.0
2018-08-02,369.54998779296875
2018-08-03,370.70001220703125
2018-08-06,369.25
2018-08-07,369.04998779296875
2018-08-08,368.3999938964844
2018-08-09,367.95001220703125
2018-08-10,370.1000061035156
2018-08-13,364.1000061035156
2018-08-14,364.04998779296875
2018-08-15,359.45001220703125
2018-08-16,360.1000061035156
2018-08-17,359.70001220703125
2018-08-20,361.8500061035156
2018-08-21,359.5
2018-08-22,359.95001220703125
2018-08-23,359.0
2018-08-24,363.54998779296875
2018-08-27,364.0
2018-08-28,362.0
2018-08-29,359.1000061035156
2018-08-30,358.0
2018-08-31,357.1000061035156
2018-09-03,357.6499938964844
2018-09-04,357.04998779296875
2018-09-05,356.45001220703125
2018-09-06,355.95001220703125
2018-09-07,355.8999938964844
2018-09-10,357.1000061035156
2018-09-11,356.0
2018-09-12,358.5
2018-09-13,357.45001220703125
2018-09-14,354.95001220703125
2018-09-17,354.8500061035156
2018-09-18,353.8500061035156
2018-09-19,357.04998779296875
2018-09-20,355.0
2018-09-21,350.79998779296875
2018-09-24,354.20001220703125
2018-09-25,355.79998779296875
2018-09-26,354.54998779296875
2018-09-27,354.0
2018-09-28,356.29998779296875
2018-10-01,358.29998779296875
2018-10-02,364.45001220703125
2018-10-03,365.0
2018-10-04,366.25
2018-10-05,366.1000061035156
2018-10-08,360.8999938964844
2018-10-09,361.75
2018-10-10,360.3500061035156
2018-10-11,369.70001220703125
2018-10-12,371.04998779296875
2018-10-15,371.75
2018-10-16,373.1499938964844
2018-10-17,372.8500061035156
2018-10-18,374.04998779296875
2018-10-19,374.3500061035156
2018-10-22,372.6000061035156
2018-10-23,375.1499938964844
2018-10-24,375.70001220703125
2018-10-25,376.6000061035156
2018-10-26,379.20001220703125
2018-10-29,376.6000061035156
2018-10-30,376.54998779296875
2018-10-31,375.25
2018-11-01,378.6499938964844
2018-11-02,378.54998779296875
2018-11-05,378.8999938964844
2018-11-06,377.45001220703125
2018-11-07,375.6000061035156
2018-11-08,376.45001220703125
2018-11-09,372.3999938964844
2018-11-12,371.6000061035156
2018-11-13,370.79998779296875
2018-11-14,370.3500061035156
2018-11-15,374.0
2018-11-16,373.79998779296875
2018-11-19,371.3999938964844
2018-11-20,372.25
2018-11-21,373.70001220703125
2018-11-22,373.45001220703125
2018-11-23,373.1000061035156
2018-11-26,373.79998779296875
2018-11-27,371.3500061035156
2018-11-28,371.29998779296875
2018-11-29,374.6000061035156
2018-11-30,372.29998779296875
2018-12-03,377.0
2018-12-04,378.5
2018-12-05,377.8500061035156
2018-12-06,376.3999938964844
2018-12-07,378.3500061035156
2018-12-10,377.45001220703125
2018-12-11,378.29998779296875
2018-12-12,378.20001220703125
2018-12-13,378.45001220703125
2018-12-14,377.79998779296875
2018-12-17,377.8500061035156
2018-12-18,379.0
2018-12-19,380.20001220703125
2018-12-20,381.54998779296875
2018-12-21,381.3500061035156
2018-12-27,386.0
2018-12-28,383.6000061035156
2019-01-03,390.0
2019-01-04,386.0
2019-01-07,384.79998779296875
2019-01-08,384.1499938964844
2019-01-09,384.1499938964844
2019-01-10,386.3500061035156
2019-01-11,387.45001220703125
2019-01-14,386.1499938964844
2019-01-15,388.6000061035156
2019-01-16,391.5
2019-01-17,391.95001220703125
2019-01-18,389.75
2019-01-21,389.54998779296875
2019-01-22,389.3999938964844
2019-01-23,390.3999938964844
2019-01-24,389.95001220703125
2019-01-25,394.3500061035156
2019-01-28,394.29998779296875
2019-01-29,398.54998779296875
2019-01-30,400.5
2019-01-31,402.0
2019-02-01,400.5
2019-02-04,401.20001220703125
2019-02-05,402.29998779296875
2019-02-06,401.3500061035156
2019-02-07,400.54998779296875
2019-02-08,402.3999938964844
2019-02-11,401.3999938964844
2019-02-12,402.6499938964844
2019-02-13,404.29998779296875
2019-02-14,403.3999938964844
2019-02-15,404.75
2019-02-18,406.8999938964844
2019-02-19,409.54998779296875
2019-02-20,410.6499938964844
2019-02-21,407.3500061035156
2019-02-22,406.1499938964844
2019-02-25,406.54998779296875
2019-02-26,406.0
2019-02-27,403.6000061035156
2019-02-28,400.95001220703125
2019-03-01,398.29998779296875
2019-03-04,392.95001220703125
2019-03-05,394.20001220703125
2019-03-06,394.70001220703125
2019-03-07,396.6000061035156
2019-03-08,400.3500061035156
2019-03-11,399.0
2019-03-12,399.54998779296875
2019-03-13,402.20001220703125
2019-03-14,397.79998779296875
2019-03-15,399.25
2019-03-18,399.3500061035156
2019-03-19,399.6000061035156
2019-03-20,397.1000061035156
2019-03-21,397.1000061035156
2019-03-22,398.5
2019-03-25,400.3999938964844
2019-03-26,399.70001220703125
2019-03-27,398.70001220703125
2019-03-28,393.45001220703125
2019-03-29,394.0
2019-04-01,393.95001220703125
2019-04-02,394.25
2019-04-03,392.8999938964844
2019-04-04,393.25
2019-04-05,394.79998779296875
2019-04-08,395.8999938964844
2019-04-09,398.3500061035156
2019-04-10,400.0
2019-04-11,396.45001220703125
2019-04-12,394.6499938964844
2019-04-15,394.8999938964844
2019-04-16,392.1000061035156
2019-04-17,392.25
2019-04-18,394.95001220703125
2019-04-23,395.79998779296875
2019-04-24,396.95001220703125
2019-04-25,398.79998779296875
2019-04-26,400.20001220703125
2019-04-29,398.20001220703125
2019-04-30,398.8999938964844
2019-05-02,394.70001220703125
2019-05-03,398.20001220703125
2019-05-06,398.0
2019-05-07,400.25
2019-05-08,399.1499938964844
2019-05-09,398.1000061035156
2019-05-10,397.8500061035156
2019-05-13,399.6499938964844
2019-05-14,399.45001220703125
2019-05-15,398.8500061035156
2019-05-16,396.70001220703125
2019-05-17,394.1000061035156
2019-05-20,393.3999938964844
2019-05-21,393.04998779296875
2019-05-22,393.20001220703125
2019-05-23,395.1000061035156
2019-05-24,392.5
2019-05-27,393.25
2019-05-28,393.1000061035156
2019-05-29,394.79998779296875
2019-05-31,399.54998779296875
2019-06-03,402.5
2019-06-04,400.75
2019-06-05,402.70001220703125
2019-06-06,403.79998779296875
2019-06-07,405.1499938964844
2019-06-11,402.0
2019-06-12,405.79998779296875
2019-06-13,406.5
2019-06-14,411.6000061035156
2019-06-17,408.04998779296875
2019-06-18,412.0
2019-06-19,408.6499938964844
2019-06-20,414.5
2019-06-21,417.0
2019-06-24,418.8500061035156
2019-06-25,423.1499938964844
2019-06-26,419.3500061035156
2019-06-27,418.79998779296875
2019-06-28,419.3500061035156
2019-07-01,417.95001220703125
2019-07-02,421.0
2019-07-03,426.20001220703125
2019-07-04,425.1499938964844
2019-07-05,422.20001220703125
2019-07-08,422.75
2019-07-09,423.70001220703125
2019-07-10,424.95001220703125
2019-07-11,425.1000061035156
2019-07-12,423.1499938964844
2019-07-15,423.6000061035156
2019-07-16,425.20001220703125
2019-07-17,428.3999938964844
2019-07-18,429.04998779296875
2019-07-19,428.20001220703125
2019-07-22,426.79998779296875
2019-07-23,427.79998779296875
2019-07-24,428.04998779296875
2019-07-25,428.70001220703125
2019-07-26,430.20001220703125
2019-07-29,430.0
2019-07-30,432.20001220703125
2019-07-31,431.0
2019-08-02,433.1000061035156
2019-08-05,434.1000061035156
2019-08-06,439.0
2019-08-07,445.8999938964844
2019-08-08,445.54998779296875
2019-08-09,446.79998779296875
2019-08-12,444.3500061035156
2019-08-13,446.54998779296875
2019-08-14,450.70001220703125
2019-08-15,452.5
2019-08-16,451.1499938964844
2019-08-19,449.29998779296875
2019-08-20,449.20001220703125
2019-08-21,450.29998779296875
2019-08-22,450.6499938964844
2019-08-23,454.8500061035156
2019-08-26,457.5
2019-08-27,461.45001220703125
2019-08-28,460.54998779296875
2019-08-29,461.8999938964844
2019-08-30,462.1000061035156
2019-09-02,461.3500061035156
2019-09-03,466.20001220703125
2019-09-04,463.25
2019-09-05,457.3999938964844
2019-09-06,457.5
2019-09-09,453.6000061035156
2019-09-10,451.1000061035156
2019-09-11,452.20001220703125
2019-09-12,454.95001220703125
2019-09-13,450.20001220703125
2019-09-16,454.25
2019-09-17,455.3500061035156
2019-09-18,457.3999938964844
2019-09-19,452.95001220703125
2019-09-20,454.8999938964844
2019-09-23,459.1000061035156
2019-09-24,459.25
2019-09-25,458.75
2019-09-26,456.25
2019-09-27,450.79998779296875
2019-09-30,446.3999938964844
2019-10-01,450.20001220703125
2019-10-02,455.8999938964844
2019-10-03,458.6499938964844
2019-10-04,456.8500061035156
2019-10-07,454.79998779296875
2019-10-08,455.29998779296875
2019-10-09,457.3500061035156
2019-10-10,453.70001220703125
2019-10-11,449.8500061035156
2019-10-14,453.29998779296875
2019-10-15,451.3500061035156
2019-10-16,451.45001220703125
2019-10-17,449.3500061035156
2019-10-18,448.3500061035156
2019-10-21,447.6000061035156
2019-10-22,447.54998779296875
2019-10-23,450.75
2019-10-24,454.45001220703125
2019-10-25,456.8999938964844
2019-10-28,452.70001220703125
2019-10-29,451.45001220703125
2019-10-30,451.0
2019-10-31,454.20001220703125
2019-11-01,453.95001220703125
2019-11-04,453.95001220703125
2019-11-05,448.6000061035156
2019-11-06,450.3999938964844
2019-11-07,444.6499938964844
2019-11-08,446.1000061035156
2019-11-11,441.0
2019-11-12,439.5
2019-11-13,441.45001220703125
2019-11-14,442.8500061035156
2019-11-15,442.8999938964844
2019-11-18,443.5
2019-11-19,444.54998779296875
2019-11-20,444.0
2019-11-21,443.45001220703125
2019-11-22,444.75
2019-11-25,442.6000061035156
2019-11-26,443.95001220703125
2019-11-27,442.3999938964844
2019-11-28,443.04998779296875
2019-11-29,445.6000061035156
2019-12-02,442.1000061035156
2019-12-03,444.3999938964844
2019-12-04,443.3500061035156
2019-12-05,444.29998779296875
2019-12-06,440.45001220703125
2019-12-09,439.70001220703125
2019-12-10,438.8999938964844
2019-12-11,442.0
2019-12-12,440.70001220703125
2019-12-13,441.95001220703125
2019-12-16,441.8999938964844
2019-12-17,440.3999938964844
2019-12-18,440.6499938964844
2019-12-19,440.1499938964844
2019-12-20,441.70001220703125
2019-12-23,443.6000061035156
2019-12-27,449.04998779296875
2019-12-30,446.75
2020-01-03,457.75
2020-01-06,461.3500061035156
2020-01-07,464.3500061035156
2020-01-08,463.0
2020-01-09,458.45001220703125
2020-01-10,461.8999938964844
2020-01-13,458.20001220703125
2020-01-14,455.0
2020-01-15,455.20001220703125
2020-01-16,455.29998779296875
2020-01-17,458.8999938964844
2020-01-20,461.1000061035156
2020-01-21,458.8500061035156
2020-01-22,459.95001220703125
2020-01-23,462.0
2020-01-24,465.3999938964844
2020-01-27,467.5
2020-01-28,465.29998779296875
2020-01-29,466.75
2020-01-30,467.1000061035156
2020-01-31,465.29998779296875
2020-02-03,463.8500061035156
2020-02-04,459.25
2020-02-05,461.79998779296875
2020-02-06,464.70001220703125
2020-02-07,466.1499938964844
2020-02-10,468.8999938964844
2020-02-11,465.0
2020-02-12,466.95001220703125
2020-02-13,469.3999938964844
2020-02-14,472.5
2020-02-17,473.0
2020-02-18,479.3999938964844
2020-02-19,480.75
2020-02-20,485.5
2020-02-21,489.0
2020-02-24,497.5
2020-02-25,490.0
2020-02-26,486.8999938964844
2020-02-27,488.6499938964844
2020-02-28,467.5
2020-03-02,465.29998779296875
2020-03-03,477.20001220703125
2020-03-04,478.0
2020-03-05,479.1499938964844
2020-03-06,475.3500061035156
2020-03-09,471.0
2020-03-10,471.04998779296875
2020-03-11,472.0
2020-03-12,455.6000061035156
2020-03-13,441.5
2020-03-16,434.75
2020-03-17,449.3500061035156
2020-03-18,440.0
2020-03-19,441.45001220703125
2020-03-20,444.54998779296875
2020-03-23,463.0
2020-03-24,487.8999938964844
2020-03-25,483.75
2020-03-26,481.79998779296875
2020-03-27,474.5
2020-03-30,474.8500061035156
2020-03-31,474.0
2020-04-01,468.1000061035156
2020-04-02,476.75
2020-04-03,481.0
2020-04-06,490.8999938964844
2020-04-07,488.1000061035156
2020-04-08,486.04998779296875
2020-04-09,493.29998779296875
2020-04-14,507.0
2020-04-15,504.1000061035156
2020-04-16,508.20001220703125
2020-04-17,497.95001220703125
2020-04-20,498.29998779296875
2020-04-21,495.5
2020-04-22,503.79998779296875
2020-04-23,511.70001220703125
2020-04-24,508.70001220703125
2020-04-27,507.29998779296875
2020-04-28,504.1000061035156
2020-04-29,504.5
2020-04-30,500.70001220703125
2020-05-04,500.8999938964844
2020-05-05,503.0
2020-05-06,500.0
2020-05-07,506.20001220703125
2020-05-08,505.20001220703125
2020-05-11,502.6000061035156
2020-05-12,502.79998779296875
2020-05-13,506.79998779296875
2020-05-14,512.2000122070312
2020-05-15,516.0
2020-05-18,509.29998779296875
2020-05-19,514.2999877929688
2020-05-20,513.0
2020-05-22,512.0
2020-05-25,511.79998779296875
2020-05-26,503.70001220703125
2020-05-27,501.20001220703125
2020-05-28,504.79998779296875
2020-05-29,506.70001220703125
2020-06-02,506.20001220703125
2020-06-03,496.04998779296875
2020-06-04,498.45001220703125
2020-06-05,491.29998779296875
2020-06-08,493.29998779296875
2020-06-09,495.95001220703125
2020-06-10,493.6000061035156
2020-06-11,497.75
2020-06-12,501.29998779296875
2020-06-15,497.8999938964844
2020-06-16,498.75
2020-06-17,499.20001220703125
2020-06-18,497.79998779296875
2020-06-19,503.70001220703125
2020-06-22,507.0
2020-06-23,506.29998779296875
2020-06-24,509.5
2020-06-25,506.79998779296875
2020-06-26,509.29998779296875
2020-06-29,511.3999938964844
2020-06-30,513.5
2020-07-01,506.6000061035156
2020-07-02,511.1000061035156
2020-07-03,509.79998779296875
2020-07-06,510.79998779296875
2020-07-07,513.0999755859375
2020-07-08,516.7999877929688
2020-07-09,514.7999877929688
2020-07-10,514.4000244140625
2020-07-13,516.2000122070312
2020-07-14,516.5
2020-07-15,519.0999755859375
2020-07-16,518.0
2020-07-17,517.2000122070312
2020-07-20,518.2000122070312
2020-07-21,523.0
2020-07-22,525.0
2020-07-23,532.5999755859375
2020-07-24,532.5999755859375
2020-07-27,541.9000244140625
2020-07-28,545.2999877929688
2020-07-29,544.2000122070312
2020-07-30,538.9000244140625
2020-07-31,547.4000244140625
2020-08-03,551.7999877929688
2020-08-04,554.7000122070312
2020-08-05,562.7000122070312
2020-08-06,567.5
2020-08-07,563.5999755859375
2020-08-10,565.0
2020-08-11,540.4000244140625
2020-08-12,536.2999877929688
2020-08-13,537.9000244140625
2020-08-14,537.0
2020-08-17,545.5999755859375
2020-08-18,549.2000122070312
2020-08-19,542.5
2020-08-20,538.2000122070312
2020-08-21,537.9000244140625
2020-08-24,533.5999755859375
2020-08-25,529.2000122070312
2020-08-26,535.7999877929688
2020-08-27,529.5
2020-08-28,539.9000244140625
2020-08-31,538.0999755859375
2020-09-01,544.0
2020-09-02,536.2000122070312
2020-09-03,532.4000244140625
2020-09-04,533.0
2020-09-07,535.5999755859375
2020-09-08,535.2999877929688
2020-09-09,539.7000122070312
2020-09-10,539.7000122070312
2020-09-11,537.7999877929688
2020-09-14,539.0
2020-09-15,538.0
2020-09-16,542.0
2020-09-17,537.7999877929688
2020-09-18,539.0999755859375
2020-09-21,526.0
2020-09-22,531.4000244140625
2020-09-23,523.5
2020-09-24,525.0
2020-09-25,525.5999755859375
2020-09-28,525.9000244140625
2020-09-29,528.5
2020-09-30,529.0999755859375
2020-10-01,532.4000244140625
2020-10-02,532.9000244140625
2020-10-05,532.2999877929688
2020-10-06,530.5
2020-10-07,524.5
2020-10-08,525.7000122070312
2020-10-09,533.2999877929688
2020-10-12,530.2000122070312
2020-10-13,525.0999755859375
2020-10-14,529.0999755859375
2020-10-15,527.7000122070312
2020-10-16,527.5999755859375
2020-10-19,526.4000244140625
2020-10-20,525.0
2020-10-21,528.4000244140625
2020-10-22,523.7999877929688
2020-10-23,522.0
2020-10-26,524.2000122070312
2020-10-27,525.2000122070312
2020-10-28,519.2999877929688
2020-10-29,520.0
2020-10-30,523.0999755859375
2020-11-02,528.2000122070312
2020-11-03,528.0
2020-11-04,526.5
2020-11-05,534.9000244140625
2020-11-06,532.5
2020-11-09,513.7000122070312
2020-11-10,521.4000244140625
2020-11-11,519.2000122070312
2020-11-12,521.0999755859375
2020-11-13,523.9000244140625
2020-11-16,523.5999755859375
2020-11-17,521.4000244140625
2020-11-18,518.7000122070312
2020-11-19,514.0999755859375
2020-11-20,518.0
2020-11-23,507.6000061035156
2020-11-24,498.29998779296875
2020-11-25,498.8500061035156
2020-11-26,497.25
2020-11-27,489.95001220703125
2020-11-30,488.79998779296875
2020-12-01,494.20001220703125
2020-12-02,496.3500061035156
2020-12-03,493.3999938964844
2020-12-04,495.04998779296875
2020-12-07,502.3999938964844
2020-12-08,503.5
2020-12-09,499.04998779296875
2020-12-10,493.95001220703125
2020-12-11,497.79998779296875
2020-12-14,490.75
2020-12-15,496.3500061035156
2020-12-16,498.75
2020-12-17,506.5
2020-12-18,505.3999938964844
2020-12-21,504.5
2020-12-22,502.70001220703125
2020-12-23,504.3999938964844
2020-12-28,507.20001220703125
2020-12-29,505.20001220703125
2020-12-30,504.6000061035156
2021-01-04,517.9000244140625
2021-01-05,519.4000244140625
2021-01-06,510.3999938964844
2021-01-07,513.2000122070312
2021-01-08,498.0
2021-01-11,499.5
2021-01-12,497.54998779296875
2021-01-13,499.95001220703125
2021-01-14,497.8999938964844
2021-01-15,493.6499938964844
2021-01-18,495.54998779296875
2021-01-19,495.8999938964844
2021-01-20,502.79998779296875
2021-01-21,500.70001220703125
2021-01-22,497.0
2021-01-25,498.5
2021-01-26,498.3500061035156
2021-01-27,498.20001220703125
2021-01-28,499.79998779296875
2021-01-29,500.29998779296875
2021-02-01,505.6000061035156
2021-02-02,501.0
2021-02-03,499.95001220703125
2021-02-04,488.79998779296875
2021-02-05,493.3999938964844
2021-02-08,499.8999938964844
2021-02-09,498.1000061035156
2021-02-10,495.20001220703125
2021-02-11,495.54998779296875
2021-02-12,493.54998779296875
2021-02-15,490.6499938964844
2021-02-16,487.5
2021-02-17,482.8999938964844
2021-02-18,482.29998779296875
2021-02-19,484.3500061035156
2021-02-22,491.6000061035156
2021-02-23,492.0
2021-02-24,494.6499938964844
2021-02-25,486.1000061035156
2021-02-26,473.70001220703125
2021-03-01,480.54998779296875
2021-03-02,478.5
2021-03-03,478.29998779296875
2021-03-04,480.70001220703125
2021-03-05,478.25
2021-03-08,476.0
2021-03-09,482.70001220703125
2021-03-10,484.70001220703125
2021-03-11,482.5
2021-03-12,481.0
2021-03-15,485.29998779296875
2021-03-16,485.0
2021-03-17,485.04998779296875
2021-03-18,486.75
2021-03-19,489.75
2021-03-22,486.04998779296875
2021-03-23,487.79998779296875
2021-03-24,491.8999938964844
2021-03-25,492.54998779296875
2021-03-26,492.70001220703125
2021-03-29,486.29998779296875
2021-03-30,480.95001220703125
2021-03-31,486.0
2021-04-01,493.29998779296875
2021-04-06,492.75
2021-04-07,489.25
2021-04-08,491.04998779296875
2021-04-09,488.0
2021-04-12,483.45001220703125
2021-04-13,486.8500061035156
2021-04-14,484.6000061035156
2021-04-15,493.70001220703125
2021-04-16,494.95001220703125
2021-04-19,491.95001220703125
2021-04-20,491.20001220703125
2021-04-21,497.3500061035156
2021-04-22,495.04998779296875
2021-04-23,492.20001220703125
2021-04-26,492.1000061035156
2021-04-27,491.6000061035156
2021-04-28,489.8999938964844
2021-04-29,487.1000061035156
2021-04-30,488.3999938964844
2021-05-03,493.6499938964844
2021-05-04,490.29998779296875
2021-05-05,492.54998779296875
2021-05-06,498.6499938964844
2021-05-07,500.1000061035156
2021-05-10,500.3999938964844
2021-05-11,499.04998779296875
2021-05-12,501.1000061035156
2021-05-14,502.5
2021-05-17,508.3999938964844
2021-05-18,507.3999938964844
2021-05-19,513.2999877929688
2021-05-20,511.3999938964844
2021-05-21,509.6000061035156
2021-05-25,513.5
2021-05-26,516.9000244140625
2021-05-27,514.0999755859375
2021-05-28,515.5999755859375
2021-05-31,518.2000122070312
2021-06-01,514.0
2021-06-02,517.2000122070312
2021-06-03,512.2999877929688
2021-06-04,515.2999877929688
2021-06-07,514.0
2021-06-08,513.2000122070312
2021-06-09,512.2999877929688
2021-06-10,512.2999877929688
2021-06-11,510.6000061035156
2021-06-14,506.70001220703125
2021-06-15,505.79998779296875
2021-06-16,505.3999938964844
2021-06-17,491.5
2021-06-18,495.79998779296875
2021-06-21,496.1000061035156
2021-06-22,494.8999938964844
2021-06-23,496.3500061035156
2021-06-24,494.70001220703125
2021-06-25,494.6000061035156
2021-06-28,495.1000061035156
2021-06-29,490.25
2021-06-30,493.95001220703125
2021-07-01,495.75
2021-07-02,497.95001220703125
2021-07-05,500.0
2021-07-06,504.6000061035156
2021-07-07,505.8999938964844
2021-07-08,497.5
2021-07-09,500.5
2021-07-12,500.20001220703125
2021-07-13,502.8999938964844
2021-07-14,505.20001220703125
2021-07-15,506.70001220703125
2021-07-16,504.29998779296875
2021-07-19,502.20001220703125
2021-07-20,504.3999938964844
2021-07-21,501.0
2021-07-22,501.20001220703125
2021-07-23,501.79998779296875
2021-07-26,498.70001220703125
2021-07-27,498.04998779296875
2021-07-28,498.25
2021-07-29,501.3999938964844
2021-07-30,499.8999938964844
2021-08-02,496.6499938964844
2021-08-03,495.3500061035156
2021-08-04,496.54998779296875
2021-08-05,494.8500061035156
2021-08-06,487.8999938964844
2021-08-09,481.8999938964844
2021-08-10,482.3500061035156
2021-08-11,487.54998779296875
2021-08-12,488.8500061035156
2021-08-13,491.8500061035156
2021-08-16,493.29998779296875
2021-08-17,493.25
2021-08-18,494.8500061035156
2021-08-19,495.1499938964844
2021-08-20,494.79998779296875
2021-08-23,497.75
2021-08-24,498.0
2021-08-25,494.0
2021-08-26,497.79998779296875
2021-08-27,498.54998779296875
2021-08-30,500.8999938964844
2021-08-31,500.20001220703125
2021-09-01,501.20001220703125
2021-09-02,501.0
2021-09-03,506.0
2021-09-06,504.79998779296875
2021-09-07,498.25
2021-09-08,497.95001220703125
2021-09-09,497.3500061035156
2021-09-10,497.3500061035156
2021-09-13,499.25
2021-09-14,502.3999938964844
2021-09-15,498.0
2021-09-16,490.5
2021-09-17,493.3500061035156
2021-09-20,494.8999938964844
2021-09-21,497.3500061035156
2021-09-22,494.79998779296875
2021-09-23,488.54998779296875
2021-09-24,489.6000061035156
2021-09-27,489.79998779296875
2021-09-28,487.3999938964844
2021-09-29,487.6000061035156
2021-09-30,496.29998779296875
2021-10-01,493.5
2021-10-04,492.54998779296875
2021-10-05,492.29998779296875
2021-10-06,492.45001220703125
2021-10-07,492.20001220703125
2021-10-08,492.20001220703125
2021-10-11,491.8999938964844
2021-10-12,494.79998779296875
2021-10-13,501.0
2021-10-14,500.29998779296875
2021-10-15,494.20001220703125
2021-10-18,493.79998779296875
2021-10-19,493.1000061035156
2021-10-20,495.3500061035156
2021-10-21,493.20001220703125
2021-10-22,496.8500061035156
2021-10-25,501.5
2021-10-26,496.8999938964844
2021-10-27,497.1000061035156
2021-10-28,497.0
2021-10-29,490.3999938964844
2021-11-01,492.54998779296875
2021-11-02,493.54998779296875
2021-11-03,485.5
2021-11-04,494.04998779296875
2021-11-05,500.0
2021-11-08,503.20001220703125
2021-11-09,503.3999938964844
2021-11-10,513.2999877929688
2021-11-11,517.4000244140625
2021-11-12,517.5999755859375
2021-11-15,517.5999755859375
2021-11-16,520.4000244140625
2021-11-17,523.0999755859375
2021-11-18,520.7000122070312
2021-11-19,519.2000122070312
2021-11-22,509.70001220703125
2021-11-23,502.20001220703125
2021-11-24,504.8999938964844
2021-11-25,505.3999938964844
2021-11-26,500.0
2021-11-29,497.79998779296875
2021-11-30,495.29998779296875
2021-12-01,495.20001220703125
2021-12-02,490.8999938964844
2021-12-03,492.0
2021-12-06,497.0
2021-12-07,499.0
2021-12-08,496.1499938964844
2021-12-09,496.8500061035156
2021-12-10,495.79998779296875
2021-12-13,497.25
2021-12-14,494.54998779296875
2021-12-15,493.75
2021-12-16,500.20001220703125
2021-12-17,501.6000061035156
2021-12-20,497.8500061035156
2021-12-21,498.75
2021-12-22,498.5
2021-12-23,500.70001220703125
2021-12-27,501.1000061035156
2021-12-28,500.29998779296875
2021-12-29,496.5
2021-12-30,499.54998779296875
2022-01-03,498.0
2022-01-04,500.79998779296875
2022-01-05,503.79998779296875
2022-01-06,496.8999938964844
2022-01-07,497.29998779296875
2022-01-10,501.20001220703125
2022-01-11,505.79998779296875
2022-01-12,503.20001220703125
2022-01-13,498.5
2022-01-14,500.70001220703125
2022-01-17,501.6000061035156
2022-01-18,500.5
2022-01-19,507.79998779296875
2022-01-20,509.0
2022-01-21,505.0
2022-01-24,506.0
2022-01-25,512.5
2022-01-26,509.20001220703125
2022-01-27,504.0
2022-01-28,501.3999938964844
2022-01-31,504.0
2022-02-01,502.79998779296875
2022-02-02,501.1000061035156
2022-02-03,500.0
2022-02-04,503.6000061035156
2022-02-07,505.70001220703125
2022-02-08,509.8999938964844
2022-02-09,509.20001220703125
2022-02-10,511.70001220703125
2022-02-11,512.0999755859375
2022-02-14,519.9000244140625
2022-02-15,516.7000122070312
2022-02-16,518.7000122070312
2022-02-17,526.4000244140625
2022-02-18,526.5
2022-02-21,523.2999877929688
2022-02-22,527.5
2022-02-23,527.4000244140625
2022-02-24,536.5
2022-02-25,526.9000244140625
2022-02-28,526.5
2022-03-01,534.2999877929688
2022-03-02,532.9000244140625
2022-03-03,535.0
2022-03-04,543.7000122070312
2022-03-07,553.2999877929688
2022-03-08,578.7999877929688
2022-03-09,558.5
2022-03-10,558.9000244140625
2022-03-11,557.2999877929688
2022-03-14,551.4000244140625
2022-03-15,546.0
2022-03-16,541.0
2022-03-17,546.7999877929688
2022-03-18,541.5999755859375
2022-03-21,542.5999755859375
2022-03-22,539.5
2022-03-23,542.0
2022-03-24,551.2000122070312
2022-03-25,548.5
2022-03-28,545.2000122070312
2022-03-29,536.0999755859375
2022-03-30,538.2999877929688
2022-03-31,539.2000122070312
2022-04-01,537.7000122070312
2022-04-04,539.0999755859375
2022-04-05,539.0
2022-04-06,541.5
2022-04-07,544.5999755859375
2022-04-08,547.7000122070312
2022-04-11,547.7999877929688
2022-04-12,553.2000122070312
2022-04-13,557.5999755859375
2022-04-14,557.5999755859375
2022-04-19,559.5999755859375
2022-04-20,557.0
2022-04-21,556.9000244140625
2022-04-22,557.9000244140625
2022-04-25,546.7999877929688
2022-04-26,551.0
2022-04-27,550.5
2022-04-28,552.7000122070312
2022-04-29,558.5
2022-05-02,549.5
2022-05-03,551.5
2022-05-04,553.2000122070312
2022-05-05,558.5999755859375
2022-05-06,559.5999755859375
2022-05-09,557.5999755859375
2022-05-10,553.7000122070312
2022-05-11,552.5
2022-05-12,552.5
2022-05-13,547.0999755859375
2022-05-16,548.0
2022-05-17,544.2000122070312
2022-05-18,540.5
2022-05-19,540.5999755859375
2022-05-20,541.0
2022-05-23,538.2000122070312
2022-05-24,540.0999755859375
2022-05-25,536.0999755859375
2022-05-27,533.5999755859375
2022-05-30,535.5
2022-05-31,531.2000122070312
2022-06-01,535.2999877929688
2022-06-02,540.0
2022-06-03,538.0
2022-06-07,542.5
2022-06-08,546.0999755859375
2022-06-09,543.2000122070312
2022-06-10,552.4000244140625
2022-06-13,548.7999877929688
2022-06-14,547.0999755859375
2022-06-15,550.0
2022-06-16,536.7999877929688
2022-06-17,539.0
2022-06-20,534.9000244140625
2022-06-21,533.7000122070312
2022-06-22,531.4000244140625
2022-06-23,530.0999755859375
2022-06-24,526.0
2022-06-27,523.4000244140625
2022-06-28,523.7999877929688
2022-06-29,521.0999755859375
2022-06-30,520.2000122070312
2022-07-01,523.7999877929688
2022-07-04,522.2999877929688
2022-07-05,514.2999877929688
2022-07-06,507.0
2022-07-07,509.5
2022-07-08,511.8999938964844
2022-07-11,512.0999755859375
2022-07-12,510.29998779296875
2022-07-13,512.4000244140625
2022-07-14,504.70001220703125
2022-07-15,502.20001220703125
2022-07-18,502.29998779296875
2022-07-19,499.04998779296875
2022-07-20,499.3500061035156
2022-07-21,500.0
2022-07-22,500.20001220703125
2022-07-25,498.54998779296875
2022-07-26,497.79998779296875
2022-07-27,497.95001220703125
2022-07-28,504.79998779296875
2022-07-29,505.1000061035156
2022-08-02,510.0
2022-08-03,510.1000061035156
2022-08-04,514.5
2022-08-05,514.2999877929688
2022-08-08,512.0999755859375
2022-08-09,513.7000122070312
2022-08-10,508.29998779296875
2022-08-11,505.0
2022-08-12,509.3999938964844
2022-08-15,505.29998779296875
2022-08-16,507.79998779296875
2022-08-17,505.70001220703125
2022-08-18,505.20001220703125
2022-08-19,503.8999938964844
2022-08-22,503.0
2022-08-23,506.5
2022-08-24,509.6000061035156
2022-08-25,509.3999938964844
2022-08-26,504.29998779296875
2022-08-29,506.79998779296875
2022-08-30,505.6000061035156
2022-08-31,503.70001220703125
2022-09-01,501.1000061035156
2022-09-02,505.0
2022-09-05,505.20001220703125
2022-09-06,505.5
2022-09-07,504.79998779296875
2022-09-08,499.1000061035156
2022-09-09,495.54998779296875
2022-09-12,494.6000061035156
2022-09-13,492.3999938964844
2022-09-14,491.70001220703125
2022-09-15,480.75
2022-09-16,485.04998779296875
2022-09-19,485.04998779296875
2022-09-20,482.29998779296875
2022-09-21,483.8999938964844
2022-09-22,492.3500061035156
2022-09-23,484.95001220703125
2022-09-26,487.6499938964844
2022-09-27,485.5
2022-09-28,486.8500061035156
2022-09-29,487.04998779296875
2022-09-30,494.20001220703125
2022-10-03,505.79998779296875
2022-10-04,510.3999938964844
2022-10-05,507.70001220703125
2022-10-06,510.6000061035156
2022-10-07,509.1000061035156
2022-10-10,502.70001220703125
2022-10-11,503.6000061035156
2022-10-12,501.8999938964844
2022-10-13,499.3999938964844
2022-10-14,498.04998779296875
2022-10-17,498.6000061035156
2022-10-18,495.0
2022-10-19,493.70001220703125
2022-10-20,495.20001220703125
2022-10-21,495.70001220703125
2022-10-24,496.3500061035156
2022-10-25,496.1000061035156
2022-10-26,495.25
2022-10-27,494.54998779296875
2022-10-28,491.8500061035156
2022-10-31,493.70001220703125
2022-11-01,495.20001220703125
2022-11-02,495.20001220703125
2022-11-03,496.1499938964844
2022-11-04,502.0
2022-11-07,500.20001220703125
2022-11-08,507.6000061035156
2022-11-09,506.1000061035156
2022-11-10,508.6000061035156
2022-11-11,502.79998779296875
2022-11-14,502.0
2022-11-15,502.29998779296875
2022-11-16,504.3999938964844
2022-11-17,504.79998779296875
2022-11-18,502.5
2022-11-21,499.3999938964844
2022-11-22,499.04998779296875
2022-11-23,493.75
2022-11-24,498.1000061035156
2022-11-25,497.5
2022-11-28,496.20001220703125
2022-11-29,500.79998779296875
2022-11-30,501.20001220703125
2022-12-01,506.70001220703125
2022-12-02,504.8999938964844
2022-12-05,501.20001220703125
2022-12-06,500.6000061035156
2022-12-07,501.79998779296875
2022-12-08,503.0
2022-12-09,503.8999938964844
2022-12-12,501.0
2022-12-13,503.70001220703125
2022-12-14,502.1000061035156
2022-12-15,496.20001220703125
2022-12-16,501.1000061035156
2022-12-19,499.54998779296875
2022-12-20,505.0
2022-12-21,505.6000061035156
2022-12-22,501.8999938964844
2022-12-23,504.5
2022-12-27,507.79998779296875
2022-12-28,502.0
2022-12-29,503.1000061035156
2022-12-30,504.0
2023-01-03,515.0999755859375
2023-01-04,518.5999755859375
2023-01-05,514.7000122070312
2023-01-06,520.0
2023-01-09,517.0
2023-01-10,518.9000244140625
2023-01-11,522.0
2023-01-12,527.5
2023-01-13,531.7999877929688
2023-01-16,532.2999877929688
2023-01-17,528.2999877929688
2023-01-18,524.2000122070312
2023-01-19,527.9000244140625
2023-01-20,531.5999755859375
2023-01-23,532.2000122070312
2023-01-24,536.0
2023-01-25,533.5
2023-01-26,532.4000244140625
2023-01-27,533.5999755859375
2023-01-30,533.0
2023-01-31,530.2999877929688
2023-02-01,528.7999877929688
2023-02-02,524.4000244140625
2023-02-03,517.2000122070312
2023-02-06,520.2000122070312
2023-02-07,520.0
2023-02-08,517.9000244140625
2023-02-09,516.5999755859375
2023-02-10,515.7000122070312
2023-02-13,511.79998779296875
2023-02-14,511.8999938964844
2023-02-15,508.6000061035156
2023-02-16,508.8999938964844
2023-02-17,511.20001220703125
2023-02-20,509.79998779296875
2023-02-21,511.0
2023-02-22,511.79998779296875
2023-02-23,510.1000061035156
2023-02-24,510.8999938964844
2023-02-27,510.1000061035156
2023-02-28,513.0
2023-03-01,517.2999877929688
2023-03-02,519.0
2023-03-03,519.2000122070312
2023-03-06,517.5
2023-03-07,512.7000122070312
2023-03-08,512.9000244140625
2023-03-09,513.5
2023-03-10,512.0
2023-03-13,520.9000244140625
2023-03-14,522.0
2023-03-15,536.0
2023-03-16,534.2999877929688
2023-03-17,543.7000122070312
2023-03-20,547.2999877929688
2023-03-21,535.2999877929688
2023-03-22,537.5999755859375
2023-03-23,544.4000244140625
2023-03-24,545.5
2023-03-27,536.0999755859375
2023-03-28,540.5
2023-03-29,539.7999877929688
2023-03-30,537.7999877929688
2023-03-31,540.9000244140625
2023-04-03,544.2000122070312
2023-04-04,550.0999755859375
2023-04-05,548.5999755859375
2023-04-06,545.7999877929688
2023-04-11,542.9000244140625
2023-04-12,541.7000122070312
2023-04-13,544.9000244140625
2023-04-14,536.7999877929688
2023-04-17,537.5999755859375
2023-04-18,541.4000244140625
2023-04-19,538.5
2023-04-20,537.7999877929688
2023-04-21,531.2000122070312
2023-04-24,530.5999755859375
2023-04-25,533.5
2023-04-26,535.4000244140625
2023-04-27,534.7000122070312
2023-04-28,533.5999755859375
2023-05-02,539.7999877929688
2023-05-03,539.0999755859375
2023-05-04,545.7999877929688
2023-05-05,539.2000122070312
2023-05-08,541.9000244140625
2023-05-09,542.5999755859375
2023-05-10,541.7999877929688
2023-05-11,542.0
2023-05-12,542.2999877929688
2023-05-15,542.2999877929688
2023-05-16,539.2999877929688
2023-05-17,535.0
2023-05-19,535.0999755859375
2023-05-22,532.2999877929688
2023-05-23,531.9000244140625
2023-05-24,534.2999877929688
2023-05-25,527.7999877929688
2023-05-26,527.2000122070312
2023-05-30,531.0
2023-05-31,540.0
2023-06-01,538.9000244140625
2023-06-02,534.4000244140625
2023-06-05,531.5
2023-06-06,532.9000244140625
2023-06-07,531.2999877929688
2023-06-08,530.7000122070312
2023-06-09,530.5999755859375
2023-06-12,533.0999755859375
2023-06-13,528.7000122070312
2023-06-14,526.5999755859375
2023-06-15,523.5999755859375
2023-06-16,524.5999755859375
2023-06-19,524.5999755859375
2023-06-20,521.0999755859375
2023-06-21,517.0
2023-06-22,513.2999877929688
2023-06-23,517.2000122070312
2023-06-26,515.0999755859375
2023-06-27,513.0
2023-06-28,512.2000122070312
2023-06-29,513.2999877929688
2023-06-30,513.9000244140625
2023-07-03,517.7999877929688
2023-07-04,517.4000244140625
2023-07-05,517.0
2023-07-06,512.7999877929688
2023-07-07,515.4000244140625
2023-07-10,510.8999938964844
2023-07-11,510.0
2023-07-12,508.8999938964844
2023-07-13,504.6000061035156
2023-07-14,505.5
2023-07-17,503.79998779296875
2023-07-18,509.79998779296875
2023-07-19,508.3999938964844
2023-07-20,510.8999938964844
2023-07-21,508.29998779296875
2023-07-24,509.0
2023-07-25,509.20001220703125
2023-07-26,509.29998779296875
2023-07-27,505.6000061035156
2023-07-28,509.79998779296875
2023-07-31,512.5
2023-08-02,509.6000061035156
2023-08-03,507.29998779296875
2023-08-04,506.5
2023-08-07,506.5
2023-08-08,505.5
2023-08-09,503.8999938964844
2023-08-10,501.70001220703125
2023-08-11,503.3999938964844
2023-08-14,502.0
2023-08-15,500.6000061035156
2023-08-16,500.70001220703125
2023-08-17,498.8500061035156
2023-08-18,499.8999938964844
2023-08-21,497.5
2023-08-22,499.79998779296875
2023-08-23,504.29998779296875
2023-08-24,507.1000061035156
2023-08-25,506.0
2023-08-28,507.29998779296875
2023-08-29,509.70001220703125
2023-08-30,510.70001220703125
2023-08-31,514.5
2023-09-01,514.2000122070312
2023-09-04,513.5
2023-09-05,513.0999755859375
2023-09-06,512.0
2023-09-07,513.0999755859375
2023-09-08,513.0999755859375
2023-09-11,512.7999877929688
2023-09-12,510.0
2023-09-13,510.1000061035156
2023-09-14,511.0
2023-09-15,517.4000244140625
2023-09-18,516.9000244140625
2023-09-19,519.2999877929688
2023-09-20,520.2000122070312
2023-09-21,518.9000244140625
2023-09-22,522.5
2023-09-25,523.4000244140625
2023-09-26,520.0
2023-09-27,517.5
2023-09-28,510.5
2023-09-29,507.70001220703125
2023-10-02,502.70001220703125
2023-10-03,503.5
2023-10-04,499.6000061035156
2023-10-05,496.3999938964844
2023-10-06,498.45001220703125
2023-10-09,503.1000061035156
2023-10-10,502.70001220703125
2023-10-11,506.0
2023-10-12,508.5
2023-10-13,520.7000122070312
2023-10-16,518.5
2023-10-17,519.2999877929688
2023-10-18,524.2000122070312
2023-10-19,525.5
2023-10-20,533.2000122070312
2023-10-23,529.5
2023-10-24,526.5
2023-10-25,529.0999755859375
2023-10-26,533.4000244140625
2023-10-27,536.0
2023-10-30,540.4000244140625
2023-10-31,542.4000244140625
2023-11-01,540.0
2023-11-02,539.0
2023-11-03,536.2999877929688
2023-11-06,533.0
2023-11-07,530.2999877929688
2023-11-08,526.0
2023-11-09,529.0999755859375
2023-11-10,525.0
2023-11-13,524.4000244140625
2023-11-14,523.5
2023-11-15,521.0
2023-11-16,528.0
2023-11-17,526.2000122070312
2023-11-20,522.5
2023-11-21,528.2000122070312
2023-11-22,528.2999877929688
2023-11-23,526.7000122070312
2023-11-24,528.0999755859375
2023-11-27,530.0
2023-11-28,535.0
2023-11-29,534.0
2023-11-30,531.5999755859375
2023-12-01,535.5999755859375
2023-12-04,528.7000122070312
2023-12-05,527.7999877929688
2023-12-06,529.2000122070312
2023-12-07,531.2999877929688
2023-12-08,527.5999755859375
2023-12-11,521.2999877929688
2023-12-12,519.4000244140625
2023-12-13,519.5999755859375
2023-12-14,527.2000122070312
2023-12-15,528.4000244140625
2023-12-18,524.5999755859375
2023-12-19,524.7000122070312
2023-12-20,523.2000122070312
2023-12-21,524.0999755859375
2023-12-22,526.7000122070312
2023-12-27,523.7999877929688
2023-12-28,520.7000122070312
2023-12-29,519.4000244140625
2024-01-03,518.2999877929688
2024-01-04,519.5
2024-01-05,519.5
2024-01-08,514.5
2024-01-09,516.2999877929688
2024-01-10,515.9000244140625
2024-01-11,516.4000244140625
2024-01-12,523.0
2024-01-15,524.7000122070312
2024-01-16,523.5
2024-01-17,521.4000244140625
2024-01-18,523.4000244140625
2024-01-19,526.5999755859375
2024-01-22,525.5999755859375
2024-01-23,527.7000122070312
2024-01-24,519.7000122070312
2024-01-25,524.2000122070312
2024-01-26,520.5999755859375
2024-01-29,523.2999877929688
2024-01-30,524.5
2024-01-31,527.0
2024-02-01,528.2000122070312
2024-02-02,526.0
2024-02-05,526.2000122070312
2024-02-06,529.7999877929688
2024-02-07,531.7000122070312
2024-02-08,529.9000244140625
2024-02-09,528.4000244140625
2024-02-12,527.0999755859375
2024-02-13,528.7999877929688
2024-02-14,526.7000122070312
2024-02-15,526.5
2024-02-16,528.2000122070312
2024-02-19,530.7999877929688
2024-02-20,533.0
2024-02-21,532.2000122070312
2024-02-22,532.2000122070312
2024-02-23,535.0999755859375
2024-02-26,532.7000122070312
2024-02-27,533.7999877929688
2024-02-28,534.0999755859375
2024-02-29,538.4000244140625
2024-03-01,548.5999755859375
2024-03-04,558.4000244140625
2024-03-05,560.5999755859375
2024-03-06,565.2000122070312
2024-03-07,564.7999877929688
2024-03-08,568.7999877929688
2024-03-11,571.7000122070312
2024-03-12,566.9000244140625
2024-03-13,568.7000122070312
2024-03-14,568.9000244140625
2024-03-15,569.5999755859375
2024-03-18,570.4000244140625
2024-03-19,570.2999877929688
2024-03-20,572.7999877929688
2024-03-21,583.2000122070312
2024-03-22,579.5999755859375
2024-03-25,583.0999755859375
2024-03-26,586.4000244140625
2024-03-27,591.5999755859375
2024-03-28,595.9000244140625
2024-04-02,608.7999877929688
2024-04-03,616.0
2024-04-04,618.5
2024-04-05,623.7999877929688
2024-04-08,627.9000244140625
2024-04-09,631.5999755859375
2024-04-10,636.5
2024-04-11,635.0999755859375
2024-04-12,650.4000244140625
2024-04-15,638.4000244140625
2024-04-16,646.9000244140625
2024-04-17,648.2000122070312
2024-04-18,647.0
2024-04-19,648.2999877929688
2024-04-22,634.9000244140625
2024-04-23,630.5999755859375
2024-04-24,635.5999755859375
2024-04-25,633.4000244140625
2024-04-26,635.2999877929688
2024-04-29,634.2000122070312
2024-04-30,627.5
2024-05-02,625.9000244140625
2024-05-03,618.7999877929688
2024-05-06,626.5999755859375
2024-05-07,625.0
2024-05-08,628.5
2024-05-10,639.7999877929688
2024-05-13,631.2999877929688
2024-05-14,636.5
2024-05-15,641.9000244140625
2024-05-16,643.0
2024-05-17,652.2999877929688
2024-05-21,659.5
2024-05-22,650.9000244140625
2024-05-23,639.0999755859375
2024-05-24,638.2000122070312
2024-05-27,641.4000244140625
2024-05-28,641.0
2024-05-29,637.0999755859375
2024-05-30,631.7000122070312
2024-05-31,627.5999755859375
2024-06-03,625.5
2024-06-04,617.5
2024-06-05,627.2999877929688
2024-06-06,631.4000244140625
2024-06-07,617.5
2024-06-10,616.0999755859375
2024-06-11,620.4000244140625
2024-06-12,618.4000244140625
2024-06-13,615.7000122070312
2024-06-14,618.7000122070312
2024-06-17,614.9000244140625
2024-06-18,613.2999877929688
2024-06-19,613.5
2024-06-20,625.4000244140625
2024-06-21,620.4000244140625
2024-06-24,621.4000244140625
2024-06-25,618.7999877929688
2024-06-26,615.7999877929688
2024-06-27,622.9000244140625
2024-06-28,623.9000244140625
2024-07-01,627.7999877929688
2024-07-02,627.4000244140625
2024-07-03,634.0
2024-07-04,632.5999755859375
2024-07-05,638.7999877929688
2024-07-08,632.9000244140625
2024-07-09,629.9000244140625
2024-07-10,637.2999877929688
2024-07-11,645.5999755859375
2024-07-12,643.0999755859375
2024-07-15,650.5999755859375
2024-07-16,657.5999755859375
2024-07-17,649.9000244140625
2024-07-18,650.7000122070312
2024-07-19,637.0999755859375
2024-07-22,632.4000244140625
2024-07-23,639.2999877929688
2024-07-24,639.7999877929688
2024-07-25,620.5999755859375
2024-07-26,627.9000244140625
2024-07-29,628.0
2024-07-30,630.4000244140625
2024-07-31,635.4000244140625
2024-08-02,620.7000122070312
2024-08-05,611.0999755859375
2024-08-06,605.9000244140625
2024-08-07,618.5999755859375
2024-08-08,623.9000244140625
2024-08-09,626.4000244140625
2024-08-12,635.7999877929688
2024-08-13,636.5999755859375
2024-08-14,630.7000122070312
2024-08-15,638.0999755859375
2024-08-16,645.0
2024-08-19,645.5
2024-08-20,642.9000244140625
2024-08-21,637.5
2024-08-22,629.5999755859375
2024-08-23,636.5
2024-08-26,635.5
2024-08-27,632.9000244140625
2024-08-28,629.4000244140625
2024-08-29,638.4000244140625
2024-08-30,634.0
2024-09-02,634.9000244140625
2024-09-03,629.7000122070312
2024-09-04,631.9000244140625
2024-09-05,633.2000122070312
2024-09-06,631.0
2024-09-09,630.0
2024-09-10,634.7000122070312
2024-09-11,636.4000244140625
2024-09-12,649.7000122070312
2024-09-13,651.9000244140625
2024-09-16,650.5
2024-09-17,648.5
2024-09-18,649.0
2024-09-19,653.5999755859375
2024-09-20,664.0999755859375
2024-09-23,664.9000244140625
2024-09-24,667.7000122070312
2024-09-25,673.2999877929688
2024-09-26,674.7000122070312
2024-09-27,666.0
2024-09-30,662.5
2024-10-01,671.5999755859375
2024-10-02,670.4000244140625
2024-10-03,673.5999755859375
2024-10-04,680.4000244140625
2024-10-07,674.7000122070312
2024-10-08,666.9000244140625
2024-10-09,669.5
2024-10-10,668.9000244140625
2024-10-11,678.0999755859375
2024-10-14,680.5999755859375
2024-10-15,683.9000244140625
2024-10-16,688.7000122070312
2024-10-17,694.2000122070312
2024-10-18,700.2000122070312
2024-10-21,701.4000244140625
2024-10-22,706.9000244140625
2024-10-23,700.7999877929688
2024-10-24,704.2999877929688
2024-10-25,706.9000244140625
2024-10-28,706.9000244140625
2024-10-29,715.5
2024-10-30,717.9000244140625
2024-10-31,704.5999755859375
2024-11-01,710.5
2024-11-04,703.0999755859375
2024-11-05,703.5
2024-11-06,695.2000122070312
2024-11-07,698.9000244140625
2024-11-08,698.7999877929688
2024-11-11,684.9000244140625
2024-11-12,682.5
2024-11-13,681.2999877929688
2024-11-14,680.4000244140625
2024-11-15,678.9000244140625
2024-11-18,688.7999877929688
2024-11-19,689.2000122070312
2024-11-20,698.2999877929688
2024-11-21,703.5999755859375
2024-11-22,719.9000244140625
2024-11-25,695.5
2024-11-26,695.0
2024-11-27,692.7000122070312
2024-11-28,694.7000122070312
2024-11-29,699.2000122070312
2024-12-02,697.9000244140625
2024-12-03,697.5999755859375
2024-12-04,697.7000122070312
2024-12-05,691.0
2024-12-06,689.9000244140625
2024-12-09,696.2999877929688
2024-12-10,705.9000244140625
2024-12-11,713.5999755859375
2024-12-12,708.7999877929688
2024-12-13,708.5999755859375
2024-12-16,705.2000122070312
2024-12-17,702.5999755859375
2024-12-18,701.4000244140625
2024-12-19,692.9000244140625
2024-12-20,698.5
2024-12-23,700.0
2024-12-27,702.7999877929688
2024-12-30,701.4000244140625
2025-01-03,715.7000122070312
2025-01-06,710.7000122070312
2025-01-07,716.5999755859375
2025-01-08,723.0999755859375
2025-01-09,724.5999755859375
2025-01-10,733.2999877929688
2025-01-13,729.2999877929688
2025-01-14,725.7000122070312
2025-01-15,729.0999755859375
2025-01-16,737.2000122070312
2025-01-17,738.7000122070312
2025-01-20,731.4000244140625
2025-01-21,740.2000122070312
2025-01-22,744.4000244140625
2025-01-23,743.5999755859375
2025-01-24,746.9000244140625
2025-01-27,733.5999755859375
2025-01-28,741.5999755859375
2025-01-29,743.0999755859375
2025-01-30,753.5
2025-01-31,759.2999877929688
2025-02-03,765.9000244140625
2025-02-04,763.7000122070312
2025-02-05,768.0
2025-02-06,766.7000122070312
2025-02-07,775.2999877929688
2025-02-10,786.2000122070312
2025-02-11,787.7000122070312
2025-02-12,787.0999755859375
2025-02-13,784.9000244140625
2025-02-14,773.0999755859375
2025-02-17,776.9000244140625
2025-02-18,786.5
2025-02-19,788.2000122070312
2025-02-20,787.9000244140625
2025-02-21,785.2000122070312
2025-02-24,785.5
2025-02-25,769.4000244140625
2025-02-26,773.9000244140625
2025-02-27,768.2999877929688
2025-02-28,763.5
2025-03-03,772.2000122070312
2025-03-04,770.2999877929688
2025-03-05,773.9000244140625
2025-03-06,768.0
2025-03-07,762.7999877929688
2025-03-10,761.0999755859375
2025-03-11,764.5
2025-03-12,771.7000122070312
2025-03-13,784.9000244140625
2025-03-14,786.5
2025-03-17,785.5
2025-03-18,791.9000244140625
2025-03-19,794.5
2025-03-20,796.4000244140625
2025-03-21,791.9000244140625
2025-03-24,790.5
2025-03-25,792.0
2025-03-26,792.4000244140625
2025-03-27,800.0
2025-03-28,806.2999877929688
2025-03-31,818.4000244140625
2025-04-01,819.0999755859375
2025-04-02,818.0999755859375
2025-04-03,793.7000122070312
2025-04-04,768.5999755859375
2025-04-07,760.2999877929688
2025-04-08,765.0999755859375
2025-04-09,771.7000122070312
2025-04-10,779.7000122070312
2025-04-11,785.0
2025-04-14,776.5
2025-04-15,785.2999877929688
2025-04-16,804.0
2025-04-17,802.5999755859375
2025-04-22,825.0999755859375
2025-04-23,803.7999877929688
2025-04-24,817.0999755859375
2025-04-25,806.9000244140625
2025-04-28,815.5999755859375
2025-04-29,809.9000244140625
2025-04-30,809.4000244140625
2025-05-02,795.2000122070312
2025-05-05,809.0999755859375
2025-05-06,832.0
2025-05-07,825.7999877929688
2025-05-08,820.5
2025-05-09,822.5
2025-05-12,809.0999755859375
2025-05-13,810.7000122070312
2025-05-14,794.2999877929688
2025-05-15,799.5
2025-05-16,792.4000244140625
2025-05-19,799.7999877929688
2025-05-20,809.7999877929688
2025-05-21,811.7999877929688
2025-05-22,810.5999755859375
2025-05-23,820.2999877929688
2025-05-26,813.9000244140625
2025-05-27,809.5999755859375
2025-05-28,810.5999755859375
2025-05-30,804.7000122070312
2025-06-02,819.2999877929688
2025-06-03,819.7000122070312
2025-06-04,820.5
2025-06-05,817.9000244140625
2025-06-06,814.7000122070312
2025-06-10,813.0999755859375
2025-06-11,813.2000122070312
2025-06-12,818.7999877929688
2025-06-13,825.0
2025-06-16,820.4000244140625
2025-06-17,818.0
2025-06-18,823.0999755859375
2025-06-19,819.5
2025-06-20,817.5999755859375
2025-06-23,817.5999755859375
2025-06-24,791.2000122070312
2025-06-25,796.2999877929688
2025-06-26,790.2000122070312
2025-06-27,777.2000122070312
2025-06-30,777.0999755859375
2025-07-01,786.5
2025-07-02,788.5999755859375
2025-07-03,786.7000122070312
2025-07-04,785.7000122070312
2025-07-07,786.5999755859375
2025-07-08,781.0
2025-07-09,782.5
2025-07-10,786.9000244140625
2025-07-11,796.0999755859375
2025-07-14,792.9000244140625
2025-07-15,793.2000122070312
2025-07-16,798.7000122070312
2025-07-17,798.0
2025-07-18,797.2000122070312
2025-07-21,805.5999755859375
2025-07-22,807.5999755859375
2025-07-23,804.7000122070312
2025-07-24,796.4000244140625
2025-07-25,787.5
2025-07-28,789.4000244140625
2025-07-29,796.7000122070312
2025-07-30,791.7999877929688
2025-07-31,794.2000122070312
2025-08-04,810.0
2025-08-05,811.2000122070312
2025-08-06,808.7000122070312
2025-08-07,812.7999877929688
2025-08-08,813.9000244140625
2025-08-11,808.7000122070312
2025-08-12,804.5
2025-08-13,801.5999755859375
2025-08-14,800.9000244140625
2025-08-15,799.9000244140625
2025-08-18,799.0999755859375
2025-08-19,796.5
2025-08-20,798.0
2025-08-21,801.5999755859375
2025-08-22,803.5999755859375
2025-08-25,805.2000122070312
2025-08-26,807.5
2025-08-27,808.2000122070312
2025-08-28,811.9000244140625
2025-08-29,818.5999755859375
2025-09-01,827.7999877929688
2025-09-02,838.2999877929688
2025-09-03,850.2000122070312
2025-09-04,849.0
2025-09-05,849.4000244140625
2025-09-08,856.2999877929688
2025-09-09,859.9000244140625
2025-09-10,863.7000122070312
2025-09-11,859.5999755859375
2025-09-12,863.7000122070312
2025-09-15,865.5
2025-09-16,861.0999755859375
2025-09-17,861.5
2025-09-18,856.0999755859375
2025-09-19,866.5999755859375
2025-09-22,879.2999877929688
2025-09-23,889.7000122070312
2025-09-24,885.5999755859375
2025-09-25,887.4000244140625
2025-09-26,895.7999877929688
2025-09-29,905.7999877929688
2025-09-30,909.0999755859375
2025-10-01,915.0
2025-10-02,907.7000122070312
2025-10-03,917.5
2025-10-06,933.0999755859375
2025-10-07,942.9000244140625
2025-10-08,962.2000122070312
2025-10-09,960.5
2025-10-10,954.7000122070312
2025-10-13,978.7000122070312
2025-10-14,986.2000122070312
2025-10-15,992.0
2025-10-16,1008.2000122070312
2025-10-17,1000.5999755859375
2025-10-20,1020.5999755859375
2025-10-21,974.0
2025-10-22,951.2000122070312
2025-10-23,976.2000122070312
2025-10-24,968.780029296875
2025-10-27,940.0999755859375
2025-10-28,930.5999755859375
2025-10-29,943.0999755859375
2025-10-30,949.7000122070312
2025-10-31,948.7000122070312
2025-11-03,957.2000122070312
2025-11-04,952.0
2025-11-05,956.7999877929688
2025-11-06,953.5999755859375
2025-11-07,958.4000244140625
2025-11-10,978.2000122070312
2025-11-11,975.0999755859375
2025-11-12,991.0999755859375
2025-11-13,988.7000122070312
2025-11-14,964.4000244140625
2025-11-17,960.2999877929688
2025-11-18,962.5
2025-11-19,971.7000122070312
2025-11-20,971.5999755859375
2025-11-21,976.5
2025-11-24,981.7999877929688
2025-11-25,989.4000244140625
2025-11-26,993.5
2025-11-27,990.7000122070312
2025-11-28,1003.2000122070312
2025-12-01,1008.0
2025-12-02,998.5999755859375
2025-12-03,1000.5999755859375
2025-12-04,1002.2000122070312
2025-12-05,1005.4000244140625
2025-12-08,1003.7999877929688
2025-12-09,1005.7999877929688
2025-12-10,998.2000122070312
2025-12-11,1000.5999755859375
2025-12-12,1008.2000122070312
2025-12-15,1012.5999755859375
2025-12-16,1011.0
2025-12-17,1016.7999877929688
2025-12-18,1026.0
2025-12-19,1023.7999877929688
2025-12-22,1040.4000244140625
2025-12-23,1042.800048828125
2025-12-29,1014.4000244140625
2025-12-30,1021.2000122070312
2026-01-05,1043.0
2026-01-06,1057.199951171875
2026-01-07,1053.4000244140625
2026-01-08,1057.0
2026-01-09,1069.4000244140625
2026-01-12,1090.5999755859375
2026-01-13,1092.199951171875
2026-01-14,1093.4000244140625
2026-01-15,1098.199951171875
2026-01-16,1092.800048828125
2026-01-19,1103.0
2026-01-20,1111.4000244140625
2026-01-21,1139.0
2026-01-22,1142.4000244140625
2026-01-23,1163.800048828125
2026-01-26,1166.199951171875
2026-01-27,1156.199951171875
2026-01-28,1205.800048828125
2026-01-29,1195.4000244140625
2026-01-30,1139.0
2026-02-02,1078.5999755859375
2026-02-03,1143.800048828125
2026-02-04,1133.4000244140625
2026-02-05,1117.0
2026-02-06,1135.0
2026-02-09,1154.5999755859375
2026-02-10,1139.5999755859375
2026-02-11,1156.5999755859375
2026-02-12,1113.199951171875
2026-02-13,1142.4000244140625
2026-02-16,1136.0
2026-02-17,1115.199951171875
2026-02-18,1142.5999755859375
2026-02-19,1148.800048828125
2026-02-20,1163.199951171875
2026-02-23,1195.5999755859375
2026-02-24,1178.800048828125
2026-02-25,1191.4000244140625
2026-02-26,1187.4000244140625
2026-02-27,1192.0
2026-03-02,1229.0
2026-03-03,1187.5999755859375
2026-03-04,1190.0
2026-03-05,1172.5999755859375
2026-03-06,1185.4000244140625
2026-03-09,1177.199951171875
2026-03-10,1201.800048828125
2026-03-11,1195.0
2026-03-12,1192.199951171875
2026-03-13,1181.0
2026-03-16,1163.0
2026-03-17,1163.800048828125
2026-03-18,1139.5999755859375
2026-03-19,1074.4000244140625
2026-03-20,1071.800048828125
2026-03-23,1021.2000122070312
2026-03-24,1033.800048828125
2026-03-25,1067.4000244140625
2026-03-26,1032.199951171875
2026-03-27,1065.4000244140625
2026-03-30,1073.199951171875
2026-03-31,1096.800048828125
2026-04-01,1124.800048828125
2026-04-02,1105.199951171875
2026-04-07,1101.4000244140625
2026-04-08,1111.199951171875
2026-04-09,1120.4000244140625
2026-04-10,1116.800048828125
2026-04-13,1098.5999755859375
2026-04-14,1113.0
2026-04-15,1111.4000244140625
2026-04-16,1116.0
2026-04-17,1124.0
2026-04-20,1108.199951171875
2026-04-21,1095.5999755859375
2026-04-22,1097.0
2026-04-23,1099.5999755859375
2026-04-24,1099.0
2026-04-27,1086.5999755859375
2026-04-28,1068.0
2026-04-29,1063.0
2026-04-30,1069.5999755859375
2026-05-04,1051.5999755859375
2026-05-05,1058.4000244140625
2026-05-06,1082.199951171875
2026-05-07,1089.199951171875
2026-05-08,1082.5999755859375
2026-05-11,1086.199951171875
2026-05-12,1072.800048828125
2026-05-13,1085.199951171875
2026-05-15,1057.0
2026-05-18,1053.0
2026-05-19,1050.4000244140625
2026-05-20,1053.800048828125
2026-05-21,1050.800048828125
2026-05-22,1048.5999755859375
2026-05-26,1047.199951171875
2026-05-27,1030.4000244140625
2026-05-28,1037.4000244140625
2026-05-29,1057.5999755859375
2026-06-01,1040.4000244140625
2026-06-02,1046.5999755859375
2026-06-03,1037.5999755859375
2026-06-04,1041.199951171875
2026-06-05,1020.2000122070312
2026-06-08,1020.2000122070312
2026-06-09,1007.2000122070312
2026-06-10,974.0999755859375
2026-06-11,965.0
2026-06-12,995.0
2026-06-15,1020.7999877929688
2026-06-16,1013.4000244140625
2026-06-17,1021.0
2026-06-18,1004.2000122070312
2026-06-19,990.2000122070312
2026-06-22,998.5999755859375
2026-06-23,987.4000244140625
2026-06-24,960.7000122070312
2026-06-25,962.9000244140625
2026-06-26,976.2000122070312
2026-06-29,960.5999755859375
2026-06-30,964.5999755859375
2026-07-01,955.4000244140625
